,Data,Reuniao,Media,Mediana,DesvioPadrao,Minimo,Maximo,numeroRespondentes,baseCalculo
11999,2025-03-12,R2/2025,14.25,14.25,0.0308,14.0,14.5,132,0
11969,2025-03-12,R1/2027,12.4587,12.5,1.3375,9.5,15.25,91,0
11971,2025-03-12,R8/2026,12.5949,12.5,1.2865,10.0,15.25,128,0
11973,2025-03-12,R7/2026,12.7887,12.75,1.2739,10.0,15.25,124,0
11975,2025-03-12,R6/2026,13.0065,13.0,1.2602,10.0,15.5,124,0
11977,2025-03-12,R5/2026,13.2899,13.25,1.2033,10.5,15.75,124,0
11979,2025-03-12,R4/2026,13.6244,13.5,1.1181,11.0,16.25,124,0
11981,2025-03-12,R3/2026,13.9695,14.0,0.9799,11.25,16.25,125,0
11997,2025-03-12,R3/2025,14.7936,14.75,0.1884,14.0,15.25,132,0
11985,2025-03-12,R1/2026,14.7078,14.75,0.6462,12.25,16.25,125,0
11987,2025-03-12,R8/2025,14.9732,15.0,0.5031,12.75,16.25,135,0
11989,2025-03-12,R7/2025,15.0417,15.0,0.4199,13.25,16.25,132,0
11991,2025-03-12,R6/2025,15.0678,15.0,0.369,13.5,16.25,132,0
11993,2025-03-12,R5/2025,15.0713,15.0,0.3371,13.75,15.75,132,0
11995,2025-03-12,R4/2025,15.0606,15.0,0.3001,14.0,15.75,132,0
11983,2025-03-12,R2/2026,14.351,14.5,0.8074,11.75,16.25,125,0
11937,2025-03-13,R1/2027,12.4916,12.5,1.3504,9.5,15.25,91,0
11939,2025-03-13,R8/2026,12.6301,12.5,1.2948,10.0,15.25,128,0
11941,2025-03-13,R7/2026,12.8149,12.75,1.2829,10.0,15.25,124,0
11943,2025-03-13,R6/2026,13.0247,13.0,1.267,10.0,15.5,124,0
11945,2025-03-13,R5/2026,13.3081,13.25,1.2036,10.5,15.75,124,0
11947,2025-03-13,R4/2026,13.6345,13.5,1.1185,11.0,16.25,124,0
11949,2025-03-13,R3/2026,13.9775,14.0,0.9775,11.25,16.25,125,0
11951,2025-03-13,R2/2026,14.355,14.5,0.8013,11.75,16.25,125,0
11953,2025-03-13,R1/2026,14.7058,14.75,0.6418,12.25,16.25,125,0
11955,2025-03-13,R8/2025,14.9769,15.0,0.5032,12.75,16.25,135,0
11957,2025-03-13,R7/2025,15.0436,15.0,0.4214,13.25,16.25,132,0
11959,2025-03-13,R6/2025,15.0716,15.0,0.3683,13.5,16.25,132,0
11961,2025-03-13,R5/2025,15.0751,15.0,0.3362,13.75,15.75,132,0
11963,2025-03-13,R4/2025,15.0644,15.0,0.2993,14.0,15.75,132,0
11965,2025-03-13,R3/2025,14.7936,14.75,0.1884,14.0,15.25,132,0
11967,2025-03-13,R2/2025,14.25,14.25,0.0308,14.0,14.5,132,0
11905,2025-03-14,R1/2027,12.5093,12.5,1.3013,9.5,15.25,106,0
11907,2025-03-14,R8/2026,12.6233,12.5,1.2768,10.0,15.25,135,0
11909,2025-03-14,R7/2026,12.7924,12.75,1.2668,10.0,15.25,131,0
11911,2025-03-14,R6/2026,12.9852,13.0,1.2459,10.0,15.5,131,0
11913,2025-03-14,R5/2026,13.2553,13.0,1.1743,10.5,15.75,131,0
11915,2025-03-14,R4/2026,13.5796,13.5,1.0815,11.0,16.25,131,0
11917,2025-03-14,R3/2026,13.9465,14.0,0.9209,11.5,16.25,132,0
11935,2025-03-14,R2/2025,14.25,14.25,0.0,14.25,14.25,141,0
11921,2025-03-14,R1/2026,14.7006,14.75,0.6017,12.5,16.25,132,0
11923,2025-03-14,R8/2025,14.9749,15.0,0.4708,13.0,16.25,144,0
11925,2025-03-14,R7/2025,15.0426,15.0,0.3938,13.25,16.25,141,0
11927,2025-03-14,R6/2025,15.0764,15.0,0.3479,13.5,16.25,140,0
11929,2025-03-14,R5/2025,15.0738,15.0,0.3278,13.75,15.75,141,0
11931,2025-03-14,R4/2025,15.0603,15.0,0.287,14.0,15.5,141,0
11933,2025-03-14,R3/2025,14.7961,14.75,0.1801,14.25,15.25,141,0
11919,2025-03-14,R2/2026,14.3342,14.5,0.7641,12.0,16.25,132,0
11883,2025-03-17,R4/2026,13.5745,13.5,1.0841,11.0,16.25,130,0
11873,2025-03-17,R1/2027,12.5023,12.5,1.3055,9.5,15.25,105,0
11875,2025-03-17,R8/2026,12.6187,12.5,1.2804,10.0,15.25,134,0
11877,2025-03-17,R7/2026,12.7869,12.75,1.2702,10.0,15.25,130,0
11879,2025-03-17,R6/2026,12.9793,13.0,1.2489,10.0,15.5,130,0
11881,2025-03-17,R5/2026,13.2496,13.0,1.177,10.5,15.75,130,0
11885,2025-03-17,R3/2026,13.9423,14.0,0.9231,11.5,16.25,131,0
11887,2025-03-17,R2/2026,14.3311,14.5,0.7662,12.0,16.25,131,0
11889,2025-03-17,R1/2026,14.6983,14.75,0.6034,12.5,16.25,131,0
11891,2025-03-17,R8/2025,14.9763,15.0,0.4737,13.0,16.25,142,0
11893,2025-03-17,R7/2025,15.0432,15.0,0.3966,13.25,16.25,139,0
11895,2025-03-17,R6/2025,15.0775,15.0,0.3503,13.5,16.25,138,0
11897,2025-03-17,R5/2025,15.0749,15.0,0.33,13.75,15.75,139,0
11899,2025-03-17,R4/2025,15.0612,15.0,0.2889,14.0,15.5,139,0
11901,2025-03-17,R3/2025,14.7968,14.75,0.1813,14.25,15.25,139,0
11903,2025-03-17,R2/2025,14.25,14.25,0.0,14.25,14.25,139,0
11843,2025-03-18,R8/2026,12.6085,12.5,1.281,10.0,15.25,135,0
11845,2025-03-18,R7/2026,12.7752,12.75,1.2724,10.0,15.25,131,0
11847,2025-03-18,R6/2026,12.9661,13.0,1.2532,10.0,15.5,131,0
11849,2025-03-18,R5/2026,13.2363,13.0,1.1824,10.5,15.75,131,0
11851,2025-03-18,R4/2026,13.5624,13.5,1.0886,11.0,16.25,131,0
11853,2025-03-18,R3/2026,13.9333,14.0,0.9254,11.5,16.25,132,0
11855,2025-03-18,R2/2026,14.3267,14.5,0.7649,12.0,16.25,132,0
11841,2025-03-18,R1/2027,12.4836,12.5,1.3008,9.5,15.25,107,0
11859,2025-03-18,R8/2025,14.9747,15.0,0.4725,13.0,16.25,143,0
11861,2025-03-18,R7/2025,15.0411,15.0,0.396,13.25,16.25,140,0
11863,2025-03-18,R6/2025,15.0752,15.0,0.3501,13.5,16.25,139,0
11865,2025-03-18,R5/2025,15.0726,15.0,0.33,13.75,15.75,140,0
11867,2025-03-18,R4/2025,15.0589,15.0,0.2891,14.0,15.5,140,0
11869,2025-03-18,R3/2025,14.7964,14.75,0.1807,14.25,15.25,140,0
11871,2025-03-18,R2/2025,14.2464,14.25,0.0421,13.75,14.25,140,0
11857,2025-03-18,R1/2026,14.6987,14.75,0.6011,12.5,16.25,132,0
11809,2025-03-19,R1/2027,12.4812,12.5,1.301,9.5,15.25,107,0
11811,2025-03-19,R8/2026,12.6085,12.5,1.281,10.0,15.25,135,0
11813,2025-03-19,R7/2026,12.7752,12.75,1.2724,10.0,15.25,131,0
11815,2025-03-19,R6/2026,12.9661,13.0,1.2532,10.0,15.5,131,0
11817,2025-03-19,R5/2026,13.2363,13.0,1.1824,10.5,15.75,131,0
11819,2025-03-19,R4/2026,13.5624,13.5,1.0886,11.0,16.25,131,0
11821,2025-03-19,R3/2026,13.9333,14.0,0.9254,11.5,16.25,132,0
11825,2025-03-19,R1/2026,14.6987,14.75,0.6011,12.5,16.25,132,0
11827,2025-03-19,R8/2025,14.9747,15.0,0.4725,13.0,16.25,143,0
11829,2025-03-19,R7/2025,15.0411,15.0,0.396,13.25,16.25,140,0
11831,2025-03-19,R6/2025,15.0752,15.0,0.3501,13.5,16.25,139,0
11833,2025-03-19,R5/2025,15.0726,15.0,0.33,13.75,15.75,140,0
11835,2025-03-19,R4/2025,15.0589,15.0,0.2891,14.0,15.5,140,0
11837,2025-03-19,R3/2025,14.7964,14.75,0.1807,14.25,15.25,140,0
11839,2025-03-19,R2/2025,14.2464,14.25,0.0421,13.75,14.25,140,0
11823,2025-03-19,R2/2026,14.3267,14.5,0.7649,12.0,16.25,132,0
11787,2025-03-20,R5/2026,13.24,13.0,1.1853,10.5,15.75,130,0
11779,2025-03-20,R1/2027,12.4763,12.5,1.3043,9.5,15.25,106,0
11781,2025-03-20,R8/2026,12.6205,12.5,1.2764,10.0,15.25,134,0
11783,2025-03-20,R7/2026,12.7831,12.65,1.2692,10.0,15.25,130,0
11785,2025-03-20,R6/2026,12.9755,13.0,1.2519,10.0,15.5,130,0
11789,2025-03-20,R4/2026,13.561,13.5,1.1018,11.0,16.25,130,0
11791,2025-03-20,R3/2026,13.9232,14.0,0.9447,11.5,16.25,131,0
11793,2025-03-20,R2/2026,14.3082,14.5,0.7824,12.0,16.25,131,0
11795,2025-03-20,R1/2026,14.6773,14.75,0.6219,12.5,16.25,131,0
11797,2025-03-20,R8/2025,14.9551,15.0,0.4896,13.0,16.25,142,0
11799,2025-03-20,R7/2025,15.0306,15.0,0.3938,13.25,16.25,139,0
11801,2025-03-20,R6/2025,15.0685,15.0,0.3398,13.5,16.25,138,0
11803,2025-03-20,R5/2025,15.0695,15.0,0.3123,13.75,15.75,139,0
11805,2025-03-20,R4/2025,15.054,15.0,0.2825,14.0,15.5,139,0
11807,2025-03-20,R3/2025,14.795,14.75,0.1703,14.25,15.25,139,0
11745,2025-03-21,R2/2027,12.3278,12.25,1.3487,10.0,15.25,45,0
11747,2025-03-21,R1/2027,12.4226,12.5,1.2871,9.5,15.25,110,0
11749,2025-03-21,R8/2026,12.5673,12.5,1.2606,10.0,15.25,136,0
11751,2025-03-21,R7/2026,12.739,12.5,1.2323,10.0,15.25,132,0
11753,2025-03-21,R6/2026,12.9342,13.0,1.1966,10.5,15.5,132,0
11755,2025-03-21,R5/2026,13.1966,13.0,1.1352,10.5,15.5,132,0
11757,2025-03-21,R4/2026,13.5241,13.5,1.0523,11.0,15.5,132,0
11759,2025-03-21,R3/2026,13.8924,14.0,0.9067,11.75,15.5,133,0
11761,2025-03-21,R2/2026,14.281,14.25,0.7472,12.25,15.5,133,0
11763,2025-03-21,R1/2026,14.651,14.75,0.5858,12.75,15.5,134,0
11765,2025-03-21,R8/2025,14.9301,15.0,0.4515,13.25,15.75,145,0
11767,2025-03-21,R7/2025,15.0088,15.0,0.3401,13.75,15.75,142,0
11769,2025-03-21,R6/2025,15.0528,15.0,0.2737,14.25,15.75,141,0
11771,2025-03-21,R5/2025,15.0557,15.0,0.2651,14.25,15.75,142,0
11773,2025-03-21,R4/2025,15.0405,15.0,0.2511,14.25,15.5,142,0
11775,2025-03-21,R3/2025,14.787,14.75,0.154,14.25,15.25,142,0
11713,2025-03-24,R2/2027,12.3424,12.25,1.3375,10.0,15.25,46,0
11715,2025-03-24,R1/2027,12.4368,12.5,1.2912,9.5,15.25,107,0
11717,2025-03-24,R8/2026,12.5457,12.5,1.2488,10.0,15.25,129,0
11719,2025-03-24,R7/2026,12.7246,12.5,1.2189,10.0,15.25,126,0
11721,2025-03-24,R6/2026,12.9211,13.0,1.1864,10.5,15.5,126,0
11723,2025-03-24,R5/2026,13.1841,13.0,1.1268,10.5,15.5,126,0
11725,2025-03-24,R4/2026,13.5133,13.5,1.0479,11.0,15.5,126,0
11743,2025-03-24,R3/2025,14.7854,14.75,0.1405,14.25,15.25,134,0
11729,2025-03-24,R2/2026,14.2785,14.25,0.7413,12.25,15.5,127,0
11731,2025-03-24,R1/2026,14.6561,14.75,0.5778,12.75,15.5,128,0
11733,2025-03-24,R8/2025,14.9352,15.0,0.446,13.25,15.75,137,0
11735,2025-03-24,R7/2025,15.0149,15.0,0.337,13.75,15.75,134,0
11737,2025-03-24,R6/2025,15.0598,15.0,0.2704,14.25,15.75,133,0
11739,2025-03-24,R5/2025,15.0609,15.0,0.266,14.25,15.75,134,0
11741,2025-03-24,R4/2025,15.0466,15.0,0.2503,14.25,15.5,134,0
11727,2025-03-24,R3/2026,13.8873,14.0,0.9023,11.75,15.5,127,0
11693,2025-03-25,R4/2026,13.5327,13.5,1.0481,11.0,15.5,128,0
11681,2025-03-25,R2/2027,12.375,12.375,1.3241,10.0,15.25,50,0
11683,2025-03-25,R1/2027,12.4472,12.5,1.2807,9.5,15.25,109,0
11685,2025-03-25,R8/2026,12.5565,12.5,1.241,10.0,15.25,131,0
11687,2025-03-25,R7/2026,12.7426,12.525,1.2138,10.0,15.25,128,0
11689,2025-03-25,R6/2026,12.9399,13.0,1.1817,10.5,15.5,128,0
11691,2025-03-25,R5/2026,13.2066,13.0,1.1245,10.5,15.5,128,0
11695,2025-03-25,R3/2026,13.9065,14.0,0.9009,11.75,15.5,129,0
11701,2025-03-25,R8/2025,14.9415,15.0,0.4359,13.25,15.75,139,0
11699,2025-03-25,R1/2026,14.6691,14.75,0.5659,12.75,15.5,130,0
11711,2025-03-25,R3/2025,14.7849,14.75,0.1395,14.25,15.25,136,0
11703,2025-03-25,R7/2025,15.0202,15.0,0.3294,13.75,15.75,136,0
11705,2025-03-25,R6/2025,15.0644,15.0,0.2681,14.25,15.75,135,0
11707,2025-03-25,R5/2025,15.0655,15.0,0.2637,14.25,15.75,136,0
11709,2025-03-25,R4/2025,15.0496,15.0,0.2478,14.25,15.5,136,0
11697,2025-03-25,R2/2026,14.2955,14.25,0.7336,12.25,15.5,129,0
11649,2025-03-26,R2/2027,12.3529,12.25,1.3203,10.0,15.25,51,0
11653,2025-03-26,R8/2026,12.5565,12.5,1.241,10.0,15.25,131,0
11655,2025-03-26,R7/2026,12.7426,12.525,1.2138,10.0,15.25,128,0
11657,2025-03-26,R6/2026,12.9399,13.0,1.1817,10.5,15.5,128,0
11659,2025-03-26,R5/2026,13.2066,13.0,1.1245,10.5,15.5,128,0
11661,2025-03-26,R4/2026,13.5327,13.5,1.0481,11.0,15.5,128,0
11663,2025-03-26,R3/2026,13.9065,14.0,0.9009,11.75,15.5,129,0
11651,2025-03-26,R1/2027,12.4472,12.5,1.2807,9.5,15.25,109,0
11667,2025-03-26,R1/2026,14.6691,14.75,0.5659,12.75,15.5,130,0
11669,2025-03-26,R8/2025,14.9415,15.0,0.4359,13.25,15.75,139,0
11671,2025-03-26,R7/2025,15.0221,15.0,0.3286,13.75,15.75,136,0
11673,2025-03-26,R6/2025,15.0663,15.0,0.2668,14.25,15.75,135,0
11675,2025-03-26,R5/2025,15.0674,15.0,0.2624,14.25,15.75,136,0
11677,2025-03-26,R4/2025,15.0515,15.0,0.2465,14.25,15.5,136,0
11679,2025-03-26,R3/2025,14.7849,14.75,0.1395,14.25,15.25,136,0
11665,2025-03-26,R2/2026,14.2955,14.25,0.7336,12.25,15.5,129,0
11617,2025-03-27,R2/2027,12.4676,12.5,1.3845,10.0,15.5,54,0
11619,2025-03-27,R1/2027,12.4751,12.5,1.3169,9.5,15.5,111,0
11621,2025-03-27,R8/2026,12.5851,12.5,1.2749,10.0,15.5,131,0
11623,2025-03-27,R7/2026,12.7719,12.65,1.2437,10.0,15.5,128,0
11625,2025-03-27,R6/2026,12.9653,13.0,1.2054,10.5,15.5,128,0
11627,2025-03-27,R5/2026,13.2262,13.0001,1.1419,10.5,15.5,128,0
11629,2025-03-27,R4/2026,13.5483,13.5,1.0586,11.0,15.5,128,0
11637,2025-03-27,R8/2025,14.9388,15.0,0.4372,13.25,15.75,137,0
11633,2025-03-27,R2/2026,14.2978,14.375,0.7334,12.25,15.5,128,0
11635,2025-03-27,R1/2026,14.6704,14.75,0.5662,12.75,15.5,129,0
11639,2025-03-27,R7/2025,15.0205,15.0,0.329,13.75,15.75,134,0
11641,2025-03-27,R6/2025,15.0654,15.0,0.2665,14.25,15.75,133,0
11643,2025-03-27,R5/2025,15.0665,15.0,0.262,14.25,15.75,134,0
11645,2025-03-27,R4/2025,15.0522,15.0,0.2483,14.25,15.5,134,0
11647,2025-03-27,R3/2025,14.7836,14.75,0.1393,14.25,15.25,134,0
11631,2025-03-27,R3/2026,13.9097,14.0,0.9042,11.75,15.5,128,0
11593,2025-03-28,R6/2026,13.0158,13.0,1.2372,10.5,15.5,130,0
11591,2025-03-28,R7/2026,12.8177,12.75,1.2704,10.0,15.5,130,0
11595,2025-03-28,R5/2026,13.2804,13.25,1.1734,10.5,15.5,130,0
11587,2025-03-28,R1/2027,12.4977,12.5,1.3503,9.5,15.5,112,0
11585,2025-03-28,R2/2027,12.4735,12.25,1.3968,9.5,15.5,66,0
11589,2025-03-28,R8/2026,12.6177,12.5,1.3058,10.0,15.5,133,0
11597,2025-03-28,R4/2026,13.6033,13.5,1.0815,11.0,15.5,130,0
11613,2025-03-28,R4/2025,15.0657,15.0,0.2403,14.25,15.5,137,0
11601,2025-03-28,R2/2026,14.3605,14.5,0.7493,12.25,15.75,130,0
11603,2025-03-28,R1/2026,14.7174,14.75,0.5748,12.75,15.75,131,0
11605,2025-03-28,R8/2025,14.9651,15.0,0.4312,13.25,15.75,140,0
11607,2025-03-28,R7/2025,15.0438,15.0,0.3294,13.75,15.75,137,0
11609,2025-03-28,R6/2025,15.086,15.0,0.2679,14.25,15.75,136,0
11611,2025-03-28,R5/2025,15.0869,15.0,0.2634,14.25,15.75,137,0
11615,2025-03-28,R3/2025,14.7792,14.75,0.1284,14.25,15.25,137,0
11599,2025-03-28,R3/2026,13.9688,14.0,0.9248,11.75,15.5,130,0
11553,2025-03-31,R2/2027,12.4659,12.25,1.4141,9.0,15.5,66,0
11555,2025-03-31,R1/2027,12.5022,12.5,1.3638,9.0,15.5,111,0
11557,2025-03-31,R8/2026,12.628,12.5,1.3186,9.5,15.5,132,0
11559,2025-03-31,R7/2026,12.8221,12.75,1.2883,10.0,15.5,129,0
11561,2025-03-31,R6/2026,13.0198,13.0,1.2566,10.0,15.5,129,0
11563,2025-03-31,R5/2026,13.2826,13.25,1.192,10.0,15.5,129,0
11565,2025-03-31,R4/2026,13.6022,13.5,1.1011,10.25,15.5,129,0
11567,2025-03-31,R3/2026,13.9666,14.0,0.9307,11.25,15.5,129,0
11569,2025-03-31,R2/2026,14.3575,14.5,0.752,12.25,15.75,129,0
11571,2025-03-31,R1/2026,14.7152,14.75,0.5781,12.75,15.75,130,0
11573,2025-03-31,R8/2025,14.9613,15.0,0.4324,13.25,15.75,139,0
11575,2025-03-31,R7/2025,15.0386,15.0,0.3278,13.75,15.75,136,0
11577,2025-03-31,R6/2025,15.0811,15.0,0.2662,14.25,15.75,135,0
11579,2025-03-31,R5/2025,15.0821,15.0,0.2617,14.25,15.75,136,0
11581,2025-03-31,R4/2025,15.0607,15.0,0.2377,14.25,15.5,136,0
11583,2025-03-31,R3/2025,14.7757,14.75,0.126,14.25,15.25,136,0
11521,2025-04-01,R2/2027,12.4301,12.25,1.4245,9.0,15.5,68,0
11523,2025-04-01,R1/2027,12.4844,12.5,1.3727,9.0,15.5,113,0
11525,2025-04-01,R8/2026,12.6233,12.5,1.3276,9.5,15.5,133,0
11527,2025-04-01,R7/2026,12.8158,12.75,1.2988,10.0,15.5,130,0
11529,2025-04-01,R6/2026,13.0158,13.0,1.2618,10.0,15.5,130,0
11531,2025-04-01,R5/2026,13.2804,13.25,1.1925,10.0,15.5,130,0
11533,2025-04-01,R4/2026,13.5975,13.5,1.1016,10.25,15.5,130,0
11551,2025-04-01,R3/2025,14.7755,14.75,0.1256,14.25,15.25,137,0
11537,2025-04-01,R2/2026,14.349,14.5,0.7579,12.25,15.75,130,0
11539,2025-04-01,R1/2026,14.706,14.75,0.5855,12.75,15.75,131,0
11541,2025-04-01,R8/2025,14.9562,15.0,0.4391,13.25,15.75,140,0
11543,2025-04-01,R7/2025,15.0347,15.0,0.3339,13.75,15.75,137,0
11545,2025-04-01,R6/2025,15.0787,15.0,0.2701,14.25,15.75,136,0
11547,2025-04-01,R5/2025,15.0815,15.0,0.2626,14.25,15.75,137,0
11549,2025-04-01,R4/2025,15.0602,15.0,0.2388,14.25,15.5,137,0
11535,2025-04-01,R3/2026,13.9592,14.0,0.934,11.25,15.5,130,0
11499,2025-04-02,R5/2026,13.2804,13.25,1.1925,10.0,15.5,130,0
11489,2025-04-02,R2/2027,12.4228,12.25,1.4254,9.0,15.5,68,0
11491,2025-04-02,R1/2027,12.48,12.5,1.3734,9.0,15.5,113,0
11493,2025-04-02,R8/2026,12.6233,12.5,1.3276,9.5,15.5,133,0
11495,2025-04-02,R7/2026,12.8158,12.75,1.2988,10.0,15.5,130,0
11497,2025-04-02,R6/2026,13.0158,13.0,1.2618,10.0,15.5,130,0
11501,2025-04-02,R4/2026,13.5975,13.5,1.1016,10.25,15.5,130,0
11503,2025-04-02,R3/2026,13.9592,14.0,0.934,11.25,15.5,130,0
11505,2025-04-02,R2/2026,14.349,14.5,0.7579,12.25,15.75,130,0
11507,2025-04-02,R1/2026,14.706,14.75,0.5855,12.75,15.75,131,0
11509,2025-04-02,R8/2025,14.9562,15.0,0.4391,13.25,15.75,140,0
11511,2025-04-02,R7/2025,15.0347,15.0,0.3339,13.75,15.75,137,0
11513,2025-04-02,R6/2025,15.0787,15.0,0.2701,14.25,15.75,136,0
11515,2025-04-02,R5/2025,15.0815,15.0,0.2626,14.25,15.75,137,0
11517,2025-04-02,R4/2025,15.0602,15.0,0.2388,14.25,15.5,137,0
11519,2025-04-02,R3/2025,14.7755,14.75,0.1256,14.25,15.25,137,0
11457,2025-04-03,R2/2027,12.4228,12.25,1.4254,9.0,15.5,68,0
11459,2025-04-03,R1/2027,12.48,12.5,1.3734,9.0,15.5,113,0
11461,2025-04-03,R8/2026,12.6233,12.5,1.3276,9.5,15.5,133,0
11463,2025-04-03,R7/2026,12.8158,12.75,1.2988,10.0,15.5,130,0
11465,2025-04-03,R6/2026,13.0158,13.0,1.2618,10.0,15.5,130,0
11467,2025-04-03,R5/2026,13.2804,13.25,1.1925,10.0,15.5,130,0
11469,2025-04-03,R4/2026,13.5975,13.5,1.1016,10.25,15.5,130,0
11471,2025-04-03,R3/2026,13.9592,14.0,0.934,11.25,15.5,130,0
11473,2025-04-03,R2/2026,14.349,14.5,0.7579,12.25,15.75,130,0
11475,2025-04-03,R1/2026,14.706,14.75,0.5855,12.75,15.75,131,0
11477,2025-04-03,R8/2025,14.9562,15.0,0.4391,13.25,15.75,140,0
11479,2025-04-03,R7/2025,15.0347,15.0,0.3339,13.75,15.75,137,0
11481,2025-04-03,R6/2025,15.0787,15.0,0.2701,14.25,15.75,136,0
11483,2025-04-03,R5/2025,15.0815,15.0,0.2626,14.25,15.75,137,0
11485,2025-04-03,R4/2025,15.0602,15.0,0.2388,14.25,15.5,137,0
11487,2025-04-03,R3/2025,14.7755,14.75,0.1256,14.25,15.25,137,0
11425,2025-04-04,R2/2027,12.3229,12.25,1.4675,9.0,15.5,72,0
11427,2025-04-04,R1/2027,12.4742,12.5,1.3702,9.0,15.5,113,0
11429,2025-04-04,R8/2026,12.6218,12.5,1.3226,9.5,15.5,133,0
11431,2025-04-04,R7/2026,12.8159,12.75,1.2949,10.0,15.5,130,0
11433,2025-04-04,R6/2026,13.0176,13.0,1.2581,10.0,15.5,130,0
11435,2025-04-04,R5/2026,13.2782,13.25,1.1932,10.0,15.5,130,0
11437,2025-04-04,R4/2026,13.5954,13.5,1.1008,10.25,15.5,130,0
11455,2025-04-04,R3/2025,14.7774,14.75,0.1157,14.25,15.25,137,0
11441,2025-04-04,R2/2026,14.3519,14.5,0.7453,12.25,15.75,130,0
11443,2025-04-04,R1/2026,14.7095,14.75,0.5661,13.25,15.75,131,0
11445,2025-04-04,R8/2025,14.9491,15.0,0.4228,13.75,15.75,140,0
11447,2025-04-04,R7/2025,15.031,15.0,0.3087,14.0,15.75,137,0
11449,2025-04-04,R6/2025,15.0754,15.0,0.2487,14.5,15.75,136,0
11451,2025-04-04,R5/2025,15.0748,15.0,0.2498,14.25,15.75,137,0
11453,2025-04-04,R4/2025,15.0547,15.0,0.2255,14.25,15.5,137,0
11439,2025-04-04,R3/2026,13.9605,14.0,0.9261,11.25,15.5,130,0
11403,2025-04-07,R5/2026,13.2533,13.25,1.198,10.0,15.5,129,0
11393,2025-04-07,R2/2027,12.2911,12.25,1.4822,9.0,15.5,73,0
11395,2025-04-07,R1/2027,12.4516,12.5,1.3878,9.0,15.5,112,0
11397,2025-04-07,R8/2026,12.6046,12.5,1.3377,9.5,15.5,131,0
11399,2025-04-07,R7/2026,12.7951,12.75,1.3022,10.0,15.5,129,0
11401,2025-04-07,R6/2026,12.9945,13.0,1.2638,10.0,15.5,129,0
11405,2025-04-07,R4/2026,13.5729,13.5,1.1042,10.25,15.5,129,0
11423,2025-04-07,R3/2025,14.7739,14.75,0.1169,14.25,15.25,136,0
11409,2025-04-07,R2/2026,14.3372,14.5,0.7552,12.25,15.75,129,0
11411,2025-04-07,R1/2026,14.6995,14.75,0.5771,13.25,15.75,130,0
11413,2025-04-07,R8/2025,14.9412,15.0,0.4323,13.75,15.75,138,0
11415,2025-04-07,R7/2025,15.0257,15.0,0.3169,14.0,15.75,136,0
11417,2025-04-07,R6/2025,15.0722,15.0,0.2543,14.5,15.75,135,0
11419,2025-04-07,R5/2025,15.0717,15.0,0.2553,14.25,15.75,136,0
11421,2025-04-07,R4/2025,15.0515,15.0,0.2311,14.25,15.5,136,0
11407,2025-04-07,R3/2026,13.9408,14.0,0.9338,11.25,15.5,129,0
11361,2025-04-08,R2/2027,12.2774,12.0,1.4848,9.0,15.5,73,0
11363,2025-04-08,R1/2027,12.4449,12.5,1.3881,9.0,15.5,112,0
11365,2025-04-08,R8/2026,12.6,12.5,1.3323,9.5,15.5,132,0
11367,2025-04-08,R7/2026,12.7912,12.75,1.3015,10.0,15.5,129,0
11369,2025-04-08,R6/2026,12.9926,13.0,1.2636,10.0,15.5,129,0
11371,2025-04-08,R5/2026,13.2533,13.25,1.198,10.0,15.5,129,0
11373,2025-04-08,R4/2026,13.5748,13.5,1.1038,10.25,15.5,129,0
11375,2025-04-08,R3/2026,13.9447,14.0,0.933,11.25,15.5,129,0
11377,2025-04-08,R2/2026,14.343,14.5,0.7536,12.25,15.75,129,0
11379,2025-04-08,R1/2026,14.7072,14.75,0.5744,13.25,15.75,130,0
11381,2025-04-08,R8/2025,14.9488,15.0,0.4275,13.75,15.75,139,0
11383,2025-04-08,R7/2025,15.0294,15.0,0.3166,14.0,15.75,136,0
11385,2025-04-08,R6/2025,15.0722,15.0,0.2543,14.5,15.75,135,0
11387,2025-04-08,R5/2025,15.0717,15.0,0.2553,14.25,15.75,136,0
11389,2025-04-08,R4/2025,15.0515,15.0,0.2311,14.25,15.5,136,0
11391,2025-04-08,R3/2025,14.7739,14.75,0.1169,14.25,15.25,136,0
11329,2025-04-09,R2/2027,12.2804,12.125,1.475,9.0,15.5,74,0
11331,2025-04-09,R1/2027,12.4454,12.5,1.382,9.0,15.5,113,0
11333,2025-04-09,R8/2026,12.5992,12.5,1.3273,9.5,15.5,133,0
11335,2025-04-09,R7/2026,12.789,12.75,1.2968,10.0,15.5,130,0
11337,2025-04-09,R6/2026,12.9888,13.0,1.2595,10.0,15.5,130,0
11339,2025-04-09,R5/2026,13.2475,13.21,1.1952,10.0,15.5,130,0
11341,2025-04-09,R4/2026,13.5685,13.5,1.1019,10.25,15.5,130,0
11359,2025-04-09,R3/2025,14.7737,14.75,0.1165,14.25,15.25,137,0
11345,2025-04-09,R2/2026,14.3385,14.5,0.7525,12.25,15.75,130,0
11347,2025-04-09,R1/2026,14.7037,14.75,0.5736,13.25,15.75,131,0
11349,2025-04-09,R8/2025,14.9474,15.0,0.4263,13.75,15.75,140,0
11351,2025-04-09,R7/2025,15.0274,15.0,0.3163,14.0,15.75,137,0
11353,2025-04-09,R6/2025,15.0699,15.0,0.2549,14.5,15.75,136,0
11355,2025-04-09,R5/2025,15.0693,15.0,0.2558,14.25,15.75,137,0
11357,2025-04-09,R4/2025,15.0493,15.0,0.2317,14.25,15.5,137,0
11343,2025-04-09,R3/2026,13.9393,14.0,0.9314,11.25,15.5,130,0
11307,2025-04-10,R5/2026,13.2455,13.21,1.195,10.0,15.5,130,0
11297,2025-04-10,R2/2027,12.2767,12.0,1.4655,9.0,15.5,75,0
11299,2025-04-10,R1/2027,12.4432,12.5,1.3821,9.0,15.5,113,0
11301,2025-04-10,R8/2026,12.5974,12.5,1.3272,9.5,15.5,133,0
11303,2025-04-10,R7/2026,12.7871,12.75,1.2966,10.0,15.5,130,0
11305,2025-04-10,R6/2026,12.9868,13.0,1.2593,10.0,15.5,130,0
11309,2025-04-10,R4/2026,13.5685,13.5,1.1019,10.25,15.5,130,0
11327,2025-04-10,R3/2025,14.7737,14.75,0.1165,14.25,15.25,137,0
11313,2025-04-10,R2/2026,14.3385,14.5,0.7525,12.25,15.75,130,0
11315,2025-04-10,R1/2026,14.7037,14.75,0.5736,13.25,15.75,131,0
11317,2025-04-10,R8/2025,14.9474,15.0,0.4263,13.75,15.75,140,0
11319,2025-04-10,R7/2025,15.0274,15.0,0.3163,14.0,15.75,137,0
11321,2025-04-10,R6/2025,15.0699,15.0,0.2549,14.5,15.75,136,0
11323,2025-04-10,R5/2025,15.0693,15.0,0.2558,14.25,15.75,137,0
11325,2025-04-10,R4/2025,15.0493,15.0,0.2317,14.25,15.5,137,0
11311,2025-04-10,R3/2026,13.9393,14.0,0.9314,11.25,15.5,130,0
11265,2025-04-11,R2/2027,12.193,12.0,1.4604,9.0,15.5,79,0
11267,2025-04-11,R1/2027,12.3835,12.25,1.3913,9.0,15.5,113,0
11269,2025-04-11,R8/2026,12.5274,12.5,1.3462,9.5,15.5,135,0
11271,2025-04-11,R7/2026,12.7124,12.75,1.3178,10.0,15.5,131,0
11273,2025-04-11,R6/2026,12.9087,13.0,1.2729,10.0,15.5,131,0
11275,2025-04-11,R5/2026,13.1692,13.0,1.2076,10.0,15.5,131,0
11277,2025-04-11,R4/2026,13.4784,13.5,1.1196,10.25,15.5,132,0
11279,2025-04-11,R3/2026,13.855,14.0,0.9606,11.25,15.5,132,0
11283,2025-04-11,R1/2026,14.6443,14.75,0.604,13.0,15.75,133,0
11285,2025-04-11,R8/2025,14.9076,15.0,0.4464,13.75,15.75,142,0
11287,2025-04-11,R7/2025,14.9964,15.0,0.3285,14.0,15.75,139,0
11289,2025-04-11,R6/2025,15.0471,15.0,0.2581,14.5,15.75,138,0
11291,2025-04-11,R5/2025,15.0468,15.0,0.259,14.25,15.75,139,0
11293,2025-04-11,R4/2025,15.0252,15.0,0.2329,14.25,15.5,139,0
11295,2025-04-11,R3/2025,14.7698,14.75,0.1125,14.25,15.25,139,0
11281,2025-04-11,R2/2026,14.2614,14.5,0.7857,12.25,15.75,132,0
11245,2025-04-14,R4/2026,13.4971,13.5,1.1441,10.25,15.5,119,0
11235,2025-04-14,R1/2027,12.36,12.25,1.4269,9.0,15.5,103,0
11237,2025-04-14,R8/2026,12.543,12.5,1.3686,9.5,15.5,121,0
11239,2025-04-14,R7/2026,12.7315,12.75,1.3379,10.0,15.5,118,0
11241,2025-04-14,R6/2026,12.9325,13.0,1.294,10.0,15.5,118,0
11243,2025-04-14,R5/2026,13.1879,13.21,1.2307,10.0,15.5,118,0
11247,2025-04-14,R3/2026,13.8665,14.0,0.9842,11.25,15.5,119,0
11233,2025-04-14,R2/2027,12.2031,12.0,1.4492,9.0,15.5,80,0
11251,2025-04-14,R1/2026,14.6328,14.75,0.6207,13.0,15.75,120,0
11263,2025-04-14,R3/2025,14.768,14.75,0.1009,14.25,15.25,125,0
11261,2025-04-14,R4/2025,15.02,15.0,0.2227,14.5,15.5,125,0
11259,2025-04-14,R5/2025,15.042,15.0,0.2505,14.5,15.75,125,0
11249,2025-04-14,R2/2026,14.2689,14.5,0.8025,12.25,15.75,119,0
11255,2025-04-14,R7/2025,14.984,15.0,0.3282,14.25,15.75,125,0
11253,2025-04-14,R8/2025,14.8908,15.0,0.4563,13.75,15.75,127,0
11257,2025-04-14,R6/2025,15.036,15.0,0.2583,14.5,15.75,125,0
11201,2025-04-15,R2/2027,12.1951,12.0,1.4335,9.0,15.5,82,0
11203,2025-04-15,R1/2027,12.3531,12.25,1.4158,9.0,15.5,105,0
11205,2025-04-15,R8/2026,12.5341,12.5,1.3607,9.5,15.5,123,0
11207,2025-04-15,R7/2026,12.7193,12.75,1.3315,10.0,15.5,120,0
11209,2025-04-15,R6/2026,12.9233,13.0,1.286,10.0,15.5,120,0
11213,2025-04-15,R4/2026,13.493,13.5,1.1355,10.25,15.5,121,0
11215,2025-04-15,R3/2026,13.8645,14.0,0.9767,11.25,15.5,121,0
11211,2025-04-15,R5/2026,13.1806,13.0851,1.2222,10.0,15.5,120,0
11219,2025-04-15,R1/2026,14.6307,14.75,0.6125,13.0,15.75,122,0
11221,2025-04-15,R8/2025,14.8847,15.0,0.4445,13.75,15.75,129,0
11223,2025-04-15,R7/2025,14.9764,15.0,0.316,14.25,15.75,127,0
11225,2025-04-15,R6/2025,15.0276,15.0,0.2455,14.5,15.75,127,0
11227,2025-04-15,R5/2025,15.0335,15.0,0.2376,14.5,15.75,127,0
11229,2025-04-15,R4/2025,15.0157,15.0,0.2168,14.5,15.5,127,0
11231,2025-04-15,R3/2025,14.7677,14.75,0.1001,14.25,15.25,127,0
11217,2025-04-15,R2/2026,14.2727,14.5,0.799,12.25,15.75,121,0
11179,2025-04-16,R5/2026,13.168,13.0001,1.2158,10.0,15.5,123,0
11169,2025-04-16,R2/2027,12.1756,12.0,1.4235,9.0,15.5,84,0
11171,2025-04-16,R1/2027,12.3419,12.25,1.4052,9.0,15.5,107,0
11173,2025-04-16,R8/2026,12.5254,12.5,1.3453,9.5,15.5,126,0
11175,2025-04-16,R7/2026,12.7099,12.75,1.3171,10.0,15.5,123,0
11177,2025-04-16,R6/2026,12.9129,13.0,1.2743,10.0,15.5,123,0
11181,2025-04-16,R4/2026,13.481,13.5,1.1336,10.25,15.5,124,0
11195,2025-04-16,R5/2025,15.0286,15.0,0.2365,14.5,15.75,131,0
11185,2025-04-16,R2/2026,14.2641,14.5,0.799,12.25,15.75,124,0
11187,2025-04-16,R1/2026,14.6195,14.75,0.6144,13.0,15.75,125,0
11189,2025-04-16,R8/2025,14.875,15.0,0.4448,13.75,15.75,133,0
11191,2025-04-16,R7/2025,14.9695,15.0,0.3151,14.25,15.75,131,0
11193,2025-04-16,R6/2025,15.0229,15.0,0.2441,14.5,15.75,131,0
11197,2025-04-16,R4/2025,15.0134,15.0,0.2169,14.5,15.5,131,0
11199,2025-04-16,R3/2025,14.7672,14.75,0.0986,14.25,15.25,131,0
11183,2025-04-16,R3/2026,13.8577,14.0,0.9758,11.25,15.5,124,0
11137,2025-04-17,R2/2027,12.2335,12.0,1.4425,9.0,15.5,91,0
11139,2025-04-17,R1/2027,12.379,12.25,1.4344,9.0,15.5,113,0
11141,2025-04-17,R8/2026,12.5697,12.5,1.3536,9.5,15.5,132,0
11143,2025-04-17,R7/2026,12.7467,12.75,1.3146,10.0,15.5,129,0
11145,2025-04-17,R6/2026,12.9402,13.0,1.2712,10.0,15.5,129,0
11149,2025-04-17,R4/2026,13.5069,13.5,1.1239,10.25,15.5,130,0
11147,2025-04-17,R5/2026,13.1971,13.25,1.2091,10.0,15.5,129,0
11151,2025-04-17,R3/2026,13.8758,14.0,0.966,11.25,15.5,130,0
11155,2025-04-17,R1/2026,14.6217,14.75,0.6,13.0,15.75,131,0
11157,2025-04-17,R8/2025,14.8688,15.0,0.4334,13.75,15.75,140,0
11159,2025-04-17,R7/2025,14.9547,15.0,0.3073,14.25,15.75,138,0
11161,2025-04-17,R6/2025,15.0054,15.0,0.236,14.5,15.75,138,0
11163,2025-04-17,R5/2025,15.0109,15.0,0.2289,14.5,15.75,138,0
11165,2025-04-17,R4/2025,15.0,15.0,0.217,14.5,15.5,138,0
11167,2025-04-17,R3/2025,14.7681,14.75,0.0982,14.25,15.25,138,0
11153,2025-04-17,R2/2026,14.2769,14.5,0.7877,12.25,15.75,130,0
11107,2025-04-22,R1/2027,12.3621,12.25,1.4156,9.0,15.5,110,0
11109,2025-04-22,R8/2026,12.5597,12.5,1.3328,9.5,15.5,129,0
11111,2025-04-22,R7/2026,12.7406,12.75,1.299,10.0,15.5,126,0
11113,2025-04-22,R6/2026,12.9368,13.0,1.2586,10.0,15.5,126,0
11115,2025-04-22,R5/2026,13.1938,13.21,1.201,10.0,15.5,126,0
11117,2025-04-22,R4/2026,13.5031,13.5,1.1223,10.25,15.5,127,0
11119,2025-04-22,R3/2026,13.869,14.0,0.9686,11.25,15.5,127,0
11105,2025-04-22,R2/2027,12.1786,12.0,1.4022,9.0,15.5,91,0
11123,2025-04-22,R1/2026,14.6019,14.75,0.6102,13.0,15.75,127,0
11125,2025-04-22,R8/2025,14.8565,15.0,0.4455,13.75,15.75,135,0
11127,2025-04-22,R7/2025,14.9511,15.0,0.3133,14.25,15.75,133,0
11129,2025-04-22,R6/2025,15.0075,15.0,0.2373,14.5,15.75,133,0
11131,2025-04-22,R5/2025,15.0132,15.0,0.2301,14.5,15.75,133,0
11133,2025-04-22,R4/2025,15.0038,15.0,0.2167,14.5,15.5,133,0
11135,2025-04-22,R3/2025,14.7744,14.75,0.086,14.5,15.25,133,0
11121,2025-04-22,R2/2026,14.2657,14.5,0.7954,12.25,15.75,127,0
11073,2025-04-23,R2/2027,12.1436,12.0,1.395,9.0,15.5,94,0
11075,2025-04-23,R1/2027,12.3556,12.25,1.4053,9.0,15.5,112,0
11077,2025-04-23,R8/2026,12.5569,12.5,1.3308,9.5,15.5,131,0
11079,2025-04-23,R7/2026,12.7408,12.75,1.2982,10.0,15.5,128,0
11081,2025-04-23,R6/2026,12.9398,13.0,1.26,10.0,15.5,128,0
11083,2025-04-23,R5/2026,13.2005,13.21,1.2043,10.0,15.5,128,0
11085,2025-04-23,R4/2026,13.5089,13.5,1.1224,10.25,15.5,129,0
11087,2025-04-23,R3/2026,13.871,14.0,0.9672,11.25,15.5,129,0
11091,2025-04-23,R1/2026,14.5984,14.75,0.6078,13.0,15.75,129,0
11093,2025-04-23,R8/2025,14.8513,15.0,0.4454,13.75,15.75,137,0
11095,2025-04-23,R7/2025,14.9463,15.0,0.3139,14.25,15.75,135,0
11097,2025-04-23,R6/2025,15.0037,15.0,0.2376,14.5,15.75,135,0
11099,2025-04-23,R5/2025,15.0093,15.0,0.2306,14.5,15.75,135,0
11101,2025-04-23,R4/2025,15.0,15.0,0.2173,14.5,15.5,135,0
11103,2025-04-23,R3/2025,14.7741,14.75,0.0854,14.5,15.25,135,0
11089,2025-04-23,R2/2026,14.2636,14.5,0.7932,12.25,15.75,129,0
11041,2025-04-24,R2/2027,12.1328,12.0,1.3835,9.0,15.5,96,0
11043,2025-04-24,R1/2027,12.3503,12.25,1.4026,9.0,15.5,113,0
11045,2025-04-24,R8/2026,12.5508,12.5,1.329,9.5,15.5,132,0
11047,2025-04-24,R7/2026,12.7331,12.75,1.2969,10.0,15.5,129,0
11049,2025-04-24,R6/2026,12.9305,13.0,1.2594,10.0,15.5,129,0
11051,2025-04-24,R5/2026,13.1893,13.17,1.2055,10.0,15.5,129,0
11053,2025-04-24,R4/2026,13.4992,13.5,1.1226,10.25,15.5,130,0
11055,2025-04-24,R3/2026,13.8605,14.0,0.9679,11.25,15.5,130,0
11059,2025-04-24,R1/2026,14.5842,14.75,0.6064,13.0,15.75,130,0
11071,2025-04-24,R3/2025,14.7702,14.75,0.086,14.5,15.25,136,0
11069,2025-04-24,R4/2025,14.9908,15.0,0.2216,14.5,15.5,136,0
11067,2025-04-24,R5/2025,15.0,15.0,0.2348,14.5,15.75,136,0
11057,2025-04-24,R2/2026,14.25,14.375,0.7936,12.25,15.75,130,0
11063,2025-04-24,R7/2025,14.9375,15.0,0.3147,14.25,15.75,136,0
11061,2025-04-24,R8/2025,14.8427,15.0,0.4418,13.75,15.75,139,0
11065,2025-04-24,R6/2025,14.9945,15.0,0.2415,14.5,15.75,136,0
11009,2025-04-25,R2/2027,12.0613,12.0,1.3717,9.0,15.5,102,0
11011,2025-04-25,R1/2027,12.3024,12.25,1.3898,9.0,15.5,116,0
11013,2025-04-25,R8/2026,12.5181,12.5,1.3162,9.5,15.5,135,0
11015,2025-04-25,R7/2026,12.6975,12.5,1.272,10.0,15.5,132,0
11017,2025-04-25,R6/2026,12.898,13.0,1.2255,10.0,15.5,132,0
11021,2025-04-25,R4/2026,13.4617,13.5,1.093,10.25,15.5,133,0
11023,2025-04-25,R3/2026,13.8279,14.0,0.9432,11.25,15.5,133,0
11019,2025-04-25,R5/2026,13.1509,13.0,1.1721,10.0,15.5,132,0
11027,2025-04-25,R1/2026,14.571,14.75,0.598,13.0,15.75,133,0
11029,2025-04-25,R8/2025,14.8272,15.0,0.4334,13.75,15.75,141,0
11031,2025-04-25,R7/2025,14.9203,15.0,0.3113,14.25,15.75,138,0
11033,2025-04-25,R6/2025,14.9728,15.0,0.2439,14.5,15.75,138,0
11035,2025-04-25,R5/2025,14.9801,15.0,0.2352,14.5,15.75,138,0
11037,2025-04-25,R4/2025,14.971,15.0,0.2193,14.5,15.5,138,0
11039,2025-04-25,R3/2025,14.7627,14.75,0.0868,14.5,15.25,138,0
11025,2025-04-25,R2/2026,14.2256,14.25,0.7761,12.25,15.75,133,0
10987,2025-04-28,R5/2026,13.1313,13.0,1.1552,10.0,15.25,127,0
10977,2025-04-28,R2/2027,12.0631,12.0,1.3878,9.0,15.0,99,0
10979,2025-04-28,R1/2027,12.2958,12.25,1.389,9.0,15.25,111,0
10981,2025-04-28,R8/2026,12.5054,12.5,1.3108,9.5,15.25,130,0
10983,2025-04-28,R7/2026,12.6836,12.5,1.2639,10.0,15.25,127,0
10985,2025-04-28,R6/2026,12.8822,12.75,1.2121,10.0,15.25,127,0
10989,2025-04-28,R4/2026,13.4348,13.5,1.0779,10.25,15.25,128,0
11003,2025-04-28,R5/2025,14.9605,15.0,0.225,14.5,15.75,133,0
10993,2025-04-28,R2/2026,14.1973,14.25,0.7582,12.25,15.75,128,0
10995,2025-04-28,R1/2026,14.5484,14.75,0.5744,13.0,15.75,128,0
10997,2025-04-28,R8/2025,14.8098,15.0,0.4204,13.75,15.75,136,0
10999,2025-04-28,R7/2025,14.9023,15.0,0.3001,14.25,15.75,133,0
11001,2025-04-28,R6/2025,14.953,15.0,0.2338,14.5,15.75,133,0
11005,2025-04-28,R4/2025,14.9511,15.0,0.209,14.5,15.5,133,0
10991,2025-04-28,R3/2026,13.7977,13.75,0.9292,11.25,15.25,128,0
11007,2025-04-28,R3/2025,14.7632,14.75,0.0829,14.5,15.25,133,0
10957,2025-04-29,R4/2026,13.4348,13.5,1.0779,10.25,15.25,128,0
10945,2025-04-29,R2/2027,12.0631,12.0,1.3878,9.0,15.0,99,0
10947,2025-04-29,R1/2027,12.2958,12.25,1.389,9.0,15.25,111,0
10949,2025-04-29,R8/2026,12.5054,12.5,1.3108,9.5,15.25,130,0
10951,2025-04-29,R7/2026,12.6836,12.5,1.2639,10.0,15.25,127,0
10953,2025-04-29,R6/2026,12.8822,12.75,1.2121,10.0,15.25,127,0
10955,2025-04-29,R5/2026,13.1313,13.0,1.1552,10.0,15.25,127,0
10959,2025-04-29,R3/2026,13.7938,13.75,0.9315,11.25,15.25,128,0
10963,2025-04-29,R1/2026,14.5445,14.75,0.5781,13.0,15.75,128,0
10965,2025-04-29,R8/2025,14.8098,15.0,0.4204,13.75,15.75,136,0
10967,2025-04-29,R7/2025,14.9023,15.0,0.3001,14.25,15.75,133,0
10969,2025-04-29,R6/2025,14.953,15.0,0.2338,14.5,15.75,133,0
10971,2025-04-29,R5/2025,14.9605,15.0,0.225,14.5,15.75,133,0
10973,2025-04-29,R4/2025,14.9511,15.0,0.209,14.5,15.5,133,0
10975,2025-04-29,R3/2025,14.7632,14.75,0.0829,14.5,15.25,133,0
10961,2025-04-29,R2/2026,14.1953,14.25,0.7597,12.25,15.75,128,0
10913,2025-04-30,R2/2027,12.0147,12.0,1.3311,9.0,15.0,102,0
10915,2025-04-30,R1/2027,12.2551,12.125,1.3406,9.0,15.25,114,0
10917,2025-04-30,R8/2026,12.4677,12.5,1.2673,9.5,15.25,133,0
10919,2025-04-30,R7/2026,12.6505,12.5,1.2303,10.0,15.25,130,0
10921,2025-04-30,R6/2026,12.8522,12.75,1.196,10.0,15.25,130,0
10923,2025-04-30,R5/2026,13.0975,13.0,1.142,10.0,15.25,130,0
10925,2025-04-30,R4/2026,13.3981,13.25,1.0671,10.25,15.25,131,0
10927,2025-04-30,R3/2026,13.7642,13.75,0.9251,11.25,15.25,131,0
10929,2025-04-30,R2/2026,14.1718,14.25,0.7598,12.25,15.75,131,0
10931,2025-04-30,R1/2026,14.5282,14.69,0.5807,13.0,15.75,131,0
10933,2025-04-30,R8/2025,14.7956,15.0,0.4208,13.5,15.75,140,0
10935,2025-04-30,R7/2025,14.8905,15.0,0.3003,14.0,15.75,137,0
10937,2025-04-30,R6/2025,14.9416,15.0,0.2306,14.5,15.75,137,0
10939,2025-04-30,R5/2025,14.9489,15.0,0.2223,14.5,15.75,137,0
10941,2025-04-30,R4/2025,14.9398,15.0,0.206,14.5,15.5,137,0
10943,2025-04-30,R3/2025,14.7591,14.75,0.0822,14.5,15.25,137,0
10881,2025-05-02,R2/2027,11.9791,12.0,1.3011,9.0,15.0,110,0
10883,2025-05-02,R1/2027,12.2056,12.0,1.2906,9.0,15.0,117,0
10885,2025-05-02,R8/2026,12.4308,12.5,1.2224,9.5,15.0,137,0
10887,2025-05-02,R7/2026,12.5982,12.5,1.1883,10.0,15.0,133,0
10889,2025-05-02,R6/2026,12.8029,12.75,1.1634,10.0,15.25,133,0
10891,2025-05-02,R5/2026,13.0521,13.0,1.1138,10.0,15.25,133,0
10893,2025-05-02,R4/2026,13.3538,13.25,1.0433,10.25,15.25,134,0
10911,2025-05-02,R3/2025,14.7518,14.75,0.0698,14.5,15.25,141,0
10897,2025-05-02,R2/2026,14.1338,14.25,0.7483,12.25,15.75,134,0
10899,2025-05-02,R1/2026,14.4951,14.5,0.5791,12.75,15.75,134,0
10901,2025-05-02,R8/2025,14.7708,14.75,0.4234,13.25,15.75,144,0
10903,2025-05-02,R7/2025,14.8635,15.0,0.2999,13.75,15.75,141,0
10905,2025-05-02,R6/2025,14.9167,15.0,0.2241,14.25,15.75,141,0
10907,2025-05-02,R5/2025,14.9273,15.0,0.2096,14.5,15.75,141,0
10909,2025-05-02,R4/2025,14.9167,15.0,0.1875,14.5,15.5,141,0
10895,2025-05-02,R3/2026,13.7245,13.75,0.9059,11.25,15.25,134,0
10849,2025-05-05,R2/2027,12.0129,12.0,1.2824,9.0,15.0,112,0
10851,2025-05-05,R1/2027,12.2442,12.25,1.2759,9.0,15.0,119,0
10853,2025-05-05,R8/2026,12.4675,12.5,1.2191,9.5,15.0,138,0
10855,2025-05-05,R7/2026,12.6329,12.5,1.1925,10.0,15.0,134,0
10857,2025-05-05,R6/2026,12.8435,12.75,1.1697,10.0,15.25,134,0
10859,2025-05-05,R5/2026,13.0909,13.0,1.1265,10.0,15.25,134,0
10861,2025-05-05,R4/2026,13.3845,13.25,1.0582,10.25,15.25,135,0
10867,2025-05-05,R1/2026,14.497,14.5,0.5782,12.75,15.75,135,0
10865,2025-05-05,R2/2026,14.1458,14.25,0.7516,12.25,15.75,135,0
10869,2025-05-05,R8/2025,14.7672,14.75,0.4231,13.25,15.75,145,0
10871,2025-05-05,R7/2025,14.8592,15.0,0.3018,13.75,15.75,142,0
10873,2025-05-05,R6/2025,14.912,15.0,0.2283,14.25,15.75,142,0
10875,2025-05-05,R5/2025,14.9225,15.0,0.2143,14.5,15.75,142,0
10877,2025-05-05,R4/2025,14.912,15.0,0.1927,14.5,15.5,142,0
10879,2025-05-05,R3/2025,14.7482,14.75,0.0812,14.25,15.25,142,0
10863,2025-05-05,R3/2026,13.7469,13.75,0.9156,11.25,15.25,135,0
10817,2025-05-06,R2/2027,12.0196,12.0,1.2738,9.0,15.0,112,0
10819,2025-05-06,R1/2027,12.2505,12.25,1.2666,9.0,15.0,119,0
10821,2025-05-06,R8/2026,12.473,12.5,1.2097,9.5,15.0,138,0
10823,2025-05-06,R7/2026,12.6385,12.5,1.1818,10.0,15.0,134,0
10825,2025-05-06,R6/2026,12.8472,12.75,1.1622,10.0,15.25,134,0
10827,2025-05-06,R5/2026,13.0928,13.0,1.1228,10.0,15.25,134,0
10829,2025-05-06,R4/2026,13.3864,13.25,1.0546,10.25,15.25,135,0
10831,2025-05-06,R3/2026,13.7487,13.75,0.9118,11.25,15.25,135,0
10833,2025-05-06,R2/2026,14.1476,14.25,0.7472,12.25,15.75,135,0
10835,2025-05-06,R1/2026,14.4989,14.5,0.5738,12.75,15.75,135,0
10837,2025-05-06,R8/2025,14.7672,14.75,0.419,13.25,15.75,145,0
10839,2025-05-06,R7/2025,14.8609,15.0,0.2989,13.75,15.75,142,0
10841,2025-05-06,R6/2025,14.912,15.0,0.2283,14.25,15.75,142,0
10843,2025-05-06,R5/2025,14.9225,15.0,0.2143,14.5,15.75,142,0
10845,2025-05-06,R4/2025,14.912,15.0,0.1927,14.5,15.5,142,0
10847,2025-05-06,R3/2025,14.7482,14.75,0.0812,14.25,15.25,142,0
10785,2025-05-07,R2/2027,12.0305,12.0,1.2734,9.0,15.0,113,0
10787,2025-05-07,R1/2027,12.2463,12.25,1.2616,9.0,15.0,119,0
10789,2025-05-07,R8/2026,12.4693,12.5,1.2051,9.5,15.0,138,0
10791,2025-05-07,R7/2026,12.6348,12.5,1.1767,10.0,15.0,134,0
10793,2025-05-07,R6/2026,12.8435,12.75,1.1568,10.0,15.25,134,0
10795,2025-05-07,R5/2026,13.089,13.0,1.1173,10.0,15.25,134,0
10797,2025-05-07,R4/2026,13.3827,13.25,1.049,10.25,15.25,135,0
10815,2025-05-07,R3/2025,14.7482,14.75,0.0812,14.25,15.25,142,0
10801,2025-05-07,R2/2026,14.1439,14.25,0.7429,12.25,15.75,135,0
10803,2025-05-07,R1/2026,14.4952,14.5,0.5705,12.75,15.75,135,0
10805,2025-05-07,R8/2025,14.7621,14.75,0.4166,13.25,15.75,145,0
10807,2025-05-07,R7/2025,14.8574,15.0,0.2973,13.75,15.75,142,0
10809,2025-05-07,R6/2025,14.9085,15.0,0.2269,14.25,15.75,142,0
10811,2025-05-07,R5/2025,14.919,15.0,0.213,14.5,15.75,142,0
10813,2025-05-07,R4/2025,14.9085,15.0,0.1911,14.5,15.5,142,0
10799,2025-05-07,R3/2026,13.745,13.75,0.9067,11.25,15.25,135,0
10755,2025-05-08,R2/2027,12.0173,12.0,1.2745,9.0,15.0,113,0
10757,2025-05-08,R1/2027,12.2337,12.0,1.2615,9.0,15.0,119,0
10759,2025-05-08,R8/2026,12.4585,12.5,1.204,9.5,15.0,138,0
10761,2025-05-08,R7/2026,12.6245,12.5,1.1697,10.0,15.0,135,0
10763,2025-05-08,R6/2026,12.8336,12.75,1.1487,10.0,15.25,135,0
10765,2025-05-08,R5/2026,13.0791,13.0,1.1083,10.0,15.25,135,0
10767,2025-05-08,R4/2026,13.3771,13.25,1.0401,10.25,15.25,135,0
10771,2025-05-08,R2/2026,14.1347,14.25,0.728,12.25,15.5,135,0
10773,2025-05-08,R1/2026,14.4785,14.5,0.5558,12.75,15.5,135,0
10775,2025-05-08,R8/2025,14.7483,14.75,0.4063,13.25,15.5,145,0
10777,2025-05-08,R7/2025,14.8433,14.75,0.2855,13.75,15.5,142,0
10779,2025-05-08,R6/2025,14.8961,15.0,0.2144,14.25,15.5,142,0
10781,2025-05-08,R5/2025,14.9067,15.0,0.2004,14.5,15.5,142,0
10783,2025-05-08,R4/2025,14.8996,15.0,0.1878,14.5,15.5,142,0
10769,2025-05-08,R3/2026,13.7376,13.75,0.8953,11.25,15.25,135,0
10723,2025-05-09,R2/2027,11.9689,12.0,1.2841,9.0,15.0,114,0
10725,2025-05-09,R1/2027,12.1943,12.0,1.2603,9.0,15.0,120,0
10727,2025-05-09,R8/2026,12.4204,12.5,1.2049,9.5,15.0,138,0
10729,2025-05-09,R7/2026,12.6107,12.5,1.161,10.0,15.0,136,0
10731,2025-05-09,R6/2026,12.8201,12.75,1.1362,10.0,15.25,136,0
10733,2025-05-09,R5/2026,13.0712,13.0,1.0947,10.0,15.25,136,0
10735,2025-05-09,R4/2026,13.3762,13.25,1.0256,10.25,15.25,136,0
10739,2025-05-09,R2/2026,14.1337,14.25,0.7146,12.25,15.5,136,0
10741,2025-05-09,R1/2026,14.4695,14.5,0.5445,12.75,15.5,136,0
10743,2025-05-09,R8/2025,14.7293,14.75,0.3977,13.25,15.5,145,0
10745,2025-05-09,R7/2025,14.8287,14.75,0.2733,13.75,15.5,143,0
10747,2025-05-09,R6/2025,14.8846,14.75,0.2022,14.25,15.5,143,0
10749,2025-05-09,R5/2025,14.8951,14.75,0.188,14.5,15.5,143,0
10751,2025-05-09,R4/2025,14.8916,14.75,0.1788,14.5,15.5,143,0
10737,2025-05-09,R3/2026,13.7396,13.75,0.8757,11.25,15.25,136,0
10701,2025-05-12,R5/2026,13.0773,13.0,1.0935,10.0,15.25,135,0
10691,2025-05-12,R2/2027,11.9774,12.0,1.2869,9.0,15.0,113,0
10693,2025-05-12,R1/2027,12.2022,12.0,1.2634,9.0,15.0,119,0
10695,2025-05-12,R8/2026,12.4253,12.5,1.2106,9.5,15.0,137,0
10697,2025-05-12,R7/2026,12.6171,12.5,1.1657,10.0,15.0,135,0
10699,2025-05-12,R6/2026,12.8261,12.75,1.1382,10.0,15.25,135,0
10703,2025-05-12,R4/2026,13.3827,13.25,1.023,10.25,15.25,135,0
10719,2025-05-12,R4/2025,14.8891,14.75,0.1743,14.5,15.5,142,0
10707,2025-05-12,R2/2026,14.1402,14.25,0.7112,12.25,15.5,135,0
10709,2025-05-12,R1/2026,14.4767,14.5,0.5409,12.75,15.5,135,0
10711,2025-05-12,R8/2025,14.7326,14.75,0.3916,13.25,15.5,144,0
10713,2025-05-12,R7/2025,14.8292,14.75,0.2693,13.75,15.5,142,0
10715,2025-05-12,R6/2025,14.882,14.75,0.1984,14.25,15.5,142,0
10717,2025-05-12,R5/2025,14.8926,14.75,0.1839,14.5,15.5,142,0
10705,2025-05-12,R3/2026,13.745,13.75,0.8723,11.25,15.25,135,0
10659,2025-05-13,R2/2027,11.973,12.0,1.2877,9.0,15.0,113,0
10661,2025-05-13,R1/2027,12.1938,12.0,1.2647,9.0,15.0,119,0
10663,2025-05-13,R8/2026,12.415,12.5,1.1942,9.5,15.0,138,0
10665,2025-05-13,R7/2026,12.6079,12.5,1.1536,10.0,15.0,135,0
10667,2025-05-13,R6/2026,12.8132,12.75,1.1187,10.0,15.25,135,0
10671,2025-05-13,R4/2026,13.379,13.25,1.0126,10.25,15.25,135,0
10669,2025-05-13,R5/2026,13.068,13.0,1.0794,10.0,15.25,135,0
10675,2025-05-13,R2/2026,14.1476,14.25,0.7058,12.25,15.5,135,0
10687,2025-05-13,R4/2025,14.8908,14.75,0.1742,14.5,15.5,142,0
10685,2025-05-13,R5/2025,14.8944,14.75,0.1837,14.5,15.5,142,0
10683,2025-05-13,R6/2025,14.8838,14.75,0.1983,14.25,15.5,142,0
10673,2025-05-13,R3/2026,13.7469,13.75,0.8646,11.25,15.25,135,0
10679,2025-05-13,R8/2025,14.7397,14.75,0.3838,13.25,15.5,145,0
10677,2025-05-13,R1/2026,14.4822,14.5,0.5355,12.75,15.5,135,0
10681,2025-05-13,R7/2025,14.8345,14.75,0.2668,13.75,15.5,142,0
10625,2025-05-14,R3/2027,11.371,11.5,1.2425,9.5,15.0,31,0
10627,2025-05-14,R2/2027,11.9619,12.0,1.2807,9.0,15.0,113,0
10629,2025-05-14,R1/2027,12.1833,12.0,1.2574,9.0,15.0,119,0
10631,2025-05-14,R8/2026,12.4059,12.5,1.1868,9.5,15.0,138,0
10633,2025-05-14,R7/2026,12.5986,12.5,1.145,10.0,15.0,135,0
10637,2025-05-14,R5/2026,13.0606,13.0,1.0656,10.0,15.25,135,0
10639,2025-05-14,R4/2026,13.3753,13.25,0.9993,10.25,15.25,135,0
10635,2025-05-14,R6/2026,12.8039,12.75,1.109,10.0,15.25,135,0
10643,2025-05-14,R2/2026,14.1513,14.25,0.6917,12.25,15.5,135,0
10645,2025-05-14,R1/2026,14.4841,14.5,0.5247,12.75,15.5,135,0
10647,2025-05-14,R8/2025,14.7397,14.75,0.377,13.25,15.5,145,0
10649,2025-05-14,R7/2025,14.8327,14.75,0.2632,13.75,15.5,142,0
10651,2025-05-14,R6/2025,14.8803,14.75,0.1962,14.25,15.5,142,0
10653,2025-05-14,R5/2025,14.8908,14.75,0.1816,14.5,15.5,142,0
10655,2025-05-14,R4/2025,14.8873,14.75,0.1719,14.5,15.5,142,0
10641,2025-05-14,R3/2026,13.7469,13.75,0.8511,11.25,15.25,135,0
10603,2025-05-15,R6/2026,12.7969,12.75,1.1101,10.0,15.25,134,0
10593,2025-05-15,R3/2027,11.3788,11.5,1.2109,9.5,15.0,33,0
10595,2025-05-15,R2/2027,11.9527,12.0,1.2827,9.0,15.0,112,0
10597,2025-05-15,R1/2027,12.1764,12.0,1.2604,9.0,15.0,118,0
10599,2025-05-15,R8/2026,12.3961,12.5,1.1856,9.5,15.0,137,0
10601,2025-05-15,R7/2026,12.59,12.5,1.1449,10.0,15.0,134,0
10605,2025-05-15,R5/2026,13.0554,13.0,1.0679,10.0,15.25,134,0
10619,2025-05-15,R6/2025,14.8821,14.75,0.1969,14.25,15.5,140,0
10609,2025-05-15,R3/2026,13.7506,13.75,0.8565,11.25,15.25,134,0
10611,2025-05-15,R2/2026,14.1543,14.25,0.6988,12.25,15.5,134,0
10613,2025-05-15,R1/2026,14.4821,14.55,0.5297,12.75,15.5,134,0
10615,2025-05-15,R8/2025,14.7448,14.75,0.3698,13.25,15.5,143,0
10617,2025-05-15,R7/2025,14.8357,14.75,0.2601,13.75,15.5,140,0
10621,2025-05-15,R5/2025,14.8929,14.75,0.1821,14.5,15.5,140,0
10607,2025-05-15,R4/2026,13.3725,13.25,1.0025,10.25,15.25,134,0
10623,2025-05-15,R4/2025,14.8893,14.75,0.1724,14.5,15.5,140,0
10573,2025-05-16,R5/2026,13.0648,13.0,1.0767,10.0,15.0,134,0
10561,2025-05-16,R3/2027,11.6333,12.0,1.1461,9.5,15.0,60,0
10563,2025-05-16,R2/2027,11.9793,12.0,1.2693,9.0,15.0,111,0
10565,2025-05-16,R1/2027,12.2056,12.0,1.2536,9.0,15.0,117,0
10567,2025-05-16,R8/2026,12.4217,12.5,1.1767,9.5,15.0,137,0
10569,2025-05-16,R7/2026,12.6087,12.5,1.1416,10.0,15.0,134,0
10571,2025-05-16,R6/2026,12.8081,12.75,1.1113,10.0,15.0,134,0
10575,2025-05-16,R4/2026,13.3874,13.5,1.0135,10.25,15.25,134,0
10579,2025-05-16,R2/2026,14.1618,14.25,0.7037,12.25,15.5,134,0
10581,2025-05-16,R1/2026,14.4746,14.55,0.5267,12.75,15.5,134,0
10583,2025-05-16,R8/2025,14.7255,14.75,0.3588,13.25,15.5,143,0
10585,2025-05-16,R7/2025,14.8143,14.75,0.2507,13.75,15.5,140,0
10587,2025-05-16,R6/2025,14.8607,14.75,0.1896,14.25,15.5,140,0
10589,2025-05-16,R5/2025,14.8696,14.75,0.1754,14.5,15.5,140,0
10591,2025-05-16,R4/2025,14.8661,14.75,0.1648,14.5,15.5,140,0
10577,2025-05-16,R3/2026,13.7674,13.75,0.8669,11.25,15.25,134,0
10529,2025-05-19,R3/2027,11.6192,12.0,1.201,9.0,15.0,65,0
10531,2025-05-19,R2/2027,11.9583,12.0,1.2544,9.0,15.0,109,0
10533,2025-05-19,R1/2027,12.1598,12.0,1.2081,9.0,15.0,113,0
10535,2025-05-19,R8/2026,12.4069,12.5,1.1499,9.5,15.0,134,0
10537,2025-05-19,R7/2026,12.5863,12.5,1.1204,10.0,15.0,131,0
10539,2025-05-19,R6/2026,12.7789,12.75,1.0963,10.0,15.0,131,0
10541,2025-05-19,R5/2026,13.0281,13.0,1.0707,10.0,15.0,131,0
10543,2025-05-19,R4/2026,13.3505,13.25,1.0153,10.25,15.25,131,0
10545,2025-05-19,R3/2026,13.7353,13.75,0.871,11.25,15.25,131,0
10547,2025-05-19,R2/2026,14.1311,14.25,0.6976,12.25,15.25,131,0
10549,2025-05-19,R1/2026,14.4531,14.5,0.5208,12.75,15.5,131,0
10551,2025-05-19,R8/2025,14.714,14.75,0.3555,13.25,15.5,139,0
10553,2025-05-19,R7/2025,14.8051,14.75,0.2457,13.75,15.5,136,0
10555,2025-05-19,R6/2025,14.8529,14.75,0.1831,14.25,15.5,136,0
10557,2025-05-19,R5/2025,14.8621,14.75,0.1683,14.5,15.5,136,0
10559,2025-05-19,R4/2025,14.8585,14.75,0.1567,14.5,15.25,136,0
10497,2025-05-20,R3/2027,11.6326,12.0,1.1968,9.0,15.0,66,0
10499,2025-05-20,R2/2027,11.9583,12.0,1.2544,9.0,15.0,109,0
10501,2025-05-20,R1/2027,12.1598,12.0,1.2081,9.0,15.0,113,0
10503,2025-05-20,R8/2026,12.4069,12.5,1.1499,9.5,15.0,134,0
10505,2025-05-20,R7/2026,12.5863,12.5,1.1204,10.0,15.0,131,0
10507,2025-05-20,R6/2026,12.7789,12.75,1.0963,10.0,15.0,131,0
10509,2025-05-20,R5/2026,13.0281,13.0,1.0707,10.0,15.0,131,0
10527,2025-05-20,R4/2025,14.8548,14.75,0.1562,14.5,15.25,136,0
10513,2025-05-20,R3/2026,13.743,13.75,0.87,11.25,15.25,131,0
10515,2025-05-20,R2/2026,14.1369,14.25,0.6954,12.25,15.25,131,0
10517,2025-05-20,R1/2026,14.455,14.5,0.5159,12.75,15.5,131,0
10519,2025-05-20,R8/2025,14.714,14.75,0.353,13.25,15.5,139,0
10521,2025-05-20,R7/2025,14.8051,14.75,0.2438,13.75,15.5,136,0
10523,2025-05-20,R6/2025,14.8493,14.75,0.1826,14.25,15.5,136,0
10525,2025-05-20,R5/2025,14.8585,14.75,0.168,14.5,15.5,136,0
10511,2025-05-20,R4/2026,13.3543,13.25,1.0168,10.25,15.25,131,0
10475,2025-05-21,R6/2026,12.7711,12.75,1.0793,10.0,15.0,132,0
10465,2025-05-21,R3/2027,11.6397,12.0,1.1892,9.0,15.0,68,0
10467,2025-05-21,R2/2027,11.9491,12.0,1.2495,9.0,15.0,109,0
10469,2025-05-21,R1/2027,12.1465,12.0,1.2043,9.0,15.0,113,0
10471,2025-05-21,R8/2026,12.3983,12.5,1.1419,9.5001,15.0,135,0
10473,2025-05-21,R7/2026,12.5762,12.5,1.1085,10.0,15.0,132,0
10477,2025-05-21,R5/2026,13.0222,13.0,1.0491,10.0,15.0,132,0
10491,2025-05-21,R6/2025,14.8431,14.75,0.1787,14.25,15.5,137,0
10481,2025-05-21,R3/2026,13.7392,13.75,0.859,11.25,15.25,132,0
10493,2025-05-21,R5/2025,14.8522,14.75,0.1642,14.5,15.5,137,0
10495,2025-05-21,R4/2025,14.8485,14.75,0.1521,14.5,15.25,137,0
10489,2025-05-21,R7/2025,14.7993,14.75,0.2394,13.75,15.5,137,0
10479,2025-05-21,R4/2026,13.3535,13.25,0.9988,10.25,15.25,132,0
10485,2025-05-21,R1/2026,14.4496,14.5,0.5121,12.75,15.5,132,0
10483,2025-05-21,R2/2026,14.1339,14.25,0.6916,12.25,15.25,132,0
10487,2025-05-21,R8/2025,14.7089,14.75,0.3492,13.25,15.5,140,0
10433,2025-05-22,R3/2027,11.6341,12.0,1.1815,9.0,15.0,69,0
10435,2025-05-22,R2/2027,11.945,12.0,1.2445,9.0,15.0,110,0
10437,2025-05-22,R1/2027,12.1431,12.0,1.1996,9.0,15.0,114,0
10439,2025-05-22,R8/2026,12.3954,12.5,1.1382,9.5001,15.0,136,0
10441,2025-05-22,R7/2026,12.5719,12.5,1.1055,10.0,15.0,133,0
10445,2025-05-22,R5/2026,13.0183,13.0,1.0461,10.0,15.0,133,0
10447,2025-05-22,R4/2026,13.3508,13.25,0.9955,10.25,15.25,133,0
10443,2025-05-22,R6/2026,12.7653,12.75,1.0773,10.0,15.0,133,0
10451,2025-05-22,R2/2026,14.1329,14.25,0.6891,12.25,15.25,133,0
10453,2025-05-22,R1/2026,14.45,14.5,0.5102,12.75,15.5,133,0
10455,2025-05-22,R8/2025,14.711,14.75,0.3489,13.25,15.5,141,0
10457,2025-05-22,R7/2025,14.8007,14.75,0.2392,13.75,15.5,138,0
10459,2025-05-22,R6/2025,14.8442,14.75,0.1786,14.25,15.5,138,0
10461,2025-05-22,R5/2025,14.8533,14.75,0.1641,14.5,15.5,138,0
10463,2025-05-22,R4/2025,14.8496,14.75,0.1521,14.5,15.25,138,0
10449,2025-05-22,R3/2026,13.7374,13.75,0.856,11.25,15.25,133,0
10411,2025-05-23,R6/2026,12.8039,12.75,1.0837,10.0,15.0,135,0
10401,2025-05-23,R3/2027,11.6818,12.0,1.2617,9.0,15.0,77,0
10403,2025-05-23,R2/2027,11.9798,12.0,1.253,9.0,15.0,114,0
10405,2025-05-23,R1/2027,12.1902,12.0,1.2092,9.0,15.0,116,0
10407,2025-05-23,R8/2026,12.4284,12.5,1.146,9.5001,15.0,138,0
10409,2025-05-23,R7/2026,12.6061,12.5,1.1151,10.0,15.0,135,0
10413,2025-05-23,R5/2026,13.0587,13.0,1.0448,10.0,15.0,135,0
10427,2025-05-23,R6/2025,14.8393,14.75,0.1555,14.5,15.5,140,0
10417,2025-05-23,R3/2026,13.7673,13.75,0.8441,11.25,15.0,135,0
10419,2025-05-23,R2/2026,14.1587,14.25,0.6641,12.25,15.0,135,0
10421,2025-05-23,R1/2026,14.4638,14.5,0.476,13.25,15.5,135,0
10423,2025-05-23,R8/2025,14.7185,14.75,0.3141,13.75,15.5,143,0
10425,2025-05-23,R7/2025,14.8019,14.75,0.2081,14.25,15.5,140,0
10429,2025-05-23,R5/2025,14.8446,14.75,0.1478,14.5,15.5,140,0
10431,2025-05-23,R4/2025,14.8429,14.75,0.1412,14.5,15.25,140,0
10415,2025-05-23,R4/2026,13.3864,13.25,0.981,10.25,15.0,135,0
10381,2025-05-26,R5/2026,13.0859,13.0,1.057,10.0,15.0,131,0
10369,2025-05-26,R3/2027,11.6688,12.0,1.2536,9.0,15.0,80,0
10371,2025-05-26,R2/2027,11.9955,12.0,1.2698,9.0,15.0,110,0
10373,2025-05-26,R1/2027,12.2076,12.0,1.2279,9.0,15.0,112,0
10375,2025-05-26,R8/2026,12.4448,12.5,1.1563,9.5001,15.0,134,0
10377,2025-05-26,R7/2026,12.6279,12.5,1.1287,10.0,15.0,131,0
10383,2025-05-26,R4/2026,13.4084,13.5,0.9905,10.25,15.0,131,0
10379,2025-05-26,R6/2026,12.8302,12.75,1.0988,10.0,15.0,131,0
10387,2025-05-26,R2/2026,14.1775,14.25,0.6722,12.25,15.0,131,0
10399,2025-05-26,R4/2025,14.8401,14.75,0.1345,14.75,15.25,136,0
10389,2025-05-26,R1/2026,14.4676,14.5,0.4719,13.25,15.25,131,0
10391,2025-05-26,R8/2025,14.7174,14.75,0.3081,13.75,15.25,138,0
10393,2025-05-26,R7/2025,14.7979,14.75,0.1977,14.25,15.25,136,0
10395,2025-05-26,R6/2025,14.8346,14.75,0.1429,14.5,15.25,136,0
10397,2025-05-26,R5/2025,14.8401,14.75,0.1345,14.75,15.25,136,0
10385,2025-05-26,R3/2026,13.7882,13.75,0.8535,11.25,15.0,131,0
10337,2025-05-27,R3/2027,11.6852,12.0,1.2545,9.0,15.0,81,0
10339,2025-05-27,R2/2027,11.9955,12.0,1.2698,9.0,15.0,110,0
10341,2025-05-27,R1/2027,12.2076,12.0,1.2279,9.0,15.0,112,0
10343,2025-05-27,R8/2026,12.4448,12.5,1.1563,9.5001,15.0,134,0
10345,2025-05-27,R7/2026,12.6279,12.5,1.1287,10.0,15.0,131,0
10347,2025-05-27,R6/2026,12.8302,12.75,1.0988,10.0,15.0,131,0
10349,2025-05-27,R5/2026,13.0859,13.0,1.057,10.0,15.0,131,0
10351,2025-05-27,R4/2026,13.4084,13.5,0.9905,10.25,15.0,131,0
10353,2025-05-27,R3/2026,13.7882,13.75,0.8535,11.25,15.0,131,0
10355,2025-05-27,R2/2026,14.1775,14.25,0.6722,12.25,15.0,131,0
10357,2025-05-27,R1/2026,14.4676,14.5,0.4719,13.25,15.25,131,0
10359,2025-05-27,R8/2025,14.7174,14.75,0.3081,13.75,15.25,138,0
10361,2025-05-27,R7/2025,14.7979,14.75,0.1977,14.25,15.25,136,0
10363,2025-05-27,R6/2025,14.8346,14.75,0.1429,14.5,15.25,136,0
10365,2025-05-27,R5/2025,14.8401,14.75,0.1345,14.75,15.25,136,0
10367,2025-05-27,R4/2025,14.8401,14.75,0.1345,14.75,15.25,136,0
10305,2025-05-28,R3/2027,11.6707,12.0,1.2536,9.0,15.0,82,0
10307,2025-05-28,R2/2027,11.9977,12.0,1.2669,9.0,15.0,110,0
10309,2025-05-28,R1/2027,12.2076,12.0,1.2279,9.0,15.0,112,0
10311,2025-05-28,R8/2026,12.4448,12.5,1.1563,9.5001,15.0,134,0
10313,2025-05-28,R7/2026,12.6298,12.5,1.127,10.0,15.0,131,0
10315,2025-05-28,R6/2026,12.8359,12.75,1.0938,10.0,15.0,131,0
10317,2025-05-28,R5/2026,13.0916,13.0,1.0504,10.0,15.0,131,0
10335,2025-05-28,R4/2025,14.8401,14.75,0.1345,14.75,15.25,136,0
10321,2025-05-28,R3/2026,13.7882,13.75,0.8535,11.25,15.0,131,0
10323,2025-05-28,R2/2026,14.1737,14.25,0.6816,12.25,15.0,131,0
10325,2025-05-28,R1/2026,14.4638,14.5,0.4836,12.75,15.25,131,0
10327,2025-05-28,R8/2025,14.7156,14.75,0.3145,13.5,15.25,138,0
10329,2025-05-28,R7/2025,14.7979,14.75,0.1977,14.25,15.25,136,0
10331,2025-05-28,R6/2025,14.8327,14.75,0.1456,14.5,15.25,136,0
10333,2025-05-28,R5/2025,14.8401,14.75,0.1345,14.75,15.25,136,0
10319,2025-05-28,R4/2026,13.4122,13.5,0.9851,10.25,15.0,131,0
10285,2025-05-29,R5/2026,13.0728,13.0,1.0458,10.0,15.0,127,0
10273,2025-05-29,R3/2027,11.6738,12.0,1.2504,9.0,15.0,82,0
10275,2025-05-29,R2/2027,11.9623,12.0,1.2266,9.0,15.0,106,0
10277,2025-05-29,R1/2027,12.1759,12.0,1.1952,9.0,15.0,108,0
10279,2025-05-29,R8/2026,12.4219,12.5,1.1338,9.5001,15.0,130,0
10281,2025-05-29,R7/2026,12.6083,12.5,1.1094,10.0,15.0,127,0
10287,2025-05-29,R4/2026,13.3957,13.5,0.9868,10.25,15.0,127,0
10283,2025-05-29,R6/2026,12.815,12.75,1.0828,10.0,15.0,127,0
10291,2025-05-29,R2/2026,14.1654,14.25,0.6904,12.25,15.0,127,0
10301,2025-05-29,R5/2025,14.8447,14.75,0.136,14.75,15.25,132,0
10299,2025-05-29,R6/2025,14.8371,14.75,0.1475,14.5,15.25,132,0
10297,2025-05-29,R7/2025,14.8012,14.75,0.2012,14.25,15.25,132,0
10289,2025-05-29,R3/2026,13.7756,13.75,0.8597,11.25,15.0,127,0
10293,2025-05-29,R1/2026,14.4587,14.5,0.4908,12.75,15.25,127,0
10303,2025-05-29,R4/2025,14.8447,14.75,0.136,14.75,15.25,132,0
10295,2025-05-29,R8/2025,14.7164,14.75,0.32,13.5,15.25,134,0
10241,2025-05-30,R3/2027,11.6994,12.0,1.234,9.0,15.0,89,0
10243,2025-05-30,R2/2027,11.9685,12.0,1.2151,9.0,15.0,111,0
10245,2025-05-30,R1/2027,12.1947,12.0,1.1926,9.0,15.0,113,0
10247,2025-05-30,R8/2026,12.4419,12.5,1.1311,9.5001,15.0,136,0
10249,2025-05-30,R7/2026,12.6354,12.75,1.1068,10.0,15.0,133,0
10253,2025-05-30,R5/2026,13.1071,13.25,1.0452,10.0,15.0,133,0
10255,2025-05-30,R4/2026,13.4267,13.5,0.99,10.25,15.0,133,0
10251,2025-05-30,R6/2026,12.8477,13.0,1.0803,10.0,15.0,133,0
10259,2025-05-30,R2/2026,14.1767,14.25,0.6874,12.25,15.0,133,0
10261,2025-05-30,R1/2026,14.4644,14.51,0.4878,12.75,15.25,133,0
10263,2025-05-30,R8/2025,14.7161,14.75,0.3165,13.5,15.25,140,0
10265,2025-05-30,R7/2025,14.8008,14.75,0.1977,14.25,15.25,138,0
10267,2025-05-30,R6/2025,14.8351,14.75,0.1459,14.5,15.25,138,0
10269,2025-05-30,R5/2025,14.8424,14.75,0.1349,14.75,15.25,138,0
10271,2025-05-30,R4/2025,14.8424,14.75,0.1349,14.75,15.25,138,0
10257,2025-05-30,R3/2026,13.8008,14.0,0.8632,11.25,15.0,133,0
10219,2025-06-02,R6/2026,12.8347,13.0,1.052,10.0,15.0,124,0
10209,2025-06-02,R3/2027,11.6994,12.0,1.234,9.0,15.0,89,0
10211,2025-06-02,R2/2027,11.9495,12.0,1.1687,9.0,15.0,104,0
10213,2025-06-02,R1/2027,12.1792,12.0,1.1517,9.0,15.0,106,0
10215,2025-06-02,R8/2026,12.424,12.5,1.1022,9.5,15.0,127,0
10217,2025-06-02,R7/2026,12.619,12.625,1.0726,10.0,15.0,124,0
10221,2025-06-02,R5/2026,13.0948,13.25,1.0281,10.0,15.0,124,0
10235,2025-06-02,R6/2025,14.8274,14.75,0.139,14.5,15.25,126,0
10225,2025-06-02,R3/2026,13.7923,13.75,0.8594,11.25,15.0,124,0
10227,2025-06-02,R2/2026,14.1593,14.25,0.6842,12.25,15.0,124,0
10229,2025-06-02,R1/2026,14.4517,14.5,0.4854,12.75,15.25,124,0
10231,2025-06-02,R8/2025,14.7051,14.75,0.3147,13.5,15.25,128,0
10233,2025-06-02,R7/2025,14.7917,14.75,0.1909,14.25,15.25,126,0
10237,2025-06-02,R5/2025,14.8333,14.75,0.1299,14.75,15.25,126,0
10223,2025-06-02,R4/2026,13.4153,13.5,0.9806,10.25,15.0,124,0
10239,2025-06-02,R4/2025,14.8333,14.75,0.1299,14.75,15.25,126,0
10189,2025-06-03,R5/2026,13.0927,13.125,1.0281,10.0,15.0,124,0
10177,2025-06-03,R3/2027,11.6994,12.0,1.234,9.0,15.0,89,0
10179,2025-06-03,R2/2027,11.9495,12.0,1.1687,9.0,15.0,104,0
10181,2025-06-03,R1/2027,12.1792,12.0,1.1517,9.0,15.0,106,0
10183,2025-06-03,R8/2026,12.422,12.5,1.101,9.5,15.0,127,0
10185,2025-06-03,R7/2026,12.617,12.625,1.0717,10.0,15.0,124,0
10187,2025-06-03,R6/2026,12.8327,13.0,1.0515,10.0,15.0,124,0
10191,2025-06-03,R4/2026,13.4133,13.5,0.9812,10.25,15.0,124,0
10195,2025-06-03,R2/2026,14.1593,14.25,0.6842,12.25,15.0,124,0
10197,2025-06-03,R1/2026,14.4517,14.5,0.4854,12.75,15.25,124,0
10199,2025-06-03,R8/2025,14.7051,14.75,0.3147,13.5,15.25,128,0
10201,2025-06-03,R7/2025,14.7917,14.75,0.1909,14.25,15.25,126,0
10203,2025-06-03,R6/2025,14.8274,14.75,0.139,14.5,15.25,126,0
10205,2025-06-03,R5/2025,14.8333,14.75,0.1299,14.75,15.25,126,0
10207,2025-06-03,R4/2025,14.8327,14.75,0.1296,14.75,15.25,127,0
10193,2025-06-03,R3/2026,13.7903,13.75,0.861,11.25,15.0,124,0
10145,2025-06-04,R3/2027,11.717,12.0,1.2265,9.0,15.0,91,0
10147,2025-06-04,R2/2027,11.967,12.0,1.1646,9.0,15.0,106,0
10149,2025-06-04,R1/2027,12.1968,12.0,1.1482,9.0,15.0,108,0
10151,2025-06-04,R8/2026,12.4368,12.5,1.0988,9.5,15.0,129,0
10153,2025-06-04,R7/2026,12.633,12.75,1.0707,10.0,15.0,126,0
10155,2025-06-04,R6/2026,12.8492,13.0,1.0513,10.0,15.0,126,0
10157,2025-06-04,R5/2026,13.1091,13.25,1.0281,10.0,15.0,126,0
10159,2025-06-04,R4/2026,13.4286,13.5,0.9809,10.25,15.0,126,0
10161,2025-06-04,R3/2026,13.8036,13.875,0.8606,11.25,15.0,126,0
10163,2025-06-04,R2/2026,14.1687,14.25,0.6827,12.25,15.0,126,0
10165,2025-06-04,R1/2026,14.4604,14.505,0.4863,12.75,15.25,126,0
10167,2025-06-04,R8/2025,14.7096,14.75,0.3144,13.5,15.25,130,0
10169,2025-06-04,R7/2025,14.795,14.75,0.1912,14.25,15.25,128,0
10171,2025-06-04,R6/2025,14.8301,14.75,0.1395,14.5,15.25,128,0
10173,2025-06-04,R5/2025,14.8359,14.75,0.1305,14.75,15.25,128,0
10175,2025-06-04,R4/2025,14.834,14.75,0.1299,14.75,15.25,128,0
10113,2025-06-05,R3/2027,11.7255,12.0,1.2226,9.0,15.0,92,0
10115,2025-06-05,R2/2027,11.9743,12.0,1.1616,9.0,15.0,107,0
10117,2025-06-05,R1/2027,12.2041,12.0,1.1455,9.0,15.0,109,0
10119,2025-06-05,R8/2026,12.4359,12.5,1.0958,9.5,15.0,131,0
10121,2025-06-05,R7/2026,12.6329,12.75,1.0651,10.0,15.0,128,0
10123,2025-06-05,R6/2026,12.8496,13.0,1.0441,10.0,15.0,128,0
10125,2025-06-05,R5/2026,13.1113,13.25,1.0207,10.0,15.0,128,0
10143,2025-06-05,R4/2025,14.8321,14.75,0.1253,14.75,15.25,131,0
10129,2025-06-05,R3/2026,13.8086,14.0,0.855,11.25,15.0,128,0
10131,2025-06-05,R2/2026,14.1699,14.25,0.6782,12.25,15.0,128,0
10133,2025-06-05,R1/2026,14.4649,14.505,0.4849,12.75,15.25,128,0
10135,2025-06-05,R8/2025,14.7049,14.75,0.3154,13.5,15.25,133,0
10137,2025-06-05,R7/2025,14.7921,14.75,0.1883,14.25,15.25,131,0
10139,2025-06-05,R6/2025,14.8282,14.75,0.1349,14.5,15.25,131,0
10141,2025-06-05,R5/2025,14.834,14.75,0.1259,14.75,15.25,131,0
10127,2025-06-05,R4/2026,13.4316,13.5,0.9736,10.25,15.0,128,0
10081,2025-06-06,R3/2027,11.734,12.0,1.2121,9.0,15.0,94,0
10083,2025-06-06,R2/2027,11.9745,12.0,1.1532,9.0,15.0,108,0
10091,2025-06-06,R6/2026,12.8712,13.0,1.0397,10.0,15.25,132,0
10085,2025-06-06,R1/2027,12.2068,12.125,1.1391,9.0,15.0,110,0
10087,2025-06-06,R8/2026,12.4433,12.5,1.0809,9.5,15.0,135,0
10089,2025-06-06,R7/2026,12.6383,12.5,1.0594,10.0,15.0,132,0
10093,2025-06-06,R5/2026,13.1439,13.25,1.0146,10.0,15.25,132,0
10107,2025-06-06,R6/2025,14.8463,14.75,0.1459,14.5,15.25,135,0
10097,2025-06-06,R3/2026,13.8598,14.0,0.8378,11.25,15.25,132,0
10095,2025-06-06,R4/2026,13.4773,13.5,0.9636,10.25,15.25,132,0
10109,2025-06-06,R5/2025,14.8519,14.75,0.1371,14.75,15.25,135,0
10105,2025-06-06,R7/2025,14.8112,14.75,0.1983,14.25,15.25,135,0
10111,2025-06-06,R4/2025,14.8463,14.75,0.129,14.75,15.25,135,0
10101,2025-06-06,R1/2026,14.5058,14.75,0.487,12.75,15.25,132,0
10103,2025-06-06,R8/2025,14.7281,14.75,0.3232,13.5,15.25,137,0
10099,2025-06-06,R2/2026,14.2197,14.5,0.6805,12.25,15.25,132,0
10049,2025-06-09,R3/2027,11.7579,12.0,1.184,9.0,15.0,95,0
10051,2025-06-09,R2/2027,11.9954,12.0,1.1329,9.0,15.0,108,0
10053,2025-06-09,R1/2027,12.2273,12.25,1.1193,9.0,15.0,110,0
10055,2025-06-09,R8/2026,12.4616,12.5,1.064,9.5,15.0,134,0
10057,2025-06-09,R7/2026,12.6432,12.5,1.0402,10.0,15.0,131,0
10061,2025-06-09,R5/2026,13.1489,13.25,1.0056,10.0,15.25,131,0
10063,2025-06-09,R4/2026,13.4828,13.5,0.9587,10.25,15.25,131,0
10059,2025-06-09,R6/2026,12.876,13.0,1.0265,10.0,15.25,131,0
10067,2025-06-09,R2/2026,14.229,14.5,0.6754,12.25,15.25,131,0
10069,2025-06-09,R1/2026,14.5153,14.75,0.4813,12.75,15.25,131,0
10071,2025-06-09,R8/2025,14.7371,14.75,0.3141,13.5,15.25,136,0
10073,2025-06-09,R7/2025,14.8135,14.75,0.1972,14.25,15.25,134,0
10075,2025-06-09,R6/2025,14.8451,14.75,0.1458,14.5,15.25,134,0
10077,2025-06-09,R5/2025,14.8507,14.75,0.137,14.75,15.25,134,0
10079,2025-06-09,R4/2025,14.8451,14.75,0.1288,14.75,15.25,134,0
10065,2025-06-09,R3/2026,13.8683,14.0,0.8336,11.25,15.25,131,0
10027,2025-06-10,R6/2026,12.8816,13.0,1.0221,10.0,15.25,133,0
10017,2025-06-10,R3/2027,11.7706,12.0,1.1817,9.0,15.0,97,0
10019,2025-06-10,R2/2027,11.9954,12.0,1.1308,9.0,15.0,109,0
10021,2025-06-10,R1/2027,12.2297,12.25,1.1171,9.0,15.0,111,0
10023,2025-06-10,R8/2026,12.464,12.5,1.059,9.5,15.0,136,0
10025,2025-06-10,R7/2026,12.6467,12.5,1.0351,10.0,15.0,133,0
10029,2025-06-10,R5/2026,13.1579,13.25,1.0026,10.0,15.25,133,0
10043,2025-06-10,R6/2025,14.8456,14.75,0.1456,14.5,15.25,136,0
10033,2025-06-10,R3/2026,13.8797,14.0,0.8332,11.25,15.25,133,0
10035,2025-06-10,R2/2026,14.2387,14.5,0.6751,12.25,15.25,133,0
10037,2025-06-10,R1/2026,14.5208,14.75,0.4799,12.75,15.25,133,0
10039,2025-06-10,R8/2025,14.7391,14.75,0.3126,13.5,15.25,138,0
10041,2025-06-10,R7/2025,14.8144,14.75,0.1964,14.25,15.25,136,0
10045,2025-06-10,R5/2025,14.8511,14.75,0.1369,14.75,15.25,136,0
10047,2025-06-10,R4/2025,14.8456,14.75,0.1288,14.75,15.25,136,0
10031,2025-06-10,R4/2026,13.4944,13.5,0.9575,10.25,15.25,133,0
9997,2025-06-11,R5/2026,13.1579,13.25,1.0026,10.0,15.25,133,0
9985,2025-06-11,R3/2027,11.7603,12.0,1.184,9.0,15.0,97,0
9987,2025-06-11,R2/2027,11.9885,12.0,1.133,9.0,15.0,109,0
9989,2025-06-11,R1/2027,12.2252,12.25,1.119,9.0,15.0,111,0
9991,2025-06-11,R8/2026,12.464,12.5,1.0629,9.5,15.0,136,0
9993,2025-06-11,R7/2026,12.6467,12.5,1.0351,10.0,15.0,133,0
9999,2025-06-11,R4/2026,13.4962,13.5,0.9553,10.25,15.25,133,0
9995,2025-06-11,R6/2026,12.8816,13.0,1.0221,10.0,15.25,133,0
10003,2025-06-11,R2/2026,14.2406,14.5,0.6726,12.25,15.25,133,0
10015,2025-06-11,R4/2025,14.8493,14.75,0.1296,14.75,15.25,136,0
10005,2025-06-11,R1/2026,14.5226,14.75,0.4774,12.75,15.25,133,0
10007,2025-06-11,R8/2025,14.7446,14.75,0.3109,13.5,15.25,139,0
10009,2025-06-11,R7/2025,14.8199,14.75,0.1957,14.25,15.25,136,0
10011,2025-06-11,R6/2025,14.8493,14.75,0.1463,14.5,15.25,136,0
10013,2025-06-11,R5/2025,14.8548,14.75,0.1375,14.75,15.25,136,0
10001,2025-06-11,R3/2026,13.8816,14.0,0.8309,11.25,15.25,133,0
9953,2025-06-12,R3/2027,11.7758,12.0,1.1903,9.0,15.0,97,0
9955,2025-06-12,R2/2027,12.0046,12.0,1.1471,9.0,15.0,108,0
9957,2025-06-12,R1/2027,12.2477,12.25,1.1399,9.0,15.0,110,0
9959,2025-06-12,R8/2026,12.475,12.5,1.0637,9.5,15.0,136,0
9961,2025-06-12,R7/2026,12.6542,12.5,1.0358,10.0,15.0,133,0
9963,2025-06-12,R6/2026,12.8891,13.0,1.022,10.0,15.25,133,0
9965,2025-06-12,R5/2026,13.1654,13.25,1.0018,10.0,15.25,133,0
9967,2025-06-12,R4/2026,13.5019,13.5,0.9551,10.25,15.25,133,0
9969,2025-06-12,R3/2026,13.8872,14.0,0.8308,11.25,15.25,133,0
9971,2025-06-12,R2/2026,14.2462,14.5,0.6723,12.25,15.25,133,0
9973,2025-06-12,R1/2026,14.5283,14.75,0.4776,12.75,15.25,133,0
9975,2025-06-12,R8/2025,14.7482,14.75,0.3124,13.5,15.25,139,0
9977,2025-06-12,R7/2025,14.8236,14.75,0.1967,14.25,15.25,136,0
9979,2025-06-12,R6/2025,14.8529,14.75,0.1469,14.5,15.25,136,0
9981,2025-06-12,R5/2025,14.8585,14.75,0.1379,14.75,15.25,136,0
9983,2025-06-12,R4/2025,14.8529,14.75,0.1303,14.75,15.25,136,0
9921,2025-06-13,R3/2027,11.8077,12.0,1.2467,9.0,15.0,104,0
9923,2025-06-13,R2/2027,12.0461,12.0,1.1831,9.0,15.0,114,0
9925,2025-06-13,R1/2027,12.2717,12.5,1.164,9.0,15.0,115,0
9927,2025-06-13,R8/2026,12.5269,12.5,1.0953,9.5,15.0,143,0
9929,2025-06-13,R7/2026,12.6929,12.75,1.067,10.0,15.0,140,0
9931,2025-06-13,R6/2026,12.9232,13.0,1.0415,10.0,15.25,140,0
9933,2025-06-13,R5/2026,13.1929,13.25,1.0051,10.0,15.25,140,0
9951,2025-06-13,R4/2025,14.8584,14.75,0.1274,14.75,15.25,143,0
9937,2025-06-13,R3/2026,13.9179,14.0,0.8229,11.25,15.25,140,0
9939,2025-06-13,R2/2026,14.2804,14.5,0.6665,12.25,15.25,140,0
9941,2025-06-13,R1/2026,14.5554,14.75,0.4687,12.75,15.25,140,0
9943,2025-06-13,R8/2025,14.7586,14.75,0.3018,13.5,15.25,146,0
9945,2025-06-13,R7/2025,14.834,14.75,0.1892,14.25,15.25,143,0
9947,2025-06-13,R6/2025,14.8584,14.75,0.1435,14.5,15.25,143,0
9949,2025-06-13,R5/2025,14.8636,14.75,0.1346,14.75,15.25,143,0
9935,2025-06-13,R4/2026,13.5304,13.5,0.9437,10.25,15.25,140,0
9899,2025-06-16,R6/2026,12.9137,13.0,1.0391,10.0,15.25,139,0
9891,2025-06-16,R2/2027,12.0376,12.0,1.1661,9.0,15.0,113,0
9889,2025-06-16,R3/2027,11.801,12.0,1.2215,9.0,15.0,103,0
9893,2025-06-16,R1/2027,12.2654,12.375,1.152,9.0,15.0,114,0
9895,2025-06-16,R8/2026,12.5199,12.5,1.0858,9.5,15.0,143,0
9897,2025-06-16,R7/2026,12.6835,12.75,1.0651,10.0,15.0,139,0
9901,2025-06-16,R5/2026,13.1835,13.25,1.0025,10.0,15.25,139,0
9915,2025-06-16,R6/2025,14.8584,14.75,0.1435,14.5,15.25,143,0
9905,2025-06-16,R3/2026,13.9101,14.0,0.8207,11.25,15.25,139,0
9903,2025-06-16,R4/2026,13.5216,13.5,0.9414,10.25,15.25,139,0
9917,2025-06-16,R5/2025,14.8636,14.75,0.1346,14.75,15.25,143,0
9913,2025-06-16,R7/2025,14.8339,14.75,0.1892,14.25,15.25,143,0
9919,2025-06-16,R4/2025,14.8584,14.75,0.1274,14.75,15.25,143,0
9909,2025-06-16,R1/2026,14.5522,14.75,0.4689,12.75,15.25,139,0
9911,2025-06-16,R8/2025,14.7586,14.75,0.3018,13.5,15.25,146,0
9907,2025-06-16,R2/2026,14.2752,14.5,0.666,12.25,15.25,139,0
9857,2025-06-17,R3/2027,11.7933,12.0,1.2181,9.0,15.0,104,0
9859,2025-06-17,R2/2027,12.0329,12.0,1.162,9.0,15.0,114,0
9861,2025-06-17,R1/2027,12.2587,12.25,1.1492,9.0,15.0,115,0
9863,2025-06-17,R8/2026,12.5128,12.5,1.0853,9.5,15.0,144,0
9865,2025-06-17,R7/2026,12.6804,12.625,1.0619,10.0,15.0,140,0
9869,2025-06-17,R5/2026,13.1839,13.25,0.9989,10.0,15.25,140,0
9871,2025-06-17,R4/2026,13.5232,13.5,0.9382,10.25,15.25,140,0
9867,2025-06-17,R6/2026,12.9125,13.0,1.0355,10.0,15.25,140,0
9875,2025-06-17,R2/2026,14.2786,14.5,0.6649,12.25,15.25,140,0
9877,2025-06-17,R1/2026,14.5536,14.75,0.4675,12.75,15.25,140,0
9879,2025-06-17,R8/2025,14.7585,14.75,0.3008,13.5,15.25,147,0
9881,2025-06-17,R7/2025,14.8333,14.75,0.1887,14.25,15.25,144,0
9883,2025-06-17,R6/2025,14.8576,14.75,0.1433,14.5,15.25,144,0
9885,2025-06-17,R5/2025,14.8628,14.75,0.1345,14.75,15.25,144,0
9887,2025-06-17,R4/2025,14.8576,14.75,0.1272,14.75,15.25,144,0
9873,2025-06-17,R3/2026,13.9125,14.0,0.8183,11.25,15.25,140,0
9835,2025-06-18,R6/2026,12.9043,13.0,1.0364,10.0,15.25,141,0
9825,2025-06-18,R3/2027,11.7689,12.0,1.2212,9.0,15.0,106,0
9827,2025-06-18,R2/2027,12.0065,12.0,1.171,9.0,15.0,116,0
9829,2025-06-18,R1/2027,12.25,12.25,1.1461,9.0,15.0,116,0
9831,2025-06-18,R8/2026,12.5041,12.5,1.0866,9.5,15.0,145,0
9833,2025-06-18,R7/2026,12.6721,12.5,1.0627,10.0,15.0,141,0
9837,2025-06-18,R5/2026,13.1755,13.25,1.0003,10.0,15.25,141,0
9851,2025-06-18,R6/2025,14.8569,14.75,0.1431,14.5,15.25,145,0
9841,2025-06-18,R3/2026,13.9131,14.0,0.8154,11.25,15.25,141,0
9843,2025-06-18,R2/2026,14.2819,14.5,0.6637,12.25,15.25,141,0
9845,2025-06-18,R1/2026,14.555,14.75,0.4661,12.75,15.25,141,0
9847,2025-06-18,R8/2025,14.7584,14.75,0.2998,13.5,15.25,148,0
9849,2025-06-18,R7/2025,14.8328,14.75,0.1881,14.25,15.25,145,0
9853,2025-06-18,R5/2025,14.8621,14.75,0.1343,14.75,15.25,145,0
9855,2025-06-18,R4/2025,14.8569,14.75,0.1271,14.75,15.25,145,0
9839,2025-06-18,R4/2026,13.5213,13.5,0.9352,10.25,15.25,141,0
9803,2025-06-20,R7/2026,12.7105,12.75,0.9933,10.0,15.0,139,0
9795,2025-06-20,R3/2027,11.7477,11.75,1.1368,9.5,15.0,108,0
9793,2025-06-20,R4/2027,11.5284,11.5,1.2993,9.5,15.0,44,0
9797,2025-06-20,R2/2027,12.0259,12.0,1.0963,10.0,15.0,116,0
9799,2025-06-20,R1/2027,12.2802,12.25,1.0749,10.0,15.0,116,0
9801,2025-06-20,R8/2026,12.5357,12.5,1.0088,10.0,15.0,143,0
9805,2025-06-20,R6/2026,12.9586,13.0,0.9734,10.0,15.25,139,0
9819,2025-06-20,R7/2025,14.9149,15.0,0.1618,14.25,15.25,144,0
9809,2025-06-20,R4/2026,13.6321,13.75,0.8811,10.5,15.25,140,0
9807,2025-06-20,R5/2026,13.2714,13.375,0.9466,10.0,15.25,140,0
9821,2025-06-20,R6/2025,14.9306,15.0,0.1299,14.5,15.25,144,0
9817,2025-06-20,R8/2025,14.8401,15.0,0.2735,13.5,15.25,147,0
9823,2025-06-20,R5/2025,14.934,15.0,0.1214,14.75,15.25,144,0
9813,2025-06-20,R2/2026,14.3946,14.5,0.6254,12.25,15.25,140,0
9815,2025-06-20,R1/2026,14.6518,14.75,0.4317,12.75,15.25,140,0
9811,2025-06-20,R3/2026,14.0286,14.25,0.7712,11.5,15.25,140,0
9761,2025-06-23,R4/2027,11.4198,11.5,1.2322,9.5,15.0,53,0
9763,2025-06-23,R3/2027,11.7199,11.75,1.1435,9.5,15.0,108,0
9765,2025-06-23,R2/2027,12.0065,12.0,1.1032,10.0,15.0,116,0
9767,2025-06-23,R1/2027,12.2694,12.25,1.0814,10.0,15.0,116,0
9769,2025-06-23,R8/2026,12.5486,12.5,1.0099,10.0,15.0,141,0
9773,2025-06-23,R6/2026,12.9745,13.0,0.9728,10.0,15.25,137,0
9771,2025-06-23,R7/2026,12.7245,12.75,0.9941,10.0,15.0,137,0
9779,2025-06-23,R3/2026,14.0598,14.25,0.7539,11.5,15.25,138,0
9781,2025-06-23,R2/2026,14.4149,14.5,0.612,12.25,15.25,138,0
9783,2025-06-23,R1/2026,14.6685,14.75,0.4215,12.75,15.25,138,0
9785,2025-06-23,R8/2025,14.8517,15.0,0.2618,13.5,15.25,145,0
9787,2025-06-23,R7/2025,14.9243,15.0,0.1483,14.25,15.25,142,0
9789,2025-06-23,R6/2025,14.9401,15.0,0.1184,14.5,15.25,142,0
9791,2025-06-23,R5/2025,14.9419,15.0,0.1136,14.75,15.25,142,0
9777,2025-06-23,R4/2026,13.6612,13.75,0.8774,10.5,15.25,138,0
9775,2025-06-23,R5/2026,13.2935,13.375,0.9484,10.0,15.25,138,0
9741,2025-06-24,R6/2026,12.9763,13.0,0.958,10.0,15.25,137,0
9729,2025-06-24,R4/2027,11.4136,11.5,1.211,9.5,15.0,55,0
9731,2025-06-24,R3/2027,11.7179,11.75,1.1384,9.5,15.0,109,0
9733,2025-06-24,R2/2027,11.9935,12.0,1.0944,10.0,15.0,116,0
9735,2025-06-24,R1/2027,12.2565,12.25,1.0695,10.0,15.0,116,0
9737,2025-06-24,R8/2026,12.5379,12.5,0.9945,10.0,15.0,141,0
9739,2025-06-24,R7/2026,12.7209,12.75,0.9773,10.0,15.0,137,0
9745,2025-06-24,R4/2026,13.6721,13.75,0.8711,10.5,15.25,138,0
9747,2025-06-24,R3/2026,14.0725,14.25,0.7507,11.5,15.25,138,0
9749,2025-06-24,R2/2026,14.4239,14.5,0.6084,12.25,15.25,138,0
9751,2025-06-24,R1/2026,14.6775,14.75,0.4194,12.75,15.25,138,0
9753,2025-06-24,R8/2025,14.8621,15.0,0.2558,13.5,15.25,145,0
9755,2025-06-24,R7/2025,14.9278,15.0,0.1471,14.25,15.25,142,0
9757,2025-06-24,R6/2025,14.9419,15.0,0.1174,14.5,15.25,142,0
9759,2025-06-24,R5/2025,14.9437,15.0,0.1126,14.75,15.25,142,0
9743,2025-06-24,R5/2026,13.3007,13.5,0.9374,10.0,15.25,138,0
9697,2025-06-25,R4/2027,11.4518,11.5,1.2062,9.5,15.0,57,0
9699,2025-06-25,R3/2027,11.7317,11.75,1.1387,9.5,15.0,109,0
9701,2025-06-25,R2/2027,12.0022,12.0,1.0944,10.0,15.0,116,0
9703,2025-06-25,R1/2027,12.2608,12.25,1.0695,10.0,15.0,116,0
9705,2025-06-25,R8/2026,12.543,12.5,0.9927,10.0,15.0,142,0
9707,2025-06-25,R7/2026,12.7229,12.75,0.9759,10.0,15.0,138,0
9709,2025-06-25,R6/2026,12.9746,13.0,0.9566,10.0,15.25,138,0
9711,2025-06-25,R5/2026,13.295,13.5,0.9365,10.0,15.25,139,0
9713,2025-06-25,R4/2026,13.6673,13.75,0.8699,10.5,15.25,139,0
9715,2025-06-25,R3/2026,14.0665,14.25,0.7482,11.5,15.25,139,0
9717,2025-06-25,R2/2026,14.4227,14.5,0.6086,12.25,15.25,139,0
9719,2025-06-25,R1/2026,14.6781,14.75,0.419,12.75,15.25,139,0
9721,2025-06-25,R8/2025,14.863,15.0,0.2552,13.5,15.25,146,0
9723,2025-06-25,R7/2025,14.9301,15.0,0.1461,14.25,15.25,143,0
9725,2025-06-25,R6/2025,14.9441,15.0,0.1161,14.5,15.25,143,0
9727,2025-06-25,R5/2025,14.9458,15.0,0.1112,14.75,15.25,143,0
9665,2025-06-26,R4/2027,11.4492,11.5,1.1859,9.5,15.0,59,0
9667,2025-06-26,R3/2027,11.7362,11.75,1.1368,9.5,15.0,109,0
9669,2025-06-26,R2/2027,12.0043,12.0,1.0942,10.0,15.0,116,0
9671,2025-06-26,R1/2027,12.2629,12.375,1.0697,10.0,15.0,116,0
9673,2025-06-26,R8/2026,12.5482,12.5,0.9976,10.0,15.0,142,0
9675,2025-06-26,R7/2026,12.7283,12.75,0.98,10.0,15.0,138,0
9677,2025-06-26,R6/2026,12.9783,13.0,0.9595,10.0,15.25,138,0
9695,2025-06-26,R5/2025,14.9493,15.0,0.1089,14.75,15.25,143,0
9681,2025-06-26,R4/2026,13.6673,13.75,0.874,10.5,15.25,139,0
9683,2025-06-26,R3/2026,14.0647,14.25,0.7499,11.5,15.25,139,0
9685,2025-06-26,R2/2026,14.4263,14.5,0.6083,12.25,15.25,139,0
9687,2025-06-26,R1/2026,14.6799,14.75,0.4145,12.75,15.25,139,0
9689,2025-06-26,R8/2025,14.8664,15.0,0.2486,13.5,15.25,146,0
9691,2025-06-26,R7/2025,14.9371,15.0,0.1401,14.25,15.25,143,0
9693,2025-06-26,R6/2025,14.9476,15.0,0.1139,14.5,15.25,143,0
9679,2025-06-26,R5/2026,13.2986,13.5,0.9382,10.0,15.25,139,0
9643,2025-06-27,R7/2026,12.7209,12.75,0.9499,10.0,15.0,137,0
9633,2025-06-27,R4/2027,11.3356,11.25,1.1213,9.5,15.0,73,0
9635,2025-06-27,R3/2027,11.6869,11.5,1.1117,9.5,15.0,111,0
9637,2025-06-27,R2/2027,11.9504,12.0,1.0623,10.0,15.0,116,0
9639,2025-06-27,R1/2027,12.2177,12.25,1.0242,10.0,15.0,116,0
9641,2025-06-27,R8/2026,12.5291,12.5,0.9661,10.0,15.0,141,0
9645,2025-06-27,R6/2026,12.969,13.0,0.9312,10.0,15.25,137,0
9647,2025-06-27,R5/2026,13.3025,13.375,0.9106,10.0,15.25,138,0
9649,2025-06-27,R4/2026,13.6793,13.75,0.84,10.5,15.25,138,0
9651,2025-06-27,R3/2026,14.0851,14.25,0.7214,11.5,15.25,138,0
9653,2025-06-27,R2/2026,14.4457,14.5,0.5849,12.25,15.25,138,0
9655,2025-06-27,R1/2026,14.7011,14.75,0.3968,12.75,15.25,138,0
9657,2025-06-27,R8/2025,14.8853,15.0,0.2361,13.5,15.25,146,0
9659,2025-06-27,R7/2025,14.9528,15.0,0.1287,14.25,15.25,143,0
9661,2025-06-27,R6/2025,14.965,15.0,0.1007,14.5,15.25,143,0
9663,2025-06-27,R5/2025,14.9668,15.0,0.0946,14.75,15.25,143,0
9601,2025-06-30,R4/2027,11.2434,11.125,1.0645,9.5,15.0,76,0
9603,2025-06-30,R3/2027,11.6514,11.5,1.0741,9.5,15.0,109,0
9605,2025-06-30,R2/2027,11.9167,12.0,1.0295,10.0,15.0,114,0
9607,2025-06-30,R1/2027,12.1842,12.25,0.9956,10.0,15.0,114,0
9609,2025-06-30,R8/2026,12.5025,12.5,0.947,10.0,15.0,139,0
9611,2025-06-30,R7/2026,12.6964,12.75,0.933,10.0,15.0,135,0
9613,2025-06-30,R6/2026,12.9481,13.0,0.919,10.0,15.25,135,0
9615,2025-06-30,R5/2026,13.2904,13.25,0.9086,10.0,15.25,136,0
9617,2025-06-30,R4/2026,13.6691,13.75,0.8396,10.5,15.25,136,0
9619,2025-06-30,R3/2026,14.0809,14.25,0.7256,11.5,15.25,136,0
9621,2025-06-30,R2/2026,14.4412,14.5,0.5865,12.25,15.25,136,0
9623,2025-06-30,R1/2026,14.6985,14.75,0.3977,12.75,15.25,136,0
9625,2025-06-30,R8/2025,14.8854,15.0,0.2355,13.5,15.25,144,0
9627,2025-06-30,R7/2025,14.9539,15.0,0.1249,14.25,15.25,141,0
9629,2025-06-30,R6/2025,14.9663,15.0,0.0952,14.5,15.25,141,0
9631,2025-06-30,R5/2025,14.9681,15.0,0.0886,14.75,15.25,141,0
9569,2025-07-01,R4/2027,11.2372,11.0,1.0515,9.5,15.0,78,0
9571,2025-07-01,R3/2027,11.6591,11.5,1.0594,9.5,15.0,110,0
9573,2025-07-01,R2/2027,11.9261,12.0,1.0129,10.0,15.0,115,0
9575,2025-07-01,R1/2027,12.1957,12.25,0.9812,10.0,15.0,115,0
9577,2025-07-01,R8/2026,12.5079,12.5,0.9405,10.0,15.0,140,0
9579,2025-07-01,R7/2026,12.7041,12.625,0.9285,10.0,15.0,136,0
9581,2025-07-01,R6/2026,12.9577,13.0,0.9128,10.0,15.25,136,0
9599,2025-07-01,R5/2025,14.9718,15.0,0.0844,14.75,15.25,142,0
9585,2025-07-01,R4/2026,13.6752,13.75,0.8307,10.5,15.25,137,0
9587,2025-07-01,R3/2026,14.0858,14.25,0.717,11.5,15.25,137,0
9589,2025-07-01,R2/2026,14.4489,14.5,0.5819,12.25,15.25,137,0
9591,2025-07-01,R1/2026,14.7083,14.75,0.3954,12.75,15.25,138,0
9593,2025-07-01,R8/2025,14.8897,15.0,0.231,13.5,15.25,145,0
9595,2025-07-01,R7/2025,14.9577,15.0,0.1186,14.25,15.25,142,0
9597,2025-07-01,R6/2025,14.9701,15.0,0.0914,14.5,15.25,142,0
9583,2025-07-01,R5/2026,13.3011,13.25,0.9002,10.0,15.25,137,0
9547,2025-07-02,R7/2026,12.7041,12.625,0.9285,10.0,15.0,136,0
9537,2025-07-02,R4/2027,11.231,11.0,1.0462,9.5,15.0,79,0
9539,2025-07-02,R3/2027,11.6591,11.5,1.0594,9.5,15.0,110,0
9541,2025-07-02,R2/2027,11.9261,12.0,1.0129,10.0,15.0,115,0
9543,2025-07-02,R1/2027,12.1957,12.25,0.9812,10.0,15.0,115,0
9545,2025-07-02,R8/2026,12.5079,12.5,0.9405,10.0,15.0,140,0
9549,2025-07-02,R6/2026,12.9596,13.0,0.9086,10.0,15.25,136,0
9567,2025-07-02,R5/2025,14.9736,15.0,0.0824,14.75,15.25,142,0
9553,2025-07-02,R4/2026,13.677,13.75,0.8273,10.5,15.25,137,0
9555,2025-07-02,R3/2026,14.0876,14.25,0.7139,11.5,15.25,137,0
9557,2025-07-02,R2/2026,14.4507,14.5,0.5793,12.25,15.25,137,0
9559,2025-07-02,R1/2026,14.7101,14.75,0.3927,12.75,15.25,138,0
9561,2025-07-02,R8/2025,14.8914,15.0,0.229,13.5,15.25,145,0
9563,2025-07-02,R7/2025,14.9595,15.0,0.1173,14.25,15.25,142,0
9565,2025-07-02,R6/2025,14.9718,15.0,0.0895,14.5,15.25,142,0
9551,2025-07-02,R5/2026,13.3029,13.25,0.8963,10.0,15.25,137,0
9505,2025-07-03,R4/2027,11.2469,11.0,1.0492,9.5,15.0,80,0
9507,2025-07-03,R3/2027,11.6568,11.5,1.0563,9.5,15.0,110,0
9509,2025-07-03,R2/2027,11.9239,12.0,1.0098,10.0,15.0,115,0
9511,2025-07-03,R1/2027,12.1935,12.25,0.9781,10.0,15.0,115,0
9513,2025-07-03,R8/2026,12.5061,12.5,0.9379,10.0,15.0,140,0
9515,2025-07-03,R7/2026,12.7023,12.625,0.9257,10.0,15.0,136,0
9517,2025-07-03,R6/2026,12.9577,13.0,0.9057,10.0,15.25,136,0
9519,2025-07-03,R5/2026,13.3011,13.25,0.8936,10.0,15.25,137,0
9521,2025-07-03,R4/2026,13.6752,13.75,0.8247,10.5,15.25,137,0
9523,2025-07-03,R3/2026,14.0876,14.25,0.7139,11.5,15.25,137,0
9525,2025-07-03,R2/2026,14.4507,14.5,0.5793,12.25,15.25,137,0
9527,2025-07-03,R1/2026,14.7101,14.75,0.3927,12.75,15.25,138,0
9529,2025-07-03,R8/2025,14.8914,15.0,0.229,13.5,15.25,145,0
9531,2025-07-03,R7/2025,14.9595,15.0,0.1173,14.25,15.25,142,0
9533,2025-07-03,R6/2025,14.9718,15.0,0.0895,14.5,15.25,142,0
9535,2025-07-03,R5/2025,14.9736,15.0,0.0824,14.75,15.25,142,0
9473,2025-07-04,R4/2027,11.2191,11.0,1.0289,9.5,15.0,89,0
9475,2025-07-04,R3/2027,11.6295,11.5,1.0533,9.5,15.0,112,0
9477,2025-07-04,R2/2027,11.8966,12.0,0.999,10.0,15.0,116,0
9479,2025-07-04,R1/2027,12.1659,12.0,0.9615,10.0,15.0,116,0
9481,2025-07-04,R8/2026,12.4777,12.5,0.9199,10.0,15.0,141,0
9483,2025-07-04,R7/2026,12.6771,12.5,0.9057,10.0,15.0,137,0
9485,2025-07-04,R6/2026,12.9307,13.0,0.8964,10.0,15.0,137,0
9503,2025-07-04,R5/2025,14.979,15.0,0.0693,14.75,15.0,143,0
9489,2025-07-04,R4/2026,13.6612,13.75,0.8263,10.5,15.0,138,0
9491,2025-07-04,R3/2026,14.0761,14.25,0.7069,11.5,15.0,138,0
9493,2025-07-04,R2/2026,14.4438,14.5,0.5566,12.5,15.0,138,0
9495,2025-07-04,R1/2026,14.7068,14.75,0.3672,13.5,15.0,139,0
9497,2025-07-04,R8/2025,14.8938,15.0,0.2045,14.0,15.0,146,0
9499,2025-07-04,R7/2025,14.965,15.0,0.1007,14.5,15.0,143,0
9501,2025-07-04,R6/2025,14.979,15.0,0.0693,14.75,15.0,143,0
9487,2025-07-04,R5/2026,13.2754,13.25,0.894,10.0,15.0,138,0
9451,2025-07-07,R7/2026,12.6747,12.5,0.9065,10.0,15.0,136,0
9441,2025-07-07,R4/2027,11.2191,11.0,1.0289,9.5,15.0,89,0
9443,2025-07-07,R3/2027,11.6239,11.5,1.0563,9.5,15.0,111,0
9445,2025-07-07,R2/2027,11.8891,12.0,1.0001,10.0,15.0,115,0
9447,2025-07-07,R1/2027,12.1587,12.0,0.9625,10.0,15.0,115,0
9449,2025-07-07,R8/2026,12.4721,12.5,0.9209,10.0,15.0,140,0
9453,2025-07-07,R6/2026,12.9283,13.0,0.8983,10.0,15.0,136,0
9471,2025-07-07,R5/2025,14.9805,15.0,0.067,14.75,15.0,141,0
9457,2025-07-07,R4/2026,13.6606,13.75,0.8304,10.5,15.0,137,0
9459,2025-07-07,R3/2026,14.0803,14.25,0.7077,11.5,15.0,137,0
9461,2025-07-07,R2/2026,14.4471,14.5,0.5499,12.5,15.0,137,0
9463,2025-07-07,R1/2026,14.7101,14.75,0.359,13.5,15.0,138,0
9465,2025-07-07,R8/2025,14.8976,15.0,0.1985,14.0,15.0,144,0
9467,2025-07-07,R7/2025,14.9663,15.0,0.0997,14.5,15.0,141,0
9469,2025-07-07,R6/2025,14.9805,15.0,0.067,14.75,15.0,141,0
9455,2025-07-07,R5/2026,13.2737,13.25,0.897,10.0,15.0,137,0
9409,2025-07-08,R4/2027,11.2446,11.125,1.0275,9.5,15.0,92,0
9411,2025-07-08,R3/2027,11.6228,11.5,1.0517,9.5,15.0,112,0
9413,2025-07-08,R2/2027,11.8879,12.0,0.9959,10.0,15.0,116,0
9415,2025-07-08,R1/2027,12.1573,12.0,0.9585,10.0,15.0,116,0
9417,2025-07-08,R8/2026,12.4706,12.5,0.9178,10.0,15.0,141,0
9419,2025-07-08,R7/2026,12.6734,12.5,0.9033,10.0,15.0,137,0
9421,2025-07-08,R6/2026,12.9288,13.0,0.895,10.0,15.0,137,0
9423,2025-07-08,R5/2026,13.2754,13.25,0.894,10.0,15.0,138,0
9427,2025-07-08,R3/2026,14.0833,14.25,0.706,11.5,15.0,138,0
9429,2025-07-08,R2/2026,14.4511,14.5,0.5499,12.5,15.0,138,0
9431,2025-07-08,R1/2026,14.7122,14.75,0.3585,13.5,15.0,139,0
9433,2025-07-08,R8/2025,14.9,15.0,0.1978,14.0,15.0,145,0
9435,2025-07-08,R7/2025,14.9665,15.0,0.0994,14.5,15.0,142,0
9437,2025-07-08,R6/2025,14.9806,15.0,0.0668,14.75,15.0,142,0
9439,2025-07-08,R5/2025,14.9806,15.0,0.0668,14.75,15.0,142,0
9425,2025-07-08,R4/2026,13.6612,13.75,0.8252,10.5,15.0,138,0
9389,2025-07-09,R6/2026,12.9257,13.0,0.8945,10.0,15.0,138,0
9379,2025-07-09,R3/2027,11.6228,11.5,1.0517,9.5,15.0,112,0
9381,2025-07-09,R2/2027,11.8879,12.0,0.9959,10.0,15.0,116,0
9383,2025-07-09,R1/2027,12.1573,12.0,0.9585,10.0,15.0,116,0
9385,2025-07-09,R8/2026,12.4708,12.5,0.9146,10.0,15.0,142,0
9387,2025-07-09,R7/2026,12.6722,12.5,0.9002,10.0,15.0,138,0
9391,2025-07-09,R5/2026,13.2734,13.25,0.8931,10.0,15.0,139,0
9377,2025-07-09,R4/2027,11.2446,11.125,1.0275,9.5,15.0,92,0
9395,2025-07-09,R3/2026,14.0899,14.25,0.7001,11.5,15.0,139,0
9407,2025-07-09,R5/2025,14.9825,15.0,0.0638,14.75,15.0,143,0
9405,2025-07-09,R6/2025,14.9825,15.0,0.0638,14.75,15.0,143,0
9403,2025-07-09,R7/2025,14.9685,15.0,0.0975,14.5,15.0,143,0
9393,2025-07-09,R4/2026,13.6637,13.75,0.8206,10.5,15.0,139,0
9399,2025-07-09,R1/2026,14.7196,14.75,0.3567,13.5,15.0,140,0
9397,2025-07-09,R2/2026,14.4622,14.5,0.5472,12.5,15.0,139,0
9401,2025-07-09,R8/2025,14.9024,15.0,0.1971,14.0,15.0,146,0
9345,2025-07-10,R4/2027,11.258,11.25,1.0246,9.5,15.0,94,0
9347,2025-07-10,R3/2027,11.6283,11.5,1.0518,9.5,15.0,113,0
9349,2025-07-10,R2/2027,11.8927,12.0,0.9945,10.0,15.0,117,0
9351,2025-07-10,R1/2027,12.1603,12.0,0.956,10.0,15.0,117,0
9353,2025-07-10,R8/2026,12.4727,12.5,0.9117,10.0,15.0,143,0
9357,2025-07-10,R6/2026,12.9281,13.0,0.8927,10.0,15.0,139,0
9359,2025-07-10,R5/2026,13.2768,13.25,0.8923,10.0,15.0,140,0
9355,2025-07-10,R7/2026,12.6763,12.5,0.8973,10.0,15.0,139,0
9363,2025-07-10,R3/2026,14.0929,14.25,0.6984,11.5,15.0,140,0
9365,2025-07-10,R2/2026,14.4643,14.5,0.5457,12.5,15.0,140,0
9367,2025-07-10,R1/2026,14.7199,14.75,0.3554,13.5,15.0,141,0
9369,2025-07-10,R8/2025,14.9092,15.0,0.1894,14.0,15.0,146,0
9371,2025-07-10,R7/2025,14.9738,15.0,0.0873,14.5,15.0,143,0
9373,2025-07-10,R6/2025,14.986,15.0,0.0575,14.75,15.0,143,0
9375,2025-07-10,R5/2025,14.986,15.0,0.0575,14.75,15.0,143,0
9361,2025-07-10,R4/2026,13.6679,13.75,0.8191,10.5,15.0,140,0
9323,2025-07-11,R7/2026,12.6745,12.75,0.9078,10.0,15.0,139,0
9313,2025-07-11,R4/2027,11.2908,11.25,1.0349,9.5,15.0,98,0
9315,2025-07-11,R3/2027,11.6316,11.5,1.0556,9.5,15.0,114,0
9317,2025-07-11,R2/2027,11.8936,12.0,1.0015,10.0,15.0,118,0
9319,2025-07-11,R1/2027,12.1589,12.0,0.967,10.0,15.0,118,0
9321,2025-07-11,R8/2026,12.4685,12.5,0.9264,10.0,15.0,143,0
9325,2025-07-11,R6/2026,12.9299,13.0,0.9022,10.0,15.0,139,0
9339,2025-07-11,R7/2025,14.979,15.0,0.0809,14.5,15.0,143,0
9329,2025-07-11,R4/2026,13.6714,13.75,0.8249,10.5,15.0,140,0
9331,2025-07-11,R3/2026,14.0946,14.25,0.7023,11.5,15.0,140,0
9333,2025-07-11,R2/2026,14.4679,14.5,0.5517,12.5,15.0,140,0
9335,2025-07-11,R1/2026,14.7234,15.0,0.3619,13.5,15.0,141,0
9337,2025-07-11,R8/2025,14.9127,15.0,0.191,14.0,15.0,146,0
9341,2025-07-11,R6/2025,14.9913,15.0,0.0459,14.75,15.0,143,0
9343,2025-07-11,R5/2025,14.9913,15.0,0.0459,14.75,15.0,143,0
9327,2025-07-11,R5/2026,13.2804,13.25,0.9006,10.0,15.0,140,0
9281,2025-07-14,R4/2027,11.298,11.25,1.0321,9.5,15.0,99,0
9283,2025-07-14,R3/2027,11.6194,11.5,1.0585,9.5,15.0,111,0
9285,2025-07-14,R2/2027,11.8746,12.0,1.0146,10.0,15.0,112,0
9287,2025-07-14,R1/2027,12.1406,12.0,0.9716,10.0,15.0,112,0
9289,2025-07-14,R8/2026,12.4449,12.5,0.9298,10.0,15.0,136,0
9293,2025-07-14,R6/2026,12.9091,13.0,0.8952,10.0,15.0,132,0
9291,2025-07-14,R7/2026,12.6497,12.5,0.9028,10.0,15.0,132,0
9295,2025-07-14,R5/2026,13.2556,13.25,0.8988,10.0,15.0,133,0
9299,2025-07-14,R3/2026,14.0808,14.25,0.7028,11.5,15.0,133,0
9301,2025-07-14,R2/2026,14.4624,14.5,0.5548,12.5,15.0,133,0
9303,2025-07-14,R1/2026,14.7239,15.0,0.3669,13.5,15.0,134,0
9305,2025-07-14,R8/2025,14.9155,15.0,0.1933,14.0,15.0,139,0
9307,2025-07-14,R7/2025,14.9854,15.0,0.0725,14.5,15.0,137,0
9309,2025-07-14,R6/2025,14.9982,15.0,0.0213,14.75,15.0,137,0
9311,2025-07-14,R5/2025,14.9982,15.0,0.0213,14.75,15.0,137,0
9297,2025-07-14,R4/2026,13.6523,13.75,0.8231,10.5,15.0,133,0
9251,2025-07-15,R3/2027,11.6228,11.5,1.0543,9.5,15.0,112,0
9253,2025-07-15,R2/2027,11.8757,12.0,1.0102,10.0,15.0,113,0
9255,2025-07-15,R1/2027,12.1438,12.0,0.9678,10.0,15.0,113,0
9257,2025-07-15,R8/2026,12.4489,12.5,0.9276,10.0,15.0,137,0
9259,2025-07-15,R7/2026,12.6561,12.5,0.9024,10.0,15.0,133,0
9261,2025-07-15,R6/2026,12.9173,13.0,0.8968,10.0,15.0,133,0
9263,2025-07-15,R5/2026,13.2649,13.25,0.9018,10.0,15.0,134,0
9249,2025-07-15,R4/2027,11.305,11.25,1.0293,9.5,15.0,100,0
9267,2025-07-15,R3/2026,14.0877,14.25,0.7046,11.5,15.0,134,0
9269,2025-07-15,R2/2026,14.4664,14.5,0.5547,12.5,15.0,134,0
9271,2025-07-15,R1/2026,14.7259,15.0,0.3663,13.5,15.0,135,0
9273,2025-07-15,R8/2025,14.9161,15.0,0.1927,14.0,15.0,140,0
9275,2025-07-15,R7/2025,14.9855,15.0,0.0723,14.5,15.0,138,0
9277,2025-07-15,R6/2025,14.9982,15.0,0.0212,14.75,15.0,138,0
9279,2025-07-15,R5/2025,14.9982,15.0,0.0212,14.75,15.0,138,0
9265,2025-07-15,R4/2026,13.6623,13.75,0.8282,10.5,15.0,134,0
9217,2025-07-16,R4/2027,11.3119,11.25,1.0265,9.5,15.0,101,0
9219,2025-07-16,R3/2027,11.6305,11.5,1.0529,9.5,15.0,113,0
9221,2025-07-16,R2/2027,11.8811,12.0,1.0074,10.0,15.0,114,0
9223,2025-07-16,R1/2027,12.1513,12.0,0.9669,10.0,15.0,114,0
9225,2025-07-16,R8/2026,12.4529,12.5,0.9255,10.0,15.0,138,0
9227,2025-07-16,R7/2026,12.6624,12.625,0.9019,10.0,15.0,134,0
9229,2025-07-16,R6/2026,12.9216,13.0,0.8949,10.0,15.0,134,0
9231,2025-07-16,R5/2026,13.2704,13.25,0.9006,10.0,15.0,135,0
9235,2025-07-16,R3/2026,14.0907,14.25,0.7029,11.5,15.0,135,0
9237,2025-07-16,R2/2026,14.4667,14.5,0.5526,12.5,15.0,135,0
9239,2025-07-16,R1/2026,14.7279,15.0,0.3657,13.5,15.0,136,0
9241,2025-07-16,R8/2025,14.9167,15.0,0.1922,14.0,15.0,141,0
9243,2025-07-16,R7/2025,14.9856,15.0,0.072,14.5,15.0,139,0
9245,2025-07-16,R6/2025,14.9982,15.0,0.0211,14.75,15.0,139,0
9247,2025-07-16,R5/2025,14.9982,15.0,0.0211,14.75,15.0,139,0
9233,2025-07-16,R4/2026,13.6648,13.75,0.8256,10.5,15.0,135,0
9185,2025-07-17,R4/2027,11.3186,11.25,1.0237,9.5,15.0,102,0
9187,2025-07-17,R3/2027,11.6261,11.5,1.0502,9.5,15.0,113,0
9189,2025-07-17,R2/2027,11.8768,12.0,1.0058,10.0,15.0,114,0
9191,2025-07-17,R1/2027,12.1469,12.0,0.9664,10.0,15.0,114,0
9193,2025-07-17,R8/2026,12.4493,12.5,0.9262,10.0,15.0,138,0
9195,2025-07-17,R7/2026,12.6568,12.5,0.9037,10.0,15.0,134,0
9197,2025-07-17,R6/2026,12.9142,13.0,0.8983,10.0,15.0,134,0
9201,2025-07-17,R4/2026,13.6593,13.75,0.8259,10.5,15.0,135,0
9203,2025-07-17,R3/2026,14.0852,14.25,0.7026,11.5,15.0,135,0
9215,2025-07-17,R5/2025,14.9982,15.0,0.0211,14.75,15.0,139,0
9213,2025-07-17,R6/2025,14.9982,15.0,0.0211,14.75,15.0,139,0
9211,2025-07-17,R7/2025,14.9856,15.0,0.072,14.5,15.0,139,0
9199,2025-07-17,R5/2026,13.263,13.25,0.9028,10.0,15.0,135,0
9207,2025-07-17,R1/2026,14.7261,15.0,0.3649,13.5,15.0,136,0
9205,2025-07-17,R2/2026,14.4611,14.5,0.551,12.5,15.0,135,0
9209,2025-07-17,R8/2025,14.9167,15.0,0.1922,14.0,15.0,141,0
9153,2025-07-18,R4/2027,11.2798,11.25,1.0236,9.0,15.0,109,0
9155,2025-07-18,R3/2027,11.5833,11.5,1.0444,9.5,15.0,117,0
9157,2025-07-18,R2/2027,11.8386,12.0,0.9978,10.0,15.0,118,0
9159,2025-07-18,R1/2027,12.125,12.0,0.9516,10.0,15.0,118,0
9161,2025-07-18,R8/2026,12.4504,12.5,0.9125,10.0,15.0,141,0
9165,2025-07-18,R6/2026,12.9033,13.0,0.8936,10.0,15.0,137,0
9167,2025-07-18,R5/2026,13.2445,13.25,0.8845,10.0,15.0,137,0
9163,2025-07-18,R7/2026,12.6534,12.5,0.893,10.0,15.0,137,0
9171,2025-07-18,R3/2026,14.073,14.0,0.6975,11.5,15.0,137,0
9173,2025-07-18,R2/2026,14.4544,14.5,0.5497,12.5,15.0,137,0
9175,2025-07-18,R1/2026,14.7264,15.0,0.3648,13.5,15.0,138,0
9177,2025-07-18,R8/2025,14.9196,15.0,0.1907,14.0,15.0,143,0
9179,2025-07-18,R7/2025,14.9858,15.0,0.0715,14.5,15.0,141,0
9181,2025-07-18,R6/2025,15.0,15.0,0.0,15.0,15.0,141,0
9183,2025-07-18,R5/2025,15.0,15.0,0.0,15.0,15.0,141,0
9169,2025-07-18,R4/2026,13.6442,13.75,0.8132,10.5,15.0,137,0
9131,2025-07-21,R7/2026,12.6421,12.5,0.8801,10.0,15.0,132,0
9121,2025-07-21,R4/2027,11.2453,11.25,0.9719,9.0,15.0,106,0
9123,2025-07-21,R3/2027,11.5642,11.5,1.0098,9.5,15.0,113,0
9125,2025-07-21,R2/2027,11.8263,12.0,0.9656,10.0,15.0,114,0
9127,2025-07-21,R1/2027,12.114,12.0,0.9231,10.0,15.0,114,0
9129,2025-07-21,R8/2026,12.4375,12.5,0.8956,10.0,15.0,136,0
9133,2025-07-21,R6/2026,12.892,13.0,0.8856,10.0,15.0,132,0
9147,2025-07-21,R7/2025,14.9853,15.0,0.0728,14.5,15.0,136,0
9137,2025-07-21,R4/2026,13.625,13.75,0.8168,10.5,15.0,132,0
9139,2025-07-21,R3/2026,14.053,14.0,0.7011,11.5,15.0,132,0
9141,2025-07-21,R2/2026,14.4337,14.5,0.5495,12.5,15.0,132,0
9143,2025-07-21,R1/2026,14.7162,15.0,0.3676,13.5,15.0,133,0
9145,2025-07-21,R8/2025,14.9167,15.0,0.1935,14.0,15.0,138,0
9149,2025-07-21,R6/2025,15.0,15.0,0.0,15.0,15.0,136,0
9135,2025-07-21,R5/2026,13.2311,13.25,0.8821,10.0,15.0,132,0
9151,2025-07-21,R5/2025,15.0,15.0,0.0,15.0,15.0,136,0
9101,2025-07-22,R6/2026,12.8872,13.0,0.8776,10.0,15.0,133,0
9089,2025-07-22,R4/2027,11.2453,11.25,0.9715,9.0,15.0,107,0
9091,2025-07-22,R3/2027,11.5614,11.5,1.0096,9.5,15.0,114,0
9093,2025-07-22,R2/2027,11.8235,12.0,0.9653,10.0,15.0,115,0
9095,2025-07-22,R1/2027,12.113,12.0,0.9215,10.0,15.0,115,0
9097,2025-07-22,R8/2026,12.4361,12.5,0.8925,10.0,15.0,137,0
9099,2025-07-22,R7/2026,12.6392,12.5,0.8743,10.0,15.0,133,0
9105,2025-07-22,R4/2026,13.6222,13.75,0.8097,10.5,15.0,133,0
9107,2025-07-22,R3/2026,14.0526,14.0,0.6964,11.5,15.0,133,0
9109,2025-07-22,R2/2026,14.4361,14.5,0.5481,12.5,15.0,133,0
9111,2025-07-22,R1/2026,14.7183,15.0,0.367,13.5,15.0,134,0
9113,2025-07-22,R8/2025,14.9173,15.0,0.1929,14.0,15.0,139,0
9115,2025-07-22,R7/2025,14.9854,15.0,0.0725,14.5,15.0,137,0
9117,2025-07-22,R6/2025,15.0,15.0,0.0,15.0,15.0,137,0
9119,2025-07-22,R5/2025,15.0,15.0,0.0,15.0,15.0,137,0
9103,2025-07-22,R5/2026,13.2256,13.25,0.873,10.0,15.0,133,0
9059,2025-07-23,R3/2027,11.5435,11.5,1.0232,9.5,15.0,115,0
9061,2025-07-23,R2/2027,11.8034,12.0,0.9848,9.5,15.0,116,0
9063,2025-07-23,R1/2027,12.0905,12.0,0.9488,9.5,15.0,116,0
9065,2025-07-23,R8/2026,12.4167,12.5,0.9239,9.5,15.0,138,0
9067,2025-07-23,R7/2026,12.6157,12.5,0.9119,9.5,15.0,134,0
9069,2025-07-23,R6/2026,12.8675,13.0,0.9033,10.0,15.0,134,0
9071,2025-07-23,R5/2026,13.209,13.25,0.8906,10.0,15.0,134,0
9057,2025-07-23,R4/2027,11.2453,11.25,0.9715,9.0,15.0,107,0
9075,2025-07-23,R3/2026,14.0448,14.0,0.6997,11.5,15.0,134,0
9077,2025-07-23,R2/2026,14.4328,14.5,0.5474,12.5,15.0,134,0
9079,2025-07-23,R1/2026,14.7204,15.0,0.3665,13.5,15.0,135,0
9081,2025-07-23,R8/2025,14.9179,15.0,0.1924,14.0,15.0,140,0
9083,2025-07-23,R7/2025,14.9855,15.0,0.0723,14.5,15.0,138,0
9085,2025-07-23,R6/2025,15.0,15.0,0.0,15.0,15.0,138,0
9087,2025-07-23,R5/2025,15.0,15.0,0.0,15.0,15.0,138,0
9073,2025-07-23,R4/2026,13.6101,13.75,0.8187,10.5,15.0,134,0
9025,2025-07-24,R4/2027,11.2476,11.25,0.9758,9.0,15.0,106,0
9027,2025-07-24,R3/2027,11.5461,11.5,1.0273,9.5,15.0,114,0
9029,2025-07-24,R2/2027,11.8039,12.0,0.988,9.5,15.0,115,0
9031,2025-07-24,R1/2027,12.0891,12.0,0.9517,9.5,15.0,115,0
9033,2025-07-24,R8/2026,12.4197,12.5,0.9266,9.5,15.0,137,0
9035,2025-07-24,R7/2026,12.6185,12.5,0.9138,9.5,15.0,133,0
9037,2025-07-24,R6/2026,12.8722,13.0,0.9051,10.0,15.0,133,0
9041,2025-07-24,R4/2026,13.6109,13.75,0.8228,10.5,15.0,133,0
9043,2025-07-24,R3/2026,14.0432,14.0,0.7034,11.5,15.0,133,0
9045,2025-07-24,R2/2026,14.4342,14.5,0.5492,12.5,15.0,133,0
9047,2025-07-24,R1/2026,14.722,15.0,0.3686,13.5,15.0,134,0
9049,2025-07-24,R8/2025,14.9191,15.0,0.1925,14.0,15.0,139,0
9051,2025-07-24,R7/2025,14.9854,15.0,0.0725,14.5,15.0,137,0
9053,2025-07-24,R6/2025,15.0,15.0,0.0,15.0,15.0,137,0
9055,2025-07-24,R5/2025,15.0,15.0,0.0,15.0,15.0,137,0
9039,2025-07-24,R5/2026,13.2105,13.25,0.8948,10.0,15.0,133,0
8993,2025-07-25,R4/2027,11.3028,11.25,1.035,9.0,15.0,109,0
8995,2025-07-25,R3/2027,11.5647,11.5,1.0303,9.5,15.0,116,0
9003,2025-07-25,R7/2026,12.6232,12.5,0.9249,9.5,15.0,136,0
8999,2025-07-25,R1/2027,12.1047,12.0,0.9752,9.5,15.0,117,0
9001,2025-07-25,R8/2026,12.4357,12.5,0.9446,9.5,15.0,140,0
9007,2025-07-25,R5/2026,13.2169,13.25,0.9023,10.0,15.0,136,0
8997,2025-07-25,R2/2027,11.8222,12.0,1.0066,9.5,15.0,117,0
9011,2025-07-25,R3/2026,14.0496,14.0,0.707,11.5,15.0,136,0
9009,2025-07-25,R4/2026,13.6176,13.75,0.8275,10.5,15.0,136,0
9023,2025-07-25,R5/2025,15.0,15.0,0.0,15.0,15.0,140,0
9021,2025-07-25,R6/2025,15.0,15.0,0.0,15.0,15.0,140,0
9019,2025-07-25,R7/2025,14.9857,15.0,0.0718,14.5,15.0,140,0
9005,2025-07-25,R6/2026,12.875,13.0,0.9095,10.0,15.0,136,0
9015,2025-07-25,R1/2026,14.7226,15.0,0.372,13.5,15.0,137,0
9013,2025-07-25,R2/2026,14.4412,14.5,0.5543,12.5,15.0,136,0
9017,2025-07-25,R8/2025,14.9155,15.0,0.1943,14.0,15.0,142,0
8961,2025-07-28,R4/2027,11.2929,11.25,1.0405,9.0,15.0,105,0
8963,2025-07-28,R3/2027,11.5495,11.5,1.0375,9.5,15.0,111,0
8965,2025-07-28,R2/2027,11.8076,12.0,1.0167,9.5,15.0,112,0
8967,2025-07-28,R1/2027,12.0915,12.0,0.9865,9.5,15.0,112,0
8969,2025-07-28,R8/2026,12.431,12.5,0.9563,9.5,15.0,134,0
8973,2025-07-28,R6/2026,12.875,13.0,0.92,10.0,15.0,130,0
8975,2025-07-28,R5/2026,13.2192,13.25,0.9083,10.0,15.0,130,0
8971,2025-07-28,R7/2026,12.6193,12.5,0.9375,9.5,15.0,130,0
8979,2025-07-28,R3/2026,14.0442,14.0,0.7135,11.5,15.0,130,0
8981,2025-07-28,R2/2026,14.4327,14.5,0.5588,12.5,15.0,130,0
8983,2025-07-28,R1/2026,14.7176,15.0,0.3776,13.5,15.0,131,0
8985,2025-07-28,R8/2025,14.913,15.0,0.1979,14.0,15.0,135,0
8987,2025-07-28,R7/2025,14.985,15.0,0.0736,14.5,15.0,133,0
8989,2025-07-28,R6/2025,15.0,15.0,0.0,15.0,15.0,133,0
8991,2025-07-28,R5/2025,15.0,15.0,0.0,15.0,15.0,133,0
8977,2025-07-28,R4/2026,13.6154,13.75,0.835,10.5,15.0,130,0
8939,2025-07-29,R7/2026,12.6193,12.5,0.9375,9.5,15.0,130,0
8929,2025-07-29,R4/2027,11.2929,11.25,1.0405,9.0,15.0,105,0
8931,2025-07-29,R3/2027,11.5495,11.5,1.0375,9.5,15.0,111,0
8933,2025-07-29,R2/2027,11.8076,12.0,1.0167,9.5,15.0,112,0
8935,2025-07-29,R1/2027,12.0915,12.0,0.9865,9.5,15.0,112,0
8937,2025-07-29,R8/2026,12.431,12.5,0.9563,9.5,15.0,134,0
8941,2025-07-29,R6/2026,12.875,13.0,0.92,10.0,15.0,130,0
8955,2025-07-29,R7/2025,14.985,15.0,0.0736,14.5,15.0,133,0
8945,2025-07-29,R4/2026,13.6154,13.75,0.835,10.5,15.0,130,0
8947,2025-07-29,R3/2026,14.0442,14.0,0.7135,11.5,15.0,130,0
8949,2025-07-29,R2/2026,14.4327,14.5,0.5588,12.5,15.0,130,0
8951,2025-07-29,R1/2026,14.7176,15.0,0.3776,13.5,15.0,131,0
8953,2025-07-29,R8/2025,14.913,15.0,0.1979,14.0,15.0,135,0
8957,2025-07-29,R6/2025,15.0,15.0,0.0,15.0,15.0,133,0
8959,2025-07-29,R5/2025,15.0,15.0,0.0,15.0,15.0,133,0
8943,2025-07-29,R5/2026,13.2192,13.25,0.9083,10.0,15.0,130,0
8907,2025-07-30,R7/2026,12.6212,12.5,0.9339,9.5,15.0,130,0
8897,2025-07-30,R4/2027,11.2929,11.25,1.0405,9.0,15.0,105,0
8899,2025-07-30,R3/2027,11.5495,11.5,1.0375,9.5,15.0,111,0
8901,2025-07-30,R2/2027,11.8076,12.0,1.0167,9.5,15.0,112,0
8903,2025-07-30,R1/2027,12.0915,12.0,0.9865,9.5,15.0,112,0
8905,2025-07-30,R8/2026,12.4328,12.5,0.9533,9.5,15.0,134,0
8911,2025-07-30,R5/2026,13.2192,13.25,0.9083,10.0,15.0,130,0
8909,2025-07-30,R6/2026,12.875,13.0,0.92,10.0,15.0,130,0
8915,2025-07-30,R3/2026,14.0442,14.0,0.7135,11.5,15.0,130,0
8917,2025-07-30,R2/2026,14.4327,14.5,0.5588,12.5,15.0,130,0
8919,2025-07-30,R1/2026,14.7176,15.0,0.3776,13.5,15.0,131,0
8921,2025-07-30,R8/2025,14.913,15.0,0.1979,14.0,15.0,135,0
8923,2025-07-30,R7/2025,14.985,15.0,0.0736,14.5,15.0,133,0
8925,2025-07-30,R6/2025,15.0,15.0,0.0,15.0,15.0,133,0
8927,2025-07-30,R5/2025,15.0,15.0,0.0,15.0,15.0,133,0
8913,2025-07-30,R4/2026,13.6154,13.75,0.835,10.5,15.0,130,0
8867,2025-07-31,R4/2027,11.3042,11.375,1.0422,9.0,15.0,106,0
8869,2025-07-31,R3/2027,11.5495,11.5,1.0375,9.5,15.0,111,0
8873,2025-07-31,R1/2027,12.0915,12.0,0.9865,9.5,15.0,112,0
8875,2025-07-31,R8/2026,12.4328,12.5,0.9533,9.5,15.0,134,0
8877,2025-07-31,R7/2026,12.6212,12.5,0.9339,9.5,15.0,130,0
8879,2025-07-31,R6/2026,12.875,13.0,0.92,10.0,15.0,130,0
8871,2025-07-31,R2/2027,11.8076,12.0,1.0167,9.5,15.0,112,0
8883,2025-07-31,R4/2026,13.6154,13.75,0.835,10.5,15.0,130,0
8885,2025-07-31,R3/2026,14.0442,14.0,0.7135,11.5,15.0,130,0
8887,2025-07-31,R2/2026,14.4327,14.5,0.5588,12.5,15.0,130,0
8889,2025-07-31,R1/2026,14.7176,15.0,0.3776,13.5,15.0,131,0
8895,2025-07-31,R6/2025,15.0,15.0,0.0,15.0,15.0,133,0
8891,2025-07-31,R8/2025,14.913,15.0,0.1979,14.0,15.0,135,0
8893,2025-07-31,R7/2025,14.985,15.0,0.0736,14.5,15.0,133,0
8881,2025-07-31,R5/2026,13.2192,13.25,0.9083,10.0,15.0,130,0
8835,2025-08-01,R4/2027,11.3119,11.5,1.0323,9.0,15.0,109,0
8837,2025-08-01,R3/2027,11.557,11.5,1.0276,9.5,15.0,114,0
8839,2025-08-01,R2/2027,11.817,12.0,1.0057,9.5,15.0,115,0
8841,2025-08-01,R1/2027,12.0978,12.0,0.9751,9.5,15.0,115,0
8843,2025-08-01,R8/2026,12.443,12.5,0.9452,9.5,15.0,136,0
8845,2025-08-01,R7/2026,12.6308,12.5,0.9295,9.5,15.0,132,0
8847,2025-08-01,R6/2026,12.8807,13.0,0.9178,10.0,15.0,132,0
8853,2025-08-01,R3/2026,14.0492,14.0,0.7134,11.5,15.0,132,0
8851,2025-08-01,R4/2026,13.6212,13.75,0.8351,10.5,15.0,132,0
8855,2025-08-01,R2/2026,14.4318,14.5,0.5565,12.5,15.0,132,0
8857,2025-08-01,R1/2026,14.7162,15.0,0.3752,13.5,15.0,133,0
8859,2025-08-01,R8/2025,14.9142,15.0,0.1968,14.0,15.0,137,0
8861,2025-08-01,R7/2025,14.9852,15.0,0.073,14.5,15.0,135,0
8863,2025-08-01,R6/2025,15.0,15.0,0.0,15.0,15.0,135,0
8849,2025-08-01,R5/2026,13.2254,13.25,0.9071,10.0,15.0,132,0
8809,2025-08-04,R1/2027,12.096,12.0,0.9855,9.5,15.0,112,0
8807,2025-08-04,R2/2027,11.8143,12.0,1.0177,9.5,15.0,112,0
8811,2025-08-04,R8/2026,12.4398,12.5,0.9534,9.5,15.0,133,0
8803,2025-08-04,R4/2027,11.3037,11.25,1.0395,9.0,15.0,107,0
8805,2025-08-04,R3/2027,11.5513,11.5,1.0357,9.5,15.0,112,0
8815,2025-08-04,R6/2026,12.8702,13.0,0.9266,10.0,15.0,129,0
8813,2025-08-04,R7/2026,12.6222,12.5,0.9385,9.5,15.0,129,0
8819,2025-08-04,R4/2026,13.626,13.75,0.833,10.5,15.0,129,0
8829,2025-08-04,R7/2025,14.9848,15.0,0.0738,14.5,15.0,132,0
8827,2025-08-04,R8/2025,14.9235,15.0,0.1913,14.0,15.0,134,0
8825,2025-08-04,R1/2026,14.7308,15.0,0.3664,13.5,15.0,130,0
8817,2025-08-04,R5/2026,13.2248,13.25,0.9085,10.0,15.0,129,0
8821,2025-08-04,R3/2026,14.0562,14.0,0.7073,11.5,15.0,129,0
8831,2025-08-04,R6/2025,15.0,15.0,0.0,15.0,15.0,132,0
8823,2025-08-04,R2/2026,14.4438,14.5,0.5492,12.5,15.0,129,0
8773,2025-08-05,R3/2027,11.5553,11.5,1.032,9.5,15.0,113,0
8775,2025-08-05,R2/2027,11.8204,12.0,1.0152,9.5,15.0,113,0
8777,2025-08-05,R1/2027,12.104,12.0,0.9848,9.5,15.0,113,0
8779,2025-08-05,R8/2026,12.444,12.5,0.9511,9.5,15.0,134,0
8781,2025-08-05,R7/2026,12.6251,12.5,0.9355,9.5,15.0,130,0
8783,2025-08-05,R6/2026,12.8712,13.0,0.9231,10.0,15.0,130,0
8771,2025-08-05,R4/2027,11.3056,11.375,1.0349,9.0,15.0,108,0
8787,2025-08-05,R4/2026,13.6212,13.75,0.8316,10.5,15.0,130,0
8789,2025-08-05,R3/2026,14.0481,14.0,0.7106,11.5,15.0,130,0
8791,2025-08-05,R2/2026,14.4365,14.5,0.5532,12.5,15.0,130,0
8793,2025-08-05,R1/2026,14.729,15.0,0.3655,13.5,15.0,131,0
8795,2025-08-05,R8/2025,14.9241,15.0,0.1907,14.0,15.0,135,0
8797,2025-08-05,R7/2025,14.985,15.0,0.0736,14.5,15.0,133,0
8799,2025-08-05,R6/2025,15.0,15.0,0.0,15.0,15.0,133,0
8785,2025-08-05,R5/2026,13.2231,13.25,0.9052,10.0,15.0,130,0
8739,2025-08-06,R4/2027,11.2986,11.375,1.0394,9.0,15.0,108,0
8741,2025-08-06,R3/2027,11.5487,11.5,1.0347,9.5,15.0,113,0
8743,2025-08-06,R2/2027,11.8093,12.0,1.0146,9.5,15.0,113,0
8745,2025-08-06,R1/2027,12.0929,12.0,0.9817,9.5,15.0,113,0
8747,2025-08-06,R8/2026,12.4347,12.5,0.9468,9.5,15.0,134,0
8749,2025-08-06,R7/2026,12.6155,12.5,0.9277,9.5,15.0,130,0
8751,2025-08-06,R6/2026,12.8615,13.0,0.9126,10.0,15.0,130,0
8753,2025-08-06,R5/2026,13.2135,13.25,0.8929,10.0,15.0,130,0
8757,2025-08-06,R3/2026,14.0462,14.0,0.7083,11.5,15.0,130,0
8759,2025-08-06,R2/2026,14.4365,14.5,0.5532,12.5,15.0,130,0
8761,2025-08-06,R1/2026,14.729,15.0,0.3655,13.5,15.0,131,0
8765,2025-08-06,R7/2025,14.985,15.0,0.0736,14.5,15.0,133,0
8767,2025-08-06,R6/2025,15.0,15.0,0.0,15.0,15.0,133,0
8755,2025-08-06,R4/2026,13.6154,13.75,0.8246,10.5,15.0,130,0
8763,2025-08-06,R8/2025,14.9241,15.0,0.1907,14.0,15.0,135,0
8717,2025-08-07,R7/2026,12.6039,12.5,0.9321,9.5,15.0,130,0
8707,2025-08-07,R4/2027,11.287,11.375,1.0468,9.0,15.0,108,0
8709,2025-08-07,R3/2027,11.5376,11.5,1.0418,9.5,15.0,113,0
8711,2025-08-07,R2/2027,11.7982,12.0,1.0219,9.5,15.0,113,0
8713,2025-08-07,R1/2027,12.0819,12.0,0.9897,9.5,15.0,113,0
8715,2025-08-07,R8/2026,12.4272,12.5,0.9541,9.5,15.0,134,0
8719,2025-08-07,R6/2026,12.85,13.0,0.9139,10.0,15.0,130,0
8723,2025-08-07,R4/2026,13.6058,13.75,0.8244,10.5,15.0,130,0
8725,2025-08-07,R3/2026,14.0385,14.0,0.7088,11.5,15.0,130,0
8727,2025-08-07,R2/2026,14.4288,14.5,0.5523,12.5,15.0,130,0
8729,2025-08-07,R1/2026,14.7271,15.0,0.3661,13.5,15.0,131,0
8731,2025-08-07,R8/2025,14.9222,15.0,0.1912,14.0,15.0,135,0
8733,2025-08-07,R7/2025,14.985,15.0,0.0736,14.5,15.0,133,0
8735,2025-08-07,R6/2025,15.0,15.0,0.0,15.0,15.0,133,0
8721,2025-08-07,R5/2026,13.2019,13.25,0.8923,10.0,15.0,130,0
8673,2025-08-08,R5/2027,11.0167,11.0,1.0742,9.25,15.0,45,0
8675,2025-08-08,R4/2027,11.2936,11.25,1.0398,9.0,15.0,109,0
8677,2025-08-08,R3/2027,11.5354,11.5,1.0164,9.5,15.0,113,0
8679,2025-08-08,R2/2027,11.8004,12.0,0.988,9.5,15.0,113,0
8681,2025-08-08,R1/2027,12.0929,12.0,0.9496,9.5,15.0,113,0
8683,2025-08-08,R8/2026,12.4367,12.5,0.9203,9.5,15.0,134,0
8685,2025-08-08,R7/2026,12.6174,12.5,0.9083,9.5,15.0,130,0
8687,2025-08-08,R6/2026,12.8654,13.0,0.9015,10.0,15.0,130,0
8689,2025-08-08,R5/2026,13.2096,13.25,0.8813,10.0,15.0,130,0
8691,2025-08-08,R4/2026,13.6115,13.5,0.8152,10.5,15.0,130,0
8693,2025-08-08,R3/2026,14.0327,14.0,0.7033,11.5,15.0,130,0
8695,2025-08-08,R2/2026,14.4192,14.5,0.5453,12.5,15.0,130,0
8697,2025-08-08,R1/2026,14.7271,15.0,0.3661,13.5,15.0,131,0
8699,2025-08-08,R8/2025,14.9252,15.0,0.1895,14.0,15.0,137,0
8701,2025-08-08,R7/2025,14.9869,15.0,0.0704,14.5,15.0,134,0
8703,2025-08-08,R6/2025,15.0,15.0,0.0,15.0,15.0,134,0
8641,2025-08-11,R5/2027,11.0213,11.0,1.0516,9.25,15.0,47,0
8643,2025-08-11,R4/2027,11.2913,11.25,1.0319,9.0,15.0,109,0
8645,2025-08-11,R3/2027,11.531,11.5,1.0122,9.5,15.0,113,0
8647,2025-08-11,R2/2027,11.7987,12.0,0.9866,9.5,15.0,113,0
8649,2025-08-11,R1/2027,12.0929,12.0,0.9496,9.5,15.0,113,0
8651,2025-08-11,R8/2026,12.4339,12.5,0.9237,9.5,15.0,132,0
8653,2025-08-11,R7/2026,12.6134,12.5,0.9136,9.5,15.0,128,0
8671,2025-08-11,R6/2025,15.0,15.0,0.0,15.0,15.0,132,0
8657,2025-08-11,R5/2026,13.2051,13.125,0.8885,10.0,15.0,128,0
8659,2025-08-11,R4/2026,13.6055,13.5,0.8224,10.5,15.0,128,0
8661,2025-08-11,R3/2026,14.0234,14.0,0.7102,11.5,15.0,128,0
8663,2025-08-11,R2/2026,14.4082,14.5,0.5483,12.5,15.0,128,0
8665,2025-08-11,R1/2026,14.7209,15.0,0.3678,13.5,15.0,129,0
8667,2025-08-11,R8/2025,14.9241,15.0,0.1883,14.0,15.0,135,0
8669,2025-08-11,R7/2025,14.9886,15.0,0.0679,14.5,15.0,132,0
8655,2025-08-11,R6/2026,12.8633,13.0,0.9078,10.0,15.0,128,0
8621,2025-08-12,R7/2026,12.6125,12.5,0.9101,9.5,15.0,129,0
8609,2025-08-12,R5/2027,11.0147,11.0,1.0295,9.25,15.0,51,0
8611,2025-08-12,R4/2027,11.2909,11.25,1.0272,9.0,15.0,110,0
8615,2025-08-12,R2/2027,11.7982,12.0,0.9822,9.5,15.0,114,0
8617,2025-08-12,R1/2027,12.0921,12.0,0.9455,9.5,15.0,114,0
8619,2025-08-12,R8/2026,12.4325,12.5,0.9204,9.5,15.0,133,0
8623,2025-08-12,R6/2026,12.8624,13.0,0.9043,10.0,15.0,129,0
8613,2025-08-12,R3/2027,11.5307,11.5,1.0077,9.5,15.0,114,0
8627,2025-08-12,R4/2026,13.6027,13.5,0.8198,10.5,15.0,129,0
8637,2025-08-12,R7/2025,14.9887,15.0,0.0676,14.5,15.0,133,0
8635,2025-08-12,R8/2025,14.9246,15.0,0.1877,14.0,15.0,136,0
8639,2025-08-12,R6/2025,15.0,15.0,0.0,15.0,15.0,133,0
8625,2025-08-12,R5/2026,13.2035,13.0,0.8853,10.0,15.0,129,0
8631,2025-08-12,R2/2026,14.407,14.5,0.5464,12.5,15.0,129,0
8629,2025-08-12,R3/2026,14.0213,14.0,0.7078,11.5,15.0,129,0
8633,2025-08-12,R1/2026,14.7212,15.0,0.3664,13.5,15.0,130,0
8577,2025-08-13,R5/2027,10.9952,11.0,1.029,9.25,15.0,52,0
8579,2025-08-13,R4/2027,11.2955,11.25,1.0204,9.0,15.0,110,0
8581,2025-08-13,R3/2027,11.5351,11.5,0.9999,9.5,15.0,114,0
8583,2025-08-13,R2/2027,11.8026,12.0,0.973,9.5,15.0,114,0
8585,2025-08-13,R1/2027,12.0921,12.0,0.9455,9.5,15.0,114,0
8589,2025-08-13,R7/2026,12.6125,12.5,0.9101,9.5,15.0,129,0
8591,2025-08-13,R6/2026,12.8624,13.0,0.9043,10.0,15.0,129,0
8587,2025-08-13,R8/2026,12.4325,12.5,0.9204,9.5,15.0,133,0
8595,2025-08-13,R4/2026,13.6027,13.5,0.8198,10.5,15.0,129,0
8597,2025-08-13,R3/2026,14.0213,14.0,0.7078,11.5,15.0,129,0
8599,2025-08-13,R2/2026,14.407,14.5,0.5464,12.5,15.0,129,0
8601,2025-08-13,R1/2026,14.7212,15.0,0.3664,13.5,15.0,130,0
8603,2025-08-13,R8/2025,14.9246,15.0,0.1877,14.0,15.0,136,0
8605,2025-08-13,R7/2025,14.9887,15.0,0.0676,14.5,15.0,133,0
8607,2025-08-13,R6/2025,15.0,15.0,0.0,15.0,15.0,133,0
8593,2025-08-13,R5/2026,13.2035,13.0,0.8853,10.0,15.0,129,0
8555,2025-08-14,R8/2026,12.4287,12.5,0.9191,9.5,15.0,133,0
8545,2025-08-14,R5/2027,10.9861,11.0,1.012,9.25,15.0,54,0
8547,2025-08-14,R4/2027,11.2886,11.25,1.0181,9.0,15.0,110,0
8549,2025-08-14,R3/2027,11.5285,11.5,0.9977,9.5,15.0,114,0
8551,2025-08-14,R2/2027,11.7982,12.0,0.971,9.5,15.0,114,0
8553,2025-08-14,R1/2027,12.0855,12.0,0.9435,9.5,15.0,114,0
8557,2025-08-14,R7/2026,12.6067,12.5,0.9084,9.5,15.0,129,0
8571,2025-08-14,R8/2025,14.9246,15.0,0.1877,14.0,15.0,136,0
8561,2025-08-14,R5/2026,13.1996,13.0,0.884,10.0,15.0,129,0
8563,2025-08-14,R4/2026,13.5988,13.5,0.8191,10.5,15.0,129,0
8565,2025-08-14,R3/2026,14.0194,14.0,0.7075,11.5,15.0,129,0
8567,2025-08-14,R2/2026,14.407,14.5,0.5464,12.5,15.0,129,0
8569,2025-08-14,R1/2026,14.7231,15.0,0.3672,13.5,15.0,130,0
8573,2025-08-14,R7/2025,14.9887,15.0,0.0676,14.5,15.0,133,0
8575,2025-08-14,R6/2025,15.0,15.0,0.0,15.0,15.0,133,0
8559,2025-08-14,R6/2026,12.8585,13.0,0.9026,10.0,15.0,129,0
8513,2025-08-15,R5/2027,11.0484,11.0,0.9938,9.25,15.0,62,0
8515,2025-08-15,R4/2027,11.3018,11.25,1.0129,9.0,15.0,111,0
8517,2025-08-15,R3/2027,11.537,11.5,0.993,9.5,15.0,115,0
8519,2025-08-15,R2/2027,11.8022,12.0,0.9666,9.5,15.0,115,0
8521,2025-08-15,R1/2027,12.0848,12.0,0.9394,9.5,15.0,115,0
8525,2025-08-15,R7/2026,12.5879,12.5,0.9047,9.5,15.0,131,0
8523,2025-08-15,R8/2026,12.4205,12.5,0.9138,9.5,15.0,135,0
8527,2025-08-15,R6/2026,12.8378,13.0,0.8974,10.0,15.0,131,0
8531,2025-08-15,R4/2026,13.5782,13.5,0.8126,10.5,15.0,131,0
8533,2025-08-15,R3/2026,13.9981,14.0,0.6986,11.5,15.0,131,0
8535,2025-08-15,R2/2026,14.3912,14.5,0.5413,12.5,15.0,131,0
8537,2025-08-15,R1/2026,14.7159,15.0,0.369,13.5,15.0,132,0
8539,2025-08-15,R8/2025,14.9221,15.0,0.1899,14.0,15.0,138,0
8541,2025-08-15,R7/2025,14.9889,15.0,0.0671,14.5,15.0,135,0
8543,2025-08-15,R6/2025,15.0,15.0,0.0,15.0,15.0,135,0
8529,2025-08-15,R5/2026,13.1775,13.0,0.8794,10.0,15.0,131,0
8483,2025-08-18,R4/2027,11.3277,11.25,1.003,9.5,15.0,103,0
8485,2025-08-18,R3/2027,11.5467,11.5,0.986,9.5,15.0,107,0
8487,2025-08-18,R2/2027,11.8014,12.0,0.9629,9.5,15.0,107,0
8489,2025-08-18,R1/2027,12.0748,12.0,0.9504,9.5,15.0,107,0
8491,2025-08-18,R8/2026,12.4135,12.5,0.932,9.5,15.0,127,0
8493,2025-08-18,R7/2026,12.5875,12.5,0.9216,9.5,15.0,123,0
8495,2025-08-18,R6/2026,12.8435,13.0,0.9092,10.0,15.0,123,0
8481,2025-08-18,R5/2027,11.0455,11.0,0.9789,9.25,15.0,66,0
8499,2025-08-18,R4/2026,13.5589,13.5,0.8264,10.5,15.0,123,0
8501,2025-08-18,R3/2026,13.9776,14.0,0.7093,11.5,15.0,123,0
8503,2025-08-18,R2/2026,14.374,14.5,0.5525,12.5,15.0,123,0
8505,2025-08-18,R1/2026,14.6976,14.75,0.376,13.5,15.0,124,0
8507,2025-08-18,R8/2025,14.9135,15.0,0.1979,14.0,15.0,130,0
8509,2025-08-18,R7/2025,14.9862,15.0,0.0723,14.5,15.0,127,0
8511,2025-08-18,R6/2025,15.0,15.0,0.0,15.0,15.0,127,0
8497,2025-08-18,R5/2026,13.1646,13.0,0.8954,10.0,15.0,123,0
8449,2025-08-19,R5/2027,11.0485,11.0,0.9718,9.25,15.0,67,0
8451,2025-08-19,R4/2027,11.3293,11.375,0.9984,9.5,15.0,104,0
8453,2025-08-19,R3/2027,11.5486,11.5,0.9816,9.5,15.0,108,0
8455,2025-08-19,R2/2027,11.8056,12.0,0.9594,9.5,15.0,108,0
8457,2025-08-19,R1/2027,12.081,12.0,0.9482,9.5,15.0,108,0
8459,2025-08-19,R8/2026,12.4181,12.5,0.9298,9.5,15.0,128,0
8461,2025-08-19,R7/2026,12.5928,12.5,0.9198,9.5,15.0,124,0
8463,2025-08-19,R6/2026,12.8488,13.0,0.9074,10.0,15.0,124,0
8467,2025-08-19,R4/2026,13.5665,13.5,0.8274,10.5,15.0,124,0
8469,2025-08-19,R3/2026,13.9859,14.0,0.7123,11.5,15.0,124,0
8471,2025-08-19,R2/2026,14.379,14.5,0.5531,12.5,15.0,124,0
8473,2025-08-19,R1/2026,14.7,14.75,0.3755,13.5,15.0,125,0
8475,2025-08-19,R8/2025,14.9141,15.0,0.1972,14.0,15.0,131,0
8477,2025-08-19,R7/2025,14.9863,15.0,0.072,14.5,15.0,128,0
8479,2025-08-19,R6/2025,15.0,15.0,0.0,15.0,15.0,128,0
8465,2025-08-19,R5/2026,13.1714,13.0,0.8949,10.0,15.0,124,0
8417,2025-08-20,R5/2027,11.0257,11.0,0.9825,9.25,15.0,68,0
8419,2025-08-20,R4/2027,11.3317,11.375,0.9942,9.5,15.0,104,0
8421,2025-08-20,R3/2027,11.5509,11.5,0.9782,9.5,15.0,108,0
8423,2025-08-20,R2/2027,11.8079,12.0,0.9566,9.5,15.0,108,0
8425,2025-08-20,R1/2027,12.0833,12.0,0.9459,9.5,15.0,108,0
8427,2025-08-20,R8/2026,12.4162,12.5,0.932,9.5,15.0,128,0
8429,2025-08-20,R7/2026,12.5908,12.5,0.9225,9.5,15.0,124,0
8431,2025-08-20,R6/2026,12.8488,13.0,0.9074,10.0,15.0,124,0
8435,2025-08-20,R4/2026,13.5706,13.5,0.8209,10.5,15.0,124,0
8447,2025-08-20,R6/2025,15.0,15.0,0.0,15.0,15.0,128,0
8445,2025-08-20,R7/2025,14.9902,15.0,0.0576,14.5,15.0,128,0
8443,2025-08-20,R8/2025,14.916,15.0,0.1843,14.0,15.0,131,0
8433,2025-08-20,R5/2026,13.1754,13.0,0.8884,10.0,15.0,124,0
8439,2025-08-20,R2/2026,14.3831,14.5,0.5448,12.5,15.0,124,0
8437,2025-08-20,R3/2026,13.9899,14.0,0.7053,11.5,15.0,124,0
8441,2025-08-20,R1/2026,14.704,14.75,0.3652,13.5,15.0,125,0
8385,2025-08-21,R5/2027,11.0181,11.0,1.0209,9.0,15.0,69,0
8387,2025-08-21,R4/2027,11.3389,11.5,1.0107,9.0,15.0,104,0
8389,2025-08-21,R3/2027,11.5625,11.5,0.9784,9.5,15.0,108,0
8391,2025-08-21,R2/2027,11.8079,12.0,0.9662,9.5,15.0,108,0
8393,2025-08-21,R1/2027,12.088,12.0,0.9467,9.5,15.0,108,0
8397,2025-08-21,R7/2026,12.5807,12.5,0.9302,9.5,15.0,124,0
8399,2025-08-21,R6/2026,12.8306,12.75,0.915,10.0,15.0,124,0
8395,2025-08-21,R8/2026,12.4103,12.5,0.9385,9.5,15.0,128,0
8403,2025-08-21,R4/2026,13.5484,13.5,0.8277,10.5,15.0,124,0
8405,2025-08-21,R3/2026,13.9657,14.0,0.7102,11.5,15.0,124,0
8407,2025-08-21,R2/2026,14.3629,14.5,0.5548,12.5,15.0,124,0
8409,2025-08-21,R1/2026,14.688,14.75,0.379,13.5,15.0,125,0
8411,2025-08-21,R8/2025,14.9065,15.0,0.201,14.0,15.0,131,0
8413,2025-08-21,R7/2025,14.9863,15.0,0.072,14.5,15.0,128,0
8415,2025-08-21,R6/2025,15.0,15.0,0.0,15.0,15.0,128,0
8401,2025-08-21,R5/2026,13.1552,13.0,0.8944,10.0,15.0,124,0
8363,2025-08-22,R8/2026,12.3412,12.5,0.8852,9.5,15.0,137,0
8353,2025-08-22,R5/2027,11.008,11.0,1.1033,9.0,15.0,94,0
8355,2025-08-22,R4/2027,11.2565,11.25,1.0143,9.0,15.0,115,0
8357,2025-08-22,R3/2027,11.4936,11.5,0.9734,9.5,15.0,118,0
8359,2025-08-22,R2/2027,11.7373,12.0,0.9348,9.5,15.0,118,0
8361,2025-08-22,R1/2027,12.0275,12.0,0.8936,9.5,15.0,118,0
8365,2025-08-22,R7/2026,12.5208,12.5,0.867,9.5,15.0,133,0
8379,2025-08-22,R8/2025,14.9043,15.0,0.2023,14.0,15.1,140,0
8369,2025-08-22,R5/2026,13.094,13.0,0.8405,10.0,15.0,133,0
8371,2025-08-22,R4/2026,13.4981,13.5,0.7813,10.5,15.0,133,0
8373,2025-08-22,R3/2026,13.9328,14.0,0.6769,11.5,15.0,134,0
8375,2025-08-22,R2/2026,14.3403,14.5,0.5325,12.5,15.0,134,0
8377,2025-08-22,R1/2026,14.6833,14.75,0.3742,13.5,15.0001,135,0
8381,2025-08-22,R7/2025,14.988,15.0,0.0703,14.5,15.1,137,0
8367,2025-08-22,R6/2026,12.7707,12.75,0.8524,10.0,15.0,133,0
8383,2025-08-22,R6/2025,15.0,15.0,0.0,15.0,15.0,137,0
8333,2025-08-25,R7/2026,12.5171,12.5,0.8688,9.5,15.0,132,0
8321,2025-08-25,R5/2027,11.0237,11.0,1.108,9.0,15.0,95,0
8323,2025-08-25,R4/2027,11.2696,11.25,1.0205,9.0,15.0,115,0
8325,2025-08-25,R3/2027,11.5042,11.5,0.9775,9.5,15.0,118,0
8327,2025-08-25,R2/2027,11.7458,12.0,0.9371,9.5,15.0,118,0
8329,2025-08-25,R1/2027,12.0339,12.0,0.8943,9.5,15.0,118,0
8331,2025-08-25,R8/2026,12.3382,12.5,0.8862,9.5,15.0,136,0
8335,2025-08-25,R6/2026,12.7652,12.75,0.8543,10.0,15.0,132,0
8339,2025-08-25,R4/2026,13.4943,13.5,0.783,10.5,15.0,132,0
8341,2025-08-25,R3/2026,13.9305,14.0,0.6782,11.5,15.0,133,0
8343,2025-08-25,R2/2026,14.3372,14.5,0.5324,12.5,15.0,133,0
8345,2025-08-25,R1/2026,14.6828,14.75,0.3743,13.5,15.0001,134,0
8347,2025-08-25,R8/2025,14.9018,15.0,0.2031,14.0,15.1,139,0
8349,2025-08-25,R7/2025,14.9879,15.0,0.0706,14.5,15.1,136,0
8351,2025-08-25,R6/2025,15.0,15.0,0.0,15.0,15.0,136,0
8337,2025-08-25,R5/2026,13.089,13.0,0.8428,10.0,15.0,132,0
8289,2025-08-26,R5/2027,11.0182,11.0,1.1035,9.0,15.0,96,0
8291,2025-08-26,R4/2027,11.2672,11.25,1.0164,9.0,15.0,116,0
8293,2025-08-26,R3/2027,11.5042,11.5,0.9734,9.5,15.0,119,0
8295,2025-08-26,R2/2027,11.7437,12.0,0.9334,9.5,15.0,119,0
8297,2025-08-26,R1/2027,12.0294,12.0,0.8918,9.5,15.0,119,0
8299,2025-08-26,R8/2026,12.3321,12.5,0.8859,9.5,15.0,137,0
8301,2025-08-26,R7/2026,12.5095,12.5,0.8699,9.5,15.0,133,0
8303,2025-08-26,R6/2026,12.7594,12.75,0.8537,10.0,15.0,133,0
8305,2025-08-26,R5/2026,13.0846,13.0,0.8412,10.0,15.0,133,0
8307,2025-08-26,R4/2026,13.4906,13.5,0.7812,10.5,15.0,133,0
8309,2025-08-26,R3/2026,13.9272,14.0,0.6767,11.5,15.0,134,0
8311,2025-08-26,R2/2026,14.3347,14.5,0.5312,12.5,15.0,134,0
8313,2025-08-26,R1/2026,14.6815,14.75,0.3732,13.5,15.0001,135,0
8315,2025-08-26,R8/2025,14.9025,15.0,0.2025,14.0,15.1,140,0
8317,2025-08-26,R7/2025,14.988,15.0,0.0703,14.5,15.1,137,0
8319,2025-08-26,R6/2025,15.0,15.0,0.0,15.0,15.0,137,0
8257,2025-08-27,R5/2027,11.0182,11.0,1.1035,9.0,15.0,96,0
8259,2025-08-27,R4/2027,11.2672,11.25,1.0164,9.0,15.0,116,0
8261,2025-08-27,R3/2027,11.5042,11.5,0.9734,9.5,15.0,119,0
8263,2025-08-27,R2/2027,11.7437,12.0,0.9334,9.5,15.0,119,0
8265,2025-08-27,R1/2027,12.0294,12.0,0.8918,9.5,15.0,119,0
8267,2025-08-27,R8/2026,12.3321,12.5,0.8859,9.5,15.0,137,0
8269,2025-08-27,R7/2026,12.5095,12.5,0.8699,9.5,15.0,133,0
8287,2025-08-27,R6/2025,15.0,15.0,0.0,15.0,15.0,137,0
8273,2025-08-27,R5/2026,13.0846,13.0,0.8412,10.0,15.0,133,0
8275,2025-08-27,R4/2026,13.4906,13.5,0.7812,10.5,15.0,133,0
8277,2025-08-27,R3/2026,13.9272,14.0,0.6767,11.5,15.0,134,0
8279,2025-08-27,R2/2026,14.3347,14.5,0.5312,12.5,15.0,134,0
8281,2025-08-27,R1/2026,14.6815,14.75,0.3732,13.5,15.0001,135,0
8283,2025-08-27,R8/2025,14.9007,15.0,0.2049,14.0,15.1,140,0
8285,2025-08-27,R7/2025,14.9861,15.0,0.0732,14.5,15.1,137,0
8271,2025-08-27,R6/2026,12.7594,12.75,0.8537,10.0,15.0,133,0
8235,2025-08-28,R8/2026,12.3346,12.5,0.8887,9.5,15.0,136,0
8225,2025-08-28,R5/2027,11.0182,11.0,1.1035,9.0,15.0,96,0
8227,2025-08-28,R4/2027,11.2609,11.25,1.0185,9.0,15.0,115,0
8229,2025-08-28,R3/2027,11.5,11.5,0.9764,9.5,15.0,118,0
8231,2025-08-28,R2/2027,11.7415,12.0,0.9371,9.5,15.0,118,0
8233,2025-08-28,R1/2027,12.0297,12.0,0.8956,9.5,15.0,118,0
8237,2025-08-28,R7/2026,12.5114,12.5,0.8729,9.5,15.0,132,0
8247,2025-08-28,R2/2026,14.3316,14.5,0.532,12.5,15.0,133,0
8241,2025-08-28,R5/2026,13.0833,13.0,0.8442,10.0,15.0,132,0
8243,2025-08-28,R4/2026,13.4886,13.5,0.7839,10.5,15.0,132,0
8245,2025-08-28,R3/2026,13.9248,14.0,0.6786,11.5,15.0,133,0
8255,2025-08-28,R6/2025,15.0,15.0,0.0,15.0,15.0,136,0
8249,2025-08-28,R1/2026,14.6791,14.75,0.3736,13.5,15.0001,134,0
8251,2025-08-28,R8/2025,14.9,15.0,0.2055,14.0,15.1,139,0
8253,2025-08-28,R7/2025,14.986,15.0,0.0734,14.5,15.1,136,0
8239,2025-08-28,R6/2026,12.7595,12.75,0.8569,10.0,15.0,132,0
8193,2025-08-29,R5/2027,11.0167,11.0,1.1082,9.0,15.0,96,0
8195,2025-08-29,R4/2027,11.2543,11.0,1.0231,9.0,15.0,115,0
8197,2025-08-29,R3/2027,11.4915,11.5,0.9775,9.5,15.0,118,0
8199,2025-08-29,R2/2027,11.7331,11.75,0.937,9.5,15.0,118,0
8201,2025-08-29,R1/2027,12.0213,12.0,0.8945,9.5,15.0,118,0
8203,2025-08-29,R8/2026,12.3279,12.5,0.8862,9.5,15.0,136,0
8205,2025-08-29,R7/2026,12.5039,12.5,0.8697,9.5,15.0,132,0
8207,2025-08-29,R6/2026,12.7519,12.75,0.8525,10.0,15.0,132,0
8209,2025-08-29,R5/2026,13.0758,13.0,0.8371,10.0,15.0,132,0
8211,2025-08-29,R4/2026,13.4818,13.5,0.7772,10.5,15.0,132,0
8213,2025-08-29,R3/2026,13.9173,14.0,0.6722,11.5,15.0,133,0
8215,2025-08-29,R2/2026,14.3252,14.5,0.5274,12.5,15.0,133,0
8217,2025-08-29,R1/2026,14.6791,14.75,0.3736,13.5,15.0001,134,0
8219,2025-08-29,R8/2025,14.8993,15.0,0.205,14.0,15.0001,139,0
8221,2025-08-29,R7/2025,14.986,15.0,0.0734,14.5,15.1,136,0
8223,2025-08-29,R6/2025,15.0007,15.0,0.0085,15.0,15.1,136,0
8161,2025-09-01,R5/2027,10.9778,11.0,1.1045,9.0,15.0,97,0
8163,2025-09-01,R4/2027,11.2283,11.0,1.0282,9.0,15.0,115,0
8165,2025-09-01,R3/2027,11.4682,11.5,0.9864,9.5,15.0,118,0
8167,2025-09-01,R2/2027,11.7161,11.75,0.9444,9.5,15.0,118,0
8169,2025-09-01,R1/2027,12.0022,12.0,0.8992,9.5,15.0,118,0
8171,2025-09-01,R8/2026,12.3096,12.5,0.8866,9.5,15.0,136,0
8173,2025-09-01,R7/2026,12.4792,12.5,0.8616,9.5,15.0,132,0
8191,2025-09-01,R6/2025,15.0007,15.0,0.0085,15.0,15.1,136,0
8177,2025-09-01,R5/2026,13.053,13.0,0.8217,10.0,15.0,132,0
8179,2025-09-01,R4/2026,13.461,13.5,0.7614,10.5,15.0,132,0
8181,2025-09-01,R3/2026,13.9004,14.0,0.6589,11.5,15.0,133,0
8183,2025-09-01,R2/2026,14.3158,14.5,0.5211,12.5,15.0,133,0
8185,2025-09-01,R1/2026,14.6754,14.75,0.3716,13.5,15.0001,134,0
8187,2025-09-01,R8/2025,14.8975,15.0,0.2052,14.0,15.0001,139,0
8189,2025-09-01,R7/2025,14.986,15.0,0.0734,14.5,15.1,136,0
8175,2025-09-01,R6/2026,12.7273,12.75,0.8402,10.0,15.0,132,0
8139,2025-09-02,R8/2026,12.3,12.5,0.8904,9.5,15.0,137,0
8129,2025-09-02,R5/2027,10.9577,11.0,1.1166,9.0,15.0,98,0
8131,2025-09-02,R4/2027,11.2091,11.0,1.0442,9.0,15.0,116,0
8133,2025-09-02,R3/2027,11.4517,11.5,0.9986,9.5,15.0,119,0
8135,2025-09-02,R2/2027,11.7017,11.75,0.9534,9.5,15.0,119,0
8137,2025-09-02,R1/2027,11.9896,12.0,0.9058,9.5,15.0,119,0
8141,2025-09-02,R7/2026,12.4719,12.5,0.8625,9.5,15.0,133,0
8143,2025-09-02,R6/2026,12.718,12.75,0.8437,10.0,15.0,133,0
8145,2025-09-02,R5/2026,13.0414,13.0,0.8295,10.0,15.0,133,0
8147,2025-09-02,R4/2026,13.45,13.5,0.7689,10.5,15.0,133,0
8149,2025-09-02,R3/2026,13.8918,14.0,0.6639,11.5,15.0,134,0
8151,2025-09-02,R2/2026,14.3116,14.375,0.5214,12.5,15.0,134,0
8153,2025-09-02,R1/2026,14.6741,14.75,0.3705,13.5,15.0001,135,0
8155,2025-09-02,R8/2025,14.8982,15.0,0.2046,14.0,15.0001,140,0
8157,2025-09-02,R7/2025,14.9861,15.0,0.0732,14.5,15.1,137,0
8159,2025-09-02,R6/2025,15.0007,15.0,0.0085,15.0,15.1,137,0
8097,2025-09-03,R5/2027,10.9704,11.0,1.1128,9.0,15.0,98,0
8099,2025-09-03,R4/2027,11.2177,11.125,1.0425,9.0,15.0,116,0
8101,2025-09-03,R3/2027,11.458,11.5,0.9981,9.5,15.0,119,0
8103,2025-09-03,R2/2027,11.7059,11.75,0.9536,9.5,15.0,119,0
8105,2025-09-03,R1/2027,11.9959,12.0,0.9035,9.5,15.0,120,0
8107,2025-09-03,R8/2026,12.3051,12.5,0.8891,9.5,15.0,138,0
8109,2025-09-03,R7/2026,12.4796,12.5,0.8638,9.5,15.0,134,0
8111,2025-09-03,R6/2026,12.7257,12.75,0.8452,10.0,15.0,134,0
8113,2025-09-03,R5/2026,13.0485,13.0,0.8305,10.0,15.0,134,0
8115,2025-09-03,R4/2026,13.456,13.5,0.7692,10.5,15.0,134,0
8117,2025-09-03,R3/2026,13.8963,14.0,0.6635,11.5,15.0,135,0
8119,2025-09-03,R2/2026,14.3148,14.5,0.5208,12.5,15.0,135,0
8121,2025-09-03,R1/2026,14.6765,14.75,0.3702,13.5,15.0001,136,0
8123,2025-09-03,R8/2025,14.8989,15.0,0.2041,14.0,15.0001,141,0
8125,2025-09-03,R7/2025,14.988,15.0,0.0701,14.5,15.1,138,0
8127,2025-09-03,R6/2025,15.0007,15.0,0.0085,15.0,15.1,138,0
8065,2025-09-04,R5/2027,10.9704,11.0,1.1128,9.0,15.0,98,0
8067,2025-09-04,R4/2027,11.2177,11.125,1.0425,9.0,15.0,116,0
8069,2025-09-04,R3/2027,11.458,11.5,0.9981,9.5,15.0,119,0
8071,2025-09-04,R2/2027,11.7059,11.75,0.9536,9.5,15.0,119,0
8073,2025-09-04,R1/2027,11.9959,12.0,0.9035,9.5,15.0,120,0
8075,2025-09-04,R8/2026,12.3037,12.5,0.8922,9.5,15.0,137,0
8077,2025-09-04,R7/2026,12.4794,12.5,0.867,9.5,15.0,133,0
8095,2025-09-04,R6/2025,15.0007,15.0,0.0085,15.0,15.1,137,0
8081,2025-09-04,R5/2026,13.0489,13.0,0.8337,10.0,15.0,133,0
8083,2025-09-04,R4/2026,13.4556,13.5,0.772,10.5,15.0,133,0
8085,2025-09-04,R3/2026,13.8955,14.0,0.6659,11.5,15.0,134,0
8087,2025-09-04,R2/2026,14.3134,14.375,0.5225,12.5,15.0,134,0
8089,2025-09-04,R1/2026,14.6741,14.75,0.3705,13.5,15.0001,135,0
8091,2025-09-04,R8/2025,14.8982,15.0,0.2046,14.0,15.0001,140,0
8093,2025-09-04,R7/2025,14.988,15.0,0.0703,14.5,15.1,137,0
8079,2025-09-04,R6/2026,12.7274,12.75,0.8482,10.0,15.0,133,0
8043,2025-09-05,R8/2026,12.3037,12.5,0.8963,9.5,15.0,137,0
8033,2025-09-05,R5/2027,10.966,11.0,1.1032,9.0,15.0,100,0
8035,2025-09-05,R4/2027,11.2091,11.125,1.0484,9.0,15.0,116,0
8037,2025-09-05,R3/2027,11.4496,11.5,1.004,9.5,15.0,119,0
8039,2025-09-05,R2/2027,11.6975,11.75,0.9597,9.5,15.0,119,0
8041,2025-09-05,R1/2027,11.9918,12.0,0.9093,9.5,15.0,120,0
8045,2025-09-05,R7/2026,12.4832,12.5,0.8704,9.5,15.0,133,0
8063,2025-09-05,R6/2025,15.0007,15.0,0.0085,15.0,15.1,137,0
8049,2025-09-05,R5/2026,13.0564,13.0,0.8377,10.0,15.0,133,0
8051,2025-09-05,R4/2026,13.4632,13.5,0.7773,10.5,15.0,133,0
8053,2025-09-05,R3/2026,13.903,14.0,0.6726,11.5,15.0,134,0
8055,2025-09-05,R2/2026,14.3172,14.375,0.5256,12.5,15.0,134,0
8057,2025-09-05,R1/2026,14.6741,14.75,0.3705,13.5,15.0001,135,0
8059,2025-09-05,R8/2025,14.9036,15.0,0.1927,14.0,15.0001,140,0
8061,2025-09-05,R7/2025,14.988,15.0,0.0703,14.5,15.1,137,0
8047,2025-09-05,R6/2026,12.7331,12.75,0.8519,10.0,15.0,133,0
8001,2025-09-08,R5/2027,10.8786,11.0,1.0164,9.0,15.0,98,0
8003,2025-09-08,R4/2027,11.1504,11.0,0.9824,9.0,15.0,113,0
8005,2025-09-08,R3/2027,11.403,11.5,0.9479,9.5,15.0,116,0
8007,2025-09-08,R2/2027,11.6616,11.75,0.9111,9.5,15.0,116,0
8009,2025-09-08,R1/2027,11.9616,12.0,0.8724,9.5,15.0,117,0
8011,2025-09-08,R8/2026,12.287,12.5,0.883,9.5,15.0,131,0
8013,2025-09-08,R7/2026,12.4669,12.5,0.8588,9.5,15.0,128,0
8015,2025-09-08,R6/2026,12.7207,12.75,0.8464,10.0,15.0,128,0
8017,2025-09-08,R5/2026,13.0527,13.0,0.8377,10.0,15.0,128,0
8019,2025-09-08,R4/2026,13.4598,13.5,0.7844,10.5,15.0,128,0
8021,2025-09-08,R3/2026,13.9031,14.0,0.6851,11.5,15.0,129,0
8023,2025-09-08,R2/2026,14.314,14.5,0.534,12.5,15.0,129,0
8025,2025-09-08,R1/2026,14.6712,14.75,0.3786,13.5,15.0001,130,0
8027,2025-09-08,R8/2025,14.8966,15.0,0.1966,14.0,15.0001,133,0
8029,2025-09-08,R7/2025,14.9875,15.0,0.0716,14.5,15.1,132,0
8031,2025-09-08,R6/2025,15.0008,15.0,0.0087,15.0,15.1,132,0
7969,2025-09-09,R5/2027,10.8823,11.0,1.0249,9.0,15.0,99,0
7971,2025-09-09,R4/2027,11.1416,11.0,0.9922,9.0,15.0,113,0
7973,2025-09-09,R3/2027,11.3879,11.5,0.951,9.5,15.0,116,0
7975,2025-09-09,R2/2027,11.6444,11.75,0.9098,9.5,15.0,116,0
7977,2025-09-09,R1/2027,11.9467,12.0,0.8732,9.5,15.0,117,0
7979,2025-09-09,R8/2026,12.2714,12.5,0.8801,9.5,15.0,133,0
7981,2025-09-09,R7/2026,12.4532,12.5,0.8607,9.5,15.0,128,0
7999,2025-09-09,R6/2025,15.0008,15.0,0.0086,15.0,15.1,133,0
7985,2025-09-09,R5/2026,13.0349,13.0,0.8415,10.0,15.0,129,0
7987,2025-09-09,R4/2026,13.4426,13.5,0.7868,10.5,15.0,129,0
7989,2025-09-09,R3/2026,13.8904,14.0,0.685,11.5,15.0,130,0
7991,2025-09-09,R2/2026,14.3058,14.25,0.5328,12.5,15.0,130,0
7993,2025-09-09,R1/2026,14.6641,14.75,0.3755,13.5,15.0001,131,0
7995,2025-09-09,R8/2025,14.8963,15.0,0.1958,14.0,15.0001,135,0
7997,2025-09-09,R7/2025,14.9876,15.0,0.0713,14.5,15.1,133,0
7983,2025-09-09,R6/2026,12.709,12.75,0.8465,10.0,15.0,128,0
7947,2025-09-10,R8/2026,12.2713,12.5,0.8752,9.5,15.0,134,0
7937,2025-09-10,R5/2027,10.871,11.0,1.0242,9.0,15.0,100,0
7939,2025-09-10,R4/2027,11.1338,11.0,0.9896,9.0,15.0,114,0
7941,2025-09-10,R3/2027,11.3825,11.5,0.9471,9.5,15.0,117,0
7943,2025-09-10,R2/2027,11.6368,11.75,0.9067,9.5,15.0,117,0
7945,2025-09-10,R1/2027,11.9429,12.0,0.868,9.5,15.0,118,0
7949,2025-09-10,R7/2026,12.4516,12.5,0.8559,9.5,15.0,129,0
7967,2025-09-10,R6/2025,15.0007,15.0,0.0086,15.0,15.1,134,0
7953,2025-09-10,R5/2026,13.0288,13.0,0.8353,10.0,15.0,130,0
7955,2025-09-10,R4/2026,13.4354,13.5,0.7789,10.5,15.0,130,0
7957,2025-09-10,R3/2026,13.8855,14.0,0.6791,11.5,15.0,131,0
7959,2025-09-10,R2/2026,14.3034,14.25,0.5288,12.5,15.0,131,0
7961,2025-09-10,R1/2026,14.6648,14.75,0.3742,13.5,15.0,132,0
7963,2025-09-10,R8/2025,14.8971,15.0,0.1952,14.0,15.0001,136,0
7965,2025-09-10,R7/2025,14.9877,15.0,0.0711,14.5,15.1,134,0
7951,2025-09-10,R6/2026,12.7035,12.75,0.8409,10.0,15.0,129,0
7905,2025-09-11,R5/2027,10.8785,11.0,1.0297,9.0,15.0,100,0
7907,2025-09-11,R4/2027,11.136,11.0,0.9913,9.0,15.0,114,0
7909,2025-09-11,R3/2027,11.3803,11.5,0.9454,9.5,15.0,117,0
7911,2025-09-11,R2/2027,11.6282,11.75,0.9009,9.5,15.0,117,0
7913,2025-09-11,R1/2027,11.9365,12.0,0.8648,9.5,15.0,118,0
7915,2025-09-11,R8/2026,12.2544,12.375,0.8729,9.5,15.0,136,0
7917,2025-09-11,R7/2026,12.4462,12.5,0.8531,9.5,15.0,130,0
7919,2025-09-11,R6/2026,12.7038,12.75,0.8383,10.0,15.0,130,0
7923,2025-09-11,R4/2026,13.4435,13.5,0.7765,10.5,15.0,131,0
7925,2025-09-11,R3/2026,13.8939,14.0,0.675,11.5,15.0,132,0
7927,2025-09-11,R2/2026,14.3106,14.375,0.5251,12.5,15.0,132,0
7929,2025-09-11,R1/2026,14.6711,14.75,0.3722,13.5,15.0,133,0
7931,2025-09-11,R8/2025,14.8993,15.0,0.1937,14.0,15.0001,139,0
7933,2025-09-11,R7/2025,14.988,15.0,0.0703,14.5,15.1,137,0
7935,2025-09-11,R6/2025,15.0007,15.0,0.0085,15.0,15.1,137,0
7921,2025-09-11,R5/2026,13.0344,13.0,0.8328,10.0,15.0,131,0
7885,2025-09-12,R7/2026,12.3937,12.5,0.7942,9.5,15.0,134,0
7875,2025-09-12,R4/2027,11.069,11.0,0.9512,9.0,13.0,116,0
7877,2025-09-12,R3/2027,11.3199,11.5,0.9054,9.5,13.0,118,0
7879,2025-09-12,R2/2027,11.5763,11.5,0.8627,9.5,13.0,118,0
7881,2025-09-12,R1/2027,11.8803,12.0,0.8235,9.5,13.5,119,0
7883,2025-09-12,R8/2026,12.2132,12.375,0.8189,9.5,15.0,140,0
7887,2025-09-12,R6/2026,12.6437,12.625,0.7849,10.0,15.0,134,0
7873,2025-09-12,R5/2027,10.8644,10.875,0.989,9.0,13.0,108,0
7891,2025-09-12,R4/2026,13.3989,13.5,0.739,10.5,15.0,135,0
7903,2025-09-12,R6/2025,15.0,15.0,0.0,15.0,15.0,140,0
7901,2025-09-12,R7/2025,14.9882,15.0,0.0696,14.5,15.1,140,0
7899,2025-09-12,R8/2025,14.9032,15.0,0.1896,14.0,15.0001,142,0
7889,2025-09-12,R5/2026,12.9722,13.0,0.7915,10.0,15.0,135,0
7895,2025-09-12,R2/2026,14.2868,14.25,0.515,12.5,15.0,136,0
7893,2025-09-12,R3/2026,13.8585,13.875,0.6542,11.5,15.0,136,0
7897,2025-09-12,R1/2026,14.6642,14.75,0.3643,13.5,15.0,137,0
7841,2025-09-15,R5/2027,10.8885,11.0,1.016,9.0,13.5,109,0
7843,2025-09-15,R4/2027,11.0898,11.0,0.9732,9.0,13.5,117,0
7845,2025-09-15,R3/2027,11.3382,11.5,0.9233,9.5,13.5,119,0
7847,2025-09-15,R2/2027,11.5924,11.5,0.8768,9.5,13.5,119,0
7849,2025-09-15,R1/2027,11.8959,12.0,0.8375,9.5,13.75,120,0
7853,2025-09-15,R7/2026,12.4087,12.5,0.81,9.5,15.0,134,0
7855,2025-09-15,R6/2026,12.6586,12.75,0.8009,10.0,15.0,134,0
7851,2025-09-15,R8/2026,12.2257,12.5,0.8326,9.5,15.0,140,0
7859,2025-09-15,R4/2026,13.41,13.5,0.7516,10.5,15.0,135,0
7861,2025-09-15,R3/2026,13.8658,13.875,0.6614,11.5,15.0,136,0
7863,2025-09-15,R2/2026,14.2904,14.25,0.5183,12.5,15.0,136,0
7865,2025-09-15,R1/2026,14.6661,14.75,0.3653,13.5,15.0,137,0
7867,2025-09-15,R8/2025,14.9032,15.0,0.1896,14.0,15.0001,142,0
7869,2025-09-15,R7/2025,14.9882,15.0,0.0696,14.5,15.1,140,0
7871,2025-09-15,R6/2025,15.0,15.0,0.0,15.0,15.0,140,0
7857,2025-09-15,R5/2026,12.9852,13.0,0.8061,10.0,15.0,135,0
7819,2025-09-16,R8/2026,12.2257,12.5,0.8326,9.5,15.0,140,0
7809,2025-09-16,R5/2027,10.8885,11.0,1.016,9.0,13.5,109,0
7811,2025-09-16,R4/2027,11.0898,11.0,0.9732,9.0,13.5,117,0
7813,2025-09-16,R3/2027,11.3382,11.5,0.9233,9.5,13.5,119,0
7815,2025-09-16,R2/2027,11.5924,11.5,0.8768,9.5,13.5,119,0
7817,2025-09-16,R1/2027,11.8959,12.0,0.8375,9.5,13.75,120,0
7821,2025-09-16,R7/2026,12.4087,12.5,0.81,9.5,15.0,134,0
7835,2025-09-16,R8/2025,14.9032,15.0,0.1896,14.0,15.0001,142,0
7825,2025-09-16,R5/2026,12.9852,13.0,0.8061,10.0,15.0,135,0
7827,2025-09-16,R4/2026,13.41,13.5,0.7516,10.5,15.0,135,0
7829,2025-09-16,R3/2026,13.8658,13.875,0.6614,11.5,15.0,136,0
7831,2025-09-16,R2/2026,14.2904,14.25,0.5183,12.5,15.0,136,0
7833,2025-09-16,R1/2026,14.6661,14.75,0.3653,13.5,15.0,137,0
7837,2025-09-16,R7/2025,14.9882,15.0,0.0696,14.5,15.1,140,0
7839,2025-09-16,R6/2025,15.0,15.0,0.0,15.0,15.0,140,0
7823,2025-09-16,R6/2026,12.6586,12.75,0.8009,10.0,15.0,134,0
7789,2025-09-17,R7/2026,12.4087,12.5,0.81,9.5,15.0,134,0
7777,2025-09-17,R5/2027,10.8885,11.0,1.016,9.0,13.5,109,0
7779,2025-09-17,R4/2027,11.0898,11.0,0.9732,9.0,13.5,117,0
7781,2025-09-17,R3/2027,11.3382,11.5,0.9233,9.5,13.5,119,0
7783,2025-09-17,R2/2027,11.5924,11.5,0.8768,9.5,13.5,119,0
7785,2025-09-17,R1/2027,11.8959,12.0,0.8375,9.5,13.75,120,0
7791,2025-09-17,R6/2026,12.6586,12.75,0.8009,10.0,15.0,134,0
7787,2025-09-17,R8/2026,12.2257,12.5,0.8326,9.5,15.0,140,0
7795,2025-09-17,R4/2026,13.41,13.5,0.7516,10.5,15.0,135,0
7807,2025-09-17,R6/2025,15.0,15.0,0.0,15.0,15.0,140,0
7805,2025-09-17,R7/2025,14.9882,15.0,0.0696,14.5,15.1,140,0
7803,2025-09-17,R8/2025,14.9032,15.0,0.1896,14.0,15.0001,142,0
7793,2025-09-17,R5/2026,12.9852,13.0,0.8061,10.0,15.0,135,0
7799,2025-09-17,R2/2026,14.2904,14.25,0.5183,12.5,15.0,136,0
7797,2025-09-17,R3/2026,13.8658,13.875,0.6614,11.5,15.0,136,0
7801,2025-09-17,R1/2026,14.6661,14.75,0.3653,13.5,15.0,137,0
7747,2025-09-18,R5/2027,10.8794,10.75,1.0065,9.0,13.5,109,0
7749,2025-09-18,R4/2027,11.0876,11.0,0.9581,9.0,13.5,117,0
7751,2025-09-18,R3/2027,11.3382,11.5,0.9113,9.5,13.5,119,0
7753,2025-09-18,R2/2027,11.5945,11.5,0.8642,9.5,13.5,119,0
7757,2025-09-18,R8/2026,12.2221,12.375,0.8282,9.5,15.0,140,0
7759,2025-09-18,R7/2026,12.4031,12.5,0.8074,9.5,15.0,134,0
7755,2025-09-18,R1/2027,11.9001,12.0,0.8261,9.5,13.75,120,0
7763,2025-09-18,R5/2026,12.9815,13.0,0.8049,10.0,15.0,135,0
7765,2025-09-18,R4/2026,13.41,13.5,0.7516,10.5,15.0,135,0
7767,2025-09-18,R3/2026,13.8676,14.0,0.6614,11.5,15.0,136,0
7769,2025-09-18,R2/2026,14.2941,14.25,0.518,12.5,15.0,136,0
7771,2025-09-18,R1/2026,14.6697,14.75,0.3636,13.5,15.0,137,0
7773,2025-09-18,R8/2025,14.9067,15.0,0.1867,14.0,15.0001,142,0
7775,2025-09-18,R7/2025,14.99,15.0,0.0666,14.5,15.1,140,0
7761,2025-09-18,R6/2026,12.6511,12.625,0.8011,10.0,15.0,134,0
7723,2025-09-19,R1/2027,11.9076,12.0,0.7626,10.0,13.5,119,0
7713,2025-09-19,R6/2027,10.6829,10.5,0.8818,9.0,12.5,41,0
7715,2025-09-19,R5/2027,10.8532,10.75,0.9799,9.0,13.0,110,0
7717,2025-09-19,R4/2027,11.0534,11.0,0.9404,9.0,13.0,117,0
7719,2025-09-19,R3/2027,11.3199,11.375,0.8769,9.5,13.0,118,0
7721,2025-09-19,R2/2027,11.589,11.5,0.8218,10.0,13.0,118,0
7725,2025-09-19,R8/2026,12.2418,12.25,0.7697,10.0,15.0,140,0
7737,2025-09-19,R2/2026,14.296,14.375,0.5111,12.5,15.0,136,0
7729,2025-09-19,R6/2026,12.6716,12.625,0.7521,10.0,15.0,134,0
7731,2025-09-19,R5/2026,13.0,13.0,0.7662,10.0,15.0,135,0
7733,2025-09-19,R4/2026,13.4211,13.5,0.724,10.5,15.0,135,0
7735,2025-09-19,R3/2026,13.8695,14.0,0.6459,11.5,15.0,136,0
7739,2025-09-19,R1/2026,14.6715,14.75,0.3622,13.5,15.0,137,0
7741,2025-09-19,R8/2025,14.9078,15.0,0.1869,14.0,15.0001,141,0
7727,2025-09-19,R7/2026,12.4254,12.5,0.738,10.0,15.0,134,0
7743,2025-09-19,R7/2025,14.9917,15.0,0.0561,14.5,15.1,139,0
7693,2025-09-22,R8/2026,12.2507,12.5,0.7558,10.0,15.0,137,0
7681,2025-09-22,R6/2027,10.6889,10.5,0.9101,9.0,12.5,45,0
7683,2025-09-22,R5/2027,10.9019,10.875,0.9599,9.0,13.0,106,0
7685,2025-09-22,R4/2027,11.0996,11.0,0.9238,9.0,13.0,113,0
7687,2025-09-22,R3/2027,11.3596,11.5,0.873,9.5,13.0,114,0
7689,2025-09-22,R2/2027,11.6294,11.625,0.816,10.0,13.0,114,0
7691,2025-09-22,R1/2027,11.9305,12.0,0.7685,10.0,13.5,115,0
7695,2025-09-22,R7/2026,12.447,12.5,0.7365,10.0,15.0,132,0
7699,2025-09-22,R5/2026,13.032,13.0,0.7599,10.0,15.0,133,0
7711,2025-09-22,R7/2025,14.9971,15.0,0.0313,14.75,15.1,137,0
7709,2025-09-22,R8/2025,14.9227,15.0,0.1611,14.5,15.0,139,0
7707,2025-09-22,R1/2026,14.6903,14.75,0.3417,13.5,15.0,134,0
7697,2025-09-22,R6/2026,12.697,12.75,0.7494,10.0,15.0,132,0
7703,2025-09-22,R3/2026,13.8985,14.0,0.6372,11.5,15.0,133,0
7701,2025-09-22,R4/2026,13.4556,13.5,0.7171,10.5,15.0,133,0
7705,2025-09-22,R2/2026,14.3214,14.5,0.4958,12.5,15.0,133,0
7649,2025-09-23,R6/2027,10.6915,10.5,0.8921,9.0,12.5,47,0
7651,2025-09-23,R5/2027,10.9051,11.0,0.956,9.0,13.0,107,0
7653,2025-09-23,R4/2027,11.1031,11.0,0.9205,9.0,13.0,114,0
7655,2025-09-23,R3/2027,11.363,11.5,0.8699,9.5,13.0,115,0
7657,2025-09-23,R2/2027,11.6326,11.75,0.8132,10.0,13.0,115,0
7661,2025-09-23,R8/2026,12.2489,12.5,0.7506,10.0,15.0,139,0
7663,2025-09-23,R7/2026,12.4497,12.5,0.7283,10.0,15.0,134,0
7659,2025-09-23,R1/2027,11.9333,12.0,0.7657,10.0,13.5,116,0
7667,2025-09-23,R5/2026,13.037,13.0,0.7463,10.0,15.0,135,0
7669,2025-09-23,R4/2026,13.4581,13.5,0.7064,10.5,15.0,135,0
7671,2025-09-23,R3/2026,13.9019,14.0,0.6289,11.5,15.0,135,0
7673,2025-09-23,R2/2026,14.3241,14.5,0.4907,12.5,15.0,135,0
7675,2025-09-23,R1/2026,14.6949,14.75,0.3385,13.5,15.0,136,0
7677,2025-09-23,R8/2025,14.9255,15.0,0.1568,14.5,15.0,141,0
7679,2025-09-23,R7/2025,14.9989,15.0,0.0228,14.75,15.1,139,0
7665,2025-09-23,R6/2026,12.7034,12.75,0.7344,10.0,15.0,134,0
7627,2025-09-24,R1/2027,11.9281,12.0,0.7604,10.0,13.5,118,0
7617,2025-09-24,R6/2027,10.65,10.5,0.886,9.0,12.5,50,0
7619,2025-09-24,R5/2027,10.8954,10.75,0.9512,9.0,13.0,109,0
7621,2025-09-24,R4/2027,11.0927,11.0,0.9183,9.0,13.0,116,0
7623,2025-09-24,R3/2027,11.3547,11.5,0.8662,9.5,13.0,117,0
7625,2025-09-24,R2/2027,11.6261,11.5,0.8084,10.0,13.0,117,0
7629,2025-09-24,R8/2026,12.256,12.25,0.76,10.0,15.0,141,0
7643,2025-09-24,R1/2026,14.6993,14.75,0.3367,13.5,15.0,138,0
7633,2025-09-24,R6/2026,12.7096,12.75,0.7384,10.0,15.0,136,0
7635,2025-09-24,R5/2026,13.0438,13.0,0.7484,10.0,15.0,137,0
7637,2025-09-24,R4/2026,13.4642,13.5,0.7018,10.5,15.0,137,0
7639,2025-09-24,R3/2026,13.9069,14.0,0.6242,11.5,15.0,137,0
7641,2025-09-24,R2/2026,14.3303,14.5,0.4861,12.5,15.0,137,0
7645,2025-09-24,R8/2025,14.9283,15.0,0.1554,14.5,15.0,143,0
7631,2025-09-24,R7/2026,12.456,12.5,0.7337,10.0,15.0,136,0
7647,2025-09-24,R7/2025,14.9989,15.0,0.0227,14.75,15.1,141,0
7597,2025-09-25,R8/2026,12.2454,12.25,0.7577,10.0,15.0,141,0
7585,2025-09-25,R6/2027,10.6727,10.5,0.8672,9.0,12.5,55,0
7587,2025-09-25,R5/2027,10.8918,10.75,0.9476,9.0,13.0,110,0
7589,2025-09-25,R4/2027,11.0819,11.0,0.9149,9.0,13.0,116,0
7591,2025-09-25,R3/2027,11.3419,11.5,0.8602,9.5,13.0,117,0
7593,2025-09-25,R2/2027,11.6154,11.5,0.805,10.0,13.0,117,0
7595,2025-09-25,R1/2027,11.9153,12.0,0.7549,10.0,13.5,118,0
7601,2025-09-25,R6/2026,12.7022,12.75,0.7342,10.0,15.0,136,0
7603,2025-09-25,R5/2026,13.0365,13.0,0.7439,10.0,15.0,137,0
7605,2025-09-25,R4/2026,13.4606,13.5,0.7017,10.5,15.0,137,0
7607,2025-09-25,R3/2026,13.9033,14.0,0.6236,11.5,15.0,137,0
7609,2025-09-25,R2/2026,14.3303,14.5,0.4879,12.5,15.0,137,0
7611,2025-09-25,R1/2026,14.6975,14.75,0.3358,13.5,15.0,138,0
7613,2025-09-25,R8/2025,14.9283,15.0,0.1554,14.5,15.0,143,0
7615,2025-09-25,R7/2025,14.9989,15.0,0.0227,14.75,15.1,141,0
7599,2025-09-25,R7/2026,12.4468,12.5,0.7271,10.0,15.0,136,0
7555,2025-09-26,R5/2027,10.9018,11.0,0.9366,9.0,13.0,111,0
7557,2025-09-26,R4/2027,11.0962,11.0,0.8968,9.0,13.0,117,0
7559,2025-09-26,R3/2027,11.3517,11.5,0.8439,9.5,13.0,118,0
7561,2025-09-26,R2/2027,11.6208,11.5,0.787,10.0,13.0,118,0
7563,2025-09-26,R1/2027,11.9182,12.0,0.739,10.0,13.5,119,0
7565,2025-09-26,R8/2026,12.2366,12.25,0.7429,10.0,15.0,142,0
7567,2025-09-26,R7/2026,12.4326,12.5,0.7182,10.0,15.0,137,0
7553,2025-09-26,R6/2027,10.6455,10.5,0.8917,8.5,12.5,67,0
7571,2025-09-26,R5/2026,13.0399,13.0,0.7098,10.5,15.0,138,0
7573,2025-09-26,R4/2026,13.4609,13.5,0.6767,11.0,15.0,138,0
7575,2025-09-26,R3/2026,13.9022,14.0,0.6134,11.5,15.0,138,0
7577,2025-09-26,R2/2026,14.3333,14.5,0.4819,12.5,15.0,138,0
7579,2025-09-26,R1/2026,14.705,14.75,0.3329,13.5,15.0,139,0
7581,2025-09-26,R8/2025,14.9306,15.0,0.1543,14.5,15.0,144,0
7583,2025-09-26,R7/2025,14.9989,15.0,0.0226,14.75,15.1,142,0
7569,2025-09-26,R6/2026,12.6953,12.75,0.714,10.5,15.0,137,0
7521,2025-09-29,R6/2027,10.636,10.5,0.8885,8.5,12.5,68,0
7523,2025-09-29,R5/2027,10.8938,11.0,0.9362,9.0,13.0,112,0
7525,2025-09-29,R4/2027,11.0962,11.0,0.8968,9.0,13.0,117,0
7527,2025-09-29,R3/2027,11.3517,11.5,0.8439,9.5,13.0,118,0
7529,2025-09-29,R2/2027,11.6208,11.5,0.787,10.0,13.0,118,0
7531,2025-09-29,R1/2027,11.9182,12.0,0.739,10.0,13.5,119,0
7533,2025-09-29,R8/2026,12.2366,12.25,0.7429,10.0,15.0,142,0
7537,2025-09-29,R6/2026,12.6953,12.75,0.714,10.5,15.0,137,0
7539,2025-09-29,R5/2026,13.0399,13.0,0.7098,10.5,15.0,138,0
7541,2025-09-29,R4/2026,13.4609,13.5,0.6767,11.0,15.0,138,0
7543,2025-09-29,R3/2026,13.904,14.0,0.6148,11.5,15.0,138,0
7545,2025-09-29,R2/2026,14.3351,14.5,0.4829,12.5,15.0,138,0
7547,2025-09-29,R1/2026,14.7068,14.75,0.3338,13.5,15.0,139,0
7549,2025-09-29,R8/2025,14.9306,15.0,0.1543,14.5,15.0,144,0
7551,2025-09-29,R7/2025,14.9989,15.0,0.0226,14.75,15.1,142,0
7535,2025-09-29,R7/2026,12.4326,12.5,0.7182,10.0,15.0,137,0
7489,2025-09-30,R6/2027,10.6479,10.5,0.8837,8.5,12.5,71,0
7491,2025-09-30,R5/2027,10.8846,11.0,0.9289,9.0,13.0,114,0
7493,2025-09-30,R4/2027,11.0841,11.0,0.8919,9.0,13.0,119,0
7499,2025-09-30,R1/2027,11.9133,12.0,0.7305,10.0,13.5,121,0
7497,2025-09-30,R2/2027,11.6167,11.5,0.7799,10.0,13.0,120,0
7503,2025-09-30,R7/2026,12.4299,12.5,0.7102,10.0,15.0,139,0
7495,2025-09-30,R3/2027,11.3438,11.5,0.8373,9.5,13.0,120,0
7507,2025-09-30,R5/2026,13.0357,13.0,0.7024,10.5,15.0,140,0
7505,2025-09-30,R6/2026,12.6924,12.75,0.706,10.5,15.0,139,0
7519,2025-09-30,R7/2025,14.999,15.0,0.0224,14.75,15.1,144,0
7517,2025-09-30,R8/2025,14.9298,15.0,0.1541,14.5,15.0,146,0
7515,2025-09-30,R1/2026,14.7074,14.75,0.3328,13.5,15.0,141,0
7501,2025-09-30,R8/2026,12.2333,12.25,0.7352,10.0,15.0,144,0
7511,2025-09-30,R3/2026,13.9,14.0,0.6093,11.5,15.0,140,0
7509,2025-09-30,R4/2026,13.4561,13.5,0.6706,11.0,15.0,140,0
7513,2025-09-30,R2/2026,14.3339,14.5,0.4805,12.5,15.0,140,0
7457,2025-10-01,R6/2027,10.6479,10.5,0.8837,8.5,12.5,71,0
7459,2025-10-01,R5/2027,10.8846,11.0,0.9289,9.0,13.0,114,0
7461,2025-10-01,R4/2027,11.0841,11.0,0.8919,9.0,13.0,119,0
7463,2025-10-01,R3/2027,11.3438,11.5,0.8373,9.5,13.0,120,0
7465,2025-10-01,R2/2027,11.6167,11.5,0.7799,10.0,13.0,120,0
7469,2025-10-01,R8/2026,12.2333,12.25,0.7352,10.0,15.0,144,0
7471,2025-10-01,R7/2026,12.4299,12.5,0.7102,10.0,15.0,139,0
7467,2025-10-01,R1/2027,11.9133,12.0,0.7305,10.0,13.5,121,0
7475,2025-10-01,R5/2026,13.0357,13.0,0.7024,10.5,15.0,140,0
7477,2025-10-01,R4/2026,13.4561,13.5,0.6706,11.0,15.0,140,0
7479,2025-10-01,R3/2026,13.9,14.0,0.6093,11.5,15.0,140,0
7481,2025-10-01,R2/2026,14.3339,14.5,0.4805,12.5,15.0,140,0
7483,2025-10-01,R1/2026,14.7074,14.75,0.3328,13.5,15.0,141,0
7485,2025-10-01,R8/2025,14.9298,15.0,0.1541,14.5,15.0,146,0
7487,2025-10-01,R7/2025,15.0007,15.0,0.0083,15.0,15.1,144,0
7473,2025-10-01,R6/2026,12.6924,12.75,0.706,10.5,15.0,139,0
7435,2025-10-02,R1/2027,11.9022,12.0,0.7268,10.0,13.5,120,0
7425,2025-10-02,R6/2027,10.6458,10.5,0.8777,8.5,12.5,72,0
7427,2025-10-02,R5/2027,10.8814,10.75,0.9329,9.0,13.0,113,0
7429,2025-10-02,R4/2027,11.0784,11.0,0.8947,9.0,13.0,118,0
7431,2025-10-02,R3/2027,11.3361,11.5,0.8386,9.5,13.0,119,0
7433,2025-10-02,R2/2027,11.6071,11.5,0.7789,10.0,13.0,119,0
7437,2025-10-02,R8/2026,12.221,12.25,0.7318,10.0,15.0,143,0
7451,2025-10-02,R1/2026,14.7054,14.75,0.3331,13.5,15.0,140,0
7441,2025-10-02,R6/2026,12.683,12.625,0.703,10.5,15.0,138,0
7443,2025-10-02,R5/2026,13.0288,13.0,0.7001,10.5,15.0,139,0
7445,2025-10-02,R4/2026,13.4504,13.5,0.6696,11.0,15.0,139,0
7447,2025-10-02,R3/2026,13.8957,14.0,0.6094,11.5,15.0,139,0
7449,2025-10-02,R2/2026,14.3309,14.5,0.4809,12.5,15.0,139,0
7453,2025-10-02,R8/2025,14.9293,15.0,0.1545,14.5,15.0,145,0
7455,2025-10-02,R7/2025,15.0007,15.0,0.0083,15.0,15.1,143,0
7439,2025-10-02,R7/2026,12.4204,12.5,0.707,10.0,15.0,138,0
7405,2025-10-03,R8/2026,12.2332,12.25,0.7319,10.0,15.0,143,0
7393,2025-10-03,R6/2027,10.6757,10.5,0.8841,8.5,12.5,74,0
7395,2025-10-03,R5/2027,10.908,11.0,0.9216,9.0,13.0,113,0
7397,2025-10-03,R4/2027,11.1059,11.0,0.8802,9.25,13.0,118,0
7399,2025-10-03,R3/2027,11.3613,11.5,0.828,9.5,13.0,119,0
7401,2025-10-03,R2/2027,11.6303,11.5,0.7716,10.0,13.0,119,0
7407,2025-10-03,R7/2026,12.4312,12.5,0.712,10.0,15.0,138,0
7403,2025-10-03,R1/2027,11.923,12.0,0.7221,10.0,13.5,120,0
7411,2025-10-03,R5/2026,13.0504,13.0,0.6911,10.5,15.0,139,0
7423,2025-10-03,R7/2025,15.0007,15.0,0.0083,15.0,15.1,143,0
7413,2025-10-03,R4/2026,13.4701,13.5,0.6603,11.0,15.0,139,0
7415,2025-10-03,R3/2026,13.9119,14.0,0.6026,11.5,15.0,139,0
7417,2025-10-03,R2/2026,14.3417,14.5,0.479,12.5,15.0,139,0
7419,2025-10-03,R1/2026,14.7125,14.75,0.334,13.5,15.0,140,0
7421,2025-10-03,R8/2025,14.9293,15.0,0.1545,14.5,15.0,145,0
7409,2025-10-03,R6/2026,12.7029,12.75,0.6991,10.5,15.0,138,0
7361,2025-10-06,R6/2027,10.6579,10.5,0.8828,8.5,12.5,76,0
7363,2025-10-06,R5/2027,10.8956,10.875,0.9269,9.0,13.0,114,0
7365,2025-10-06,R4/2027,11.0883,11.0,0.8903,9.25,13.0,119,0
7367,2025-10-06,R3/2027,11.3417,11.5,0.8422,9.5,13.0,120,0
7369,2025-10-06,R2/2027,11.6125,11.5,0.7924,9.5,13.0,120,0
7371,2025-10-06,R1/2027,11.9071,12.0,0.751,9.5,13.5,121,0
7373,2025-10-06,R8/2026,12.2229,12.25,0.7599,9.5,15.0,144,0
7375,2025-10-06,R7/2026,12.4227,12.5,0.7319,10.0,15.0,139,0
7377,2025-10-06,R6/2026,12.6906,12.75,0.7188,10.5,15.0,139,0
7379,2025-10-06,R5/2026,13.0411,13.0,0.7037,10.5,15.0,140,0
7381,2025-10-06,R4/2026,13.4632,13.5,0.6683,11.0,15.0,140,0
7383,2025-10-06,R3/2026,13.9071,14.0,0.6075,11.5,15.0,140,0
7385,2025-10-06,R2/2026,14.3393,14.5,0.481,12.5,15.0,140,0
7387,2025-10-06,R1/2026,14.711,14.75,0.3346,13.5,15.0,141,0
7389,2025-10-06,R8/2025,14.9345,15.0,0.1498,14.5,15.0,145,0
7391,2025-10-06,R7/2025,15.0007,15.0,0.0083,15.0,15.1,143,0
7329,2025-10-07,R6/2027,10.6429,10.5,0.8868,8.5,12.5,77,0
7331,2025-10-07,R5/2027,10.8956,10.875,0.9269,9.0,13.0,114,0
7333,2025-10-07,R4/2027,11.0883,11.0,0.8903,9.25,13.0,119,0
7335,2025-10-07,R3/2027,11.3417,11.5,0.8422,9.5,13.0,120,0
7337,2025-10-07,R2/2027,11.6125,11.5,0.7924,9.5,13.0,120,0
7339,2025-10-07,R1/2027,11.9112,12.0,0.7418,9.5,13.5,121,0
7341,2025-10-07,R8/2026,12.2316,12.25,0.7437,9.5,15.0,144,0
7359,2025-10-07,R7/2025,15.0007,15.0,0.0083,15.0,15.1,143,0
7345,2025-10-07,R6/2026,12.7014,12.75,0.6994,10.5,15.0,139,0
7347,2025-10-07,R5/2026,13.05,13.0,0.6893,10.5,15.0,140,0
7349,2025-10-07,R4/2026,13.4757,13.5,0.642,11.0,15.0,140,0
7351,2025-10-07,R3/2026,13.9232,14.0,0.5724,12.0,15.0,140,0
7353,2025-10-07,R2/2026,14.3554,14.5,0.4503,13.0,15.0,140,0
7355,2025-10-07,R1/2026,14.7234,14.75,0.3133,13.75,15.0,141,0
7357,2025-10-07,R8/2025,14.9414,15.0,0.1409,14.5,15.0,145,0
7343,2025-10-07,R7/2026,12.4371,12.5,0.7058,10.0,15.0,139,0
7309,2025-10-08,R8/2026,12.2352,12.25,0.7412,9.5,15.0,145,0
7297,2025-10-08,R6/2027,10.6346,10.5,0.8841,8.5,12.5,78,0
7299,2025-10-08,R5/2027,10.8956,10.875,0.9269,9.0,13.0,114,0
7301,2025-10-08,R4/2027,11.0883,11.0,0.8903,9.25,13.0,119,0
7303,2025-10-08,R3/2027,11.3417,11.5,0.8422,9.5,13.0,120,0
7305,2025-10-08,R2/2027,11.6125,11.5,0.7924,9.5,13.0,120,0
7311,2025-10-08,R7/2026,12.4429,12.5,0.7066,10.0,15.0,140,0
7307,2025-10-08,R1/2027,11.9112,12.0,0.7418,9.5,13.5,121,0
7315,2025-10-08,R5/2026,13.0514,13.0,0.6884,10.5,15.0,141,0
7325,2025-10-08,R8/2025,14.9435,15.0,0.1396,14.5,15.0,146,0
7323,2025-10-08,R1/2026,14.7254,14.75,0.3116,13.75,15.0,142,0
7321,2025-10-08,R2/2026,14.3582,14.5,0.4489,13.0,15.0,141,0
7313,2025-10-08,R6/2026,12.7054,12.75,0.6997,10.5,15.0,140,0
7317,2025-10-08,R4/2026,13.4777,13.5,0.6408,11.0,15.0,141,0
7327,2025-10-08,R7/2025,15.0007,15.0,0.0083,15.0,15.1,144,0
7319,2025-10-08,R3/2026,13.9255,14.0,0.571,12.0,15.0,141,0
7265,2025-10-09,R6/2027,10.6563,10.5,0.8869,8.5,12.5,80,0
7267,2025-10-09,R5/2027,10.8956,10.875,0.9269,9.0,13.0,114,0
7269,2025-10-09,R4/2027,11.0883,11.0,0.8903,9.25,13.0,119,0
7271,2025-10-09,R3/2027,11.3417,11.5,0.8422,9.5,13.0,120,0
7273,2025-10-09,R2/2027,11.6167,11.5,0.7852,9.5,13.0,120,0
7277,2025-10-09,R8/2026,12.2386,12.25,0.7366,9.5,15.0,145,0
7279,2025-10-09,R7/2026,12.4465,12.5,0.7043,10.0,15.0,140,0
7275,2025-10-09,R1/2027,11.9154,12.0,0.7353,9.5,13.5,121,0
7283,2025-10-09,R5/2026,13.0532,13.0,0.6892,10.5,15.0,141,0
7285,2025-10-09,R4/2026,13.4777,13.5,0.6408,11.0,15.0,141,0
7287,2025-10-09,R3/2026,13.9255,14.0,0.571,12.0,15.0,141,0
7289,2025-10-09,R2/2026,14.3582,14.5,0.4489,13.0,15.0,141,0
7291,2025-10-09,R1/2026,14.7254,14.75,0.3116,13.75,15.0,142,0
7293,2025-10-09,R8/2025,14.9435,15.0,0.1396,14.5,15.0,146,0
7295,2025-10-09,R7/2025,15.0007,15.0,0.0083,15.0,15.1,144,0
7281,2025-10-09,R6/2026,12.7089,12.75,0.6999,10.5,15.0,140,0
7243,2025-10-10,R1/2027,11.9243,12.0,0.7325,9.5,13.5,122,0
7233,2025-10-10,R6/2027,10.6677,10.5,0.8705,8.5,12.5,82,0
7235,2025-10-10,R5/2027,10.9009,11.0,0.9175,9.0,13.0,115,0
7237,2025-10-10,R4/2027,11.0896,11.0,0.8867,9.25,13.0,120,0
7239,2025-10-10,R3/2027,11.345,11.5,0.8395,9.5,13.0,121,0
7241,2025-10-10,R2/2027,11.624,11.5,0.7801,9.5,13.0,121,0
7245,2025-10-10,R8/2026,12.2507,12.25,0.7376,9.5,15.0,145,0
7259,2025-10-10,R1/2026,14.7271,14.75,0.3167,13.75,15.0,142,0
7249,2025-10-10,R6/2026,12.7145,12.75,0.7062,10.5,15.0,141,0
7251,2025-10-10,R5/2026,13.0709,13.0,0.6837,10.5,15.0,141,0
7253,2025-10-10,R4/2026,13.4936,13.5,0.6346,11.0,15.0,141,0
7255,2025-10-10,R3/2026,13.9344,14.0,0.574,12.0,15.0,141,0
7257,2025-10-10,R2/2026,14.3617,14.5,0.4549,13.0,15.0,141,0
7261,2025-10-10,R8/2025,14.9435,15.0,0.1427,14.5,15.0,146,0
7247,2025-10-10,R7/2026,12.4522,12.5,0.7101,10.0,15.0,141,0
7263,2025-10-10,R7/2025,15.0007,15.0,0.0083,15.0,15.1,144,0
7213,2025-10-13,R8/2026,12.2274,12.25,0.6838,9.5,14.0,133,0
7201,2025-10-13,R6/2027,10.6948,10.5,0.8904,8.5,13.0,86,0
7203,2025-10-13,R5/2027,10.8739,10.75,0.9041,9.0,13.0,111,0
7205,2025-10-13,R4/2027,11.0658,11.0,0.8761,9.25,13.0,114,0
7207,2025-10-13,R3/2027,11.3283,11.5,0.8245,9.5,13.0,115,0
7209,2025-10-13,R2/2027,11.6174,11.5,0.7578,9.5,13.0,115,0
7211,2025-10-13,R1/2027,11.9203,12.0,0.7098,9.5,13.5,116,0
7215,2025-10-13,R7/2026,12.4365,12.5,0.6646,10.0,14.5,130,0
7219,2025-10-13,R5/2026,13.0712,13.0,0.6623,10.5,15.0,130,0
7221,2025-10-13,R4/2026,13.4942,13.5,0.6229,11.0,15.0,130,0
7223,2025-10-13,R3/2026,13.9385,14.0,0.5616,12.0,15.0,130,0
7225,2025-10-13,R2/2026,14.3635,14.5,0.4484,13.0,15.0,130,0
7227,2025-10-13,R1/2026,14.7309,14.75,0.3114,13.75,15.0,131,0
7229,2025-10-13,R8/2025,14.9459,15.0,0.1378,14.5,15.0,134,0
7231,2025-10-13,R7/2025,15.0,15.0,0.0,15.0,15.0,132,0
7217,2025-10-13,R6/2026,12.7058,12.75,0.6747,10.5,15.0,130,0
7169,2025-10-14,R6/2027,10.6948,10.5,0.8904,8.5,13.0,86,0
7171,2025-10-14,R5/2027,10.8739,10.75,0.9041,9.0,13.0,111,0
7173,2025-10-14,R4/2027,11.0658,11.0,0.8761,9.25,13.0,114,0
7175,2025-10-14,R3/2027,11.3261,11.5,0.8237,9.5,13.0,115,0
7177,2025-10-14,R2/2027,11.6152,11.5,0.7571,9.5,13.0,115,0
7179,2025-10-14,R1/2027,11.9181,12.0,0.71,9.5,13.5,116,0
7181,2025-10-14,R8/2026,12.2256,12.25,0.6847,9.5,14.0,133,0
7183,2025-10-14,R7/2026,12.4365,12.5,0.6646,10.0,14.5,130,0
7185,2025-10-14,R6/2026,12.7077,12.75,0.6738,10.5,15.0,130,0
7187,2025-10-14,R5/2026,13.0731,13.0,0.6618,10.5,15.0,130,0
7189,2025-10-14,R4/2026,13.4962,13.5,0.6225,11.0,15.0,130,0
7191,2025-10-14,R3/2026,13.9404,14.0,0.5614,12.0,15.0,130,0
7193,2025-10-14,R2/2026,14.3654,14.5,0.4485,13.0,15.0,130,0
7195,2025-10-14,R1/2026,14.7328,14.75,0.3123,13.75,15.0,131,0
7197,2025-10-14,R8/2025,14.9459,15.0,0.1378,14.5,15.0,134,0
7199,2025-10-14,R7/2025,15.0,15.0,0.0,15.0,15.0,132,0
7137,2025-10-15,R6/2027,10.6948,10.5,0.8904,8.5,13.0,86,0
7139,2025-10-15,R5/2027,10.8739,10.75,0.9041,9.0,13.0,111,0
7141,2025-10-15,R4/2027,11.0658,11.0,0.8761,9.25,13.0,114,0
7143,2025-10-15,R3/2027,11.3261,11.5,0.8237,9.5,13.0,115,0
7145,2025-10-15,R2/2027,11.6152,11.5,0.7571,9.5,13.0,115,0
7147,2025-10-15,R1/2027,11.9181,12.0,0.71,9.5,13.5,116,0
7149,2025-10-15,R8/2026,12.2256,12.25,0.6847,9.5,14.0,133,0
7167,2025-10-15,R7/2025,15.0,15.0,0.0,15.0,15.0,132,0
7153,2025-10-15,R6/2026,12.7077,12.75,0.6738,10.5,15.0,130,0
7155,2025-10-15,R5/2026,13.0731,13.0,0.6618,10.5,15.0,130,0
7157,2025-10-15,R4/2026,13.4962,13.5,0.6225,11.0,15.0,130,0
7159,2025-10-15,R3/2026,13.9404,14.0,0.5614,12.0,15.0,130,0
7161,2025-10-15,R2/2026,14.3654,14.5,0.4485,13.0,15.0,130,0
7163,2025-10-15,R1/2026,14.7328,14.75,0.3123,13.75,15.0,131,0
7165,2025-10-15,R8/2025,14.9459,15.0,0.1378,14.5,15.0,134,0
7151,2025-10-15,R7/2026,12.4365,12.5,0.6646,10.0,14.5,130,0
7115,2025-10-16,R1/2027,11.9138,12.0,0.714,9.5,13.5,116,0
7105,2025-10-16,R6/2027,10.6948,10.5,0.8904,8.5,13.0,86,0
7107,2025-10-16,R5/2027,10.8739,10.75,0.9041,9.0,13.0,111,0
7109,2025-10-16,R4/2027,11.0658,11.0,0.8761,9.25,13.0,114,0
7111,2025-10-16,R3/2027,11.3261,11.5,0.8237,9.5,13.0,115,0
7113,2025-10-16,R2/2027,11.6152,11.5,0.7571,9.5,13.0,115,0
7117,2025-10-16,R8/2026,12.218,12.25,0.6926,9.5,14.0,133,0
7131,2025-10-16,R1/2026,14.7328,14.75,0.3123,13.75,15.0,131,0
7121,2025-10-16,R6/2026,12.7019,12.75,0.6787,10.5,15.0,130,0
7123,2025-10-16,R5/2026,13.0692,13.0,0.6636,10.5,15.0,130,0
7125,2025-10-16,R4/2026,13.4942,13.5,0.6229,11.0,15.0,130,0
7127,2025-10-16,R3/2026,13.9404,14.0,0.5614,12.0,15.0,130,0
7129,2025-10-16,R2/2026,14.3654,14.5,0.4485,13.0,15.0,130,0
7135,2025-10-16,R7/2025,15.0,15.0,0.0,15.0,15.0,132,0
7133,2025-10-16,R8/2025,14.9459,15.0,0.1378,14.5,15.0,134,0
7119,2025-10-16,R7/2026,12.4288,12.5,0.6753,10.0,14.5,130,0
7073,2025-10-17,R6/2027,10.6897,10.5,0.8913,8.5,13.0,87,0
7075,2025-10-17,R5/2027,10.8705,10.875,0.9032,9.0,13.0,112,0
7077,2025-10-17,R4/2027,11.063,11.0,0.874,9.25,13.0,115,0
7079,2025-10-17,R3/2027,11.3233,11.375,0.8207,9.5,13.0,116,0
7081,2025-10-17,R2/2027,11.6121,11.5,0.7531,9.5,13.0,116,0
7083,2025-10-17,R1/2027,11.9103,12.0,0.709,9.5,13.5,117,0
7085,2025-10-17,R8/2026,12.2077,12.25,0.6844,9.5,14.0,136,0
7087,2025-10-17,R7/2026,12.4256,12.5,0.6709,10.0,14.5,131,0
7089,2025-10-17,R6/2026,12.6985,12.75,0.6759,10.5,15.0,131,0
7091,2025-10-17,R5/2026,13.0649,13.0,0.6629,10.5,15.0,131,0
7093,2025-10-17,R4/2026,13.4981,13.5,0.6065,11.5,15.0,131,0
7095,2025-10-17,R3/2026,13.9408,14.0,0.5593,12.0,15.0,131,0
7097,2025-10-17,R2/2026,14.3664,14.5,0.4469,13.0,15.0,131,0
7099,2025-10-17,R1/2026,14.735,14.75,0.3108,13.75,15.0,133,0
7101,2025-10-17,R8/2025,14.9471,15.0,0.1365,14.5,15.0,137,0
7103,2025-10-17,R7/2025,15.0,15.0,0.0,15.0,15.0,135,0
7041,2025-10-20,R6/2027,10.6594,10.5,0.9373,8.5,13.0,80,0
7043,2025-10-20,R5/2027,10.8535,10.75,0.9307,9.0,13.0,99,0
7045,2025-10-20,R4/2027,11.0466,11.0,0.8916,9.25,13.0,102,0
7047,2025-10-20,R3/2027,11.3034,11.25,0.8336,9.5,13.0,103,0
7049,2025-10-20,R2/2027,11.5898,11.5,0.7607,9.5,13.0,103,0
7051,2025-10-20,R1/2027,11.8894,12.0,0.707,9.5,13.5,104,0
7053,2025-10-20,R8/2026,12.1992,12.25,0.6867,9.5,14.0,123,0
7071,2025-10-20,R7/2025,15.0,15.0,0.0,15.0,15.0,122,0
7057,2025-10-20,R6/2026,12.6992,12.75,0.6847,10.5,15.0,118,0
7059,2025-10-20,R5/2026,13.0699,13.0,0.6693,10.5,15.0,118,0
7061,2025-10-20,R4/2026,13.4979,13.5,0.6119,11.5,15.0,118,0
7063,2025-10-20,R3/2026,13.9364,14.0,0.5732,12.0,15.0,118,0
7065,2025-10-20,R2/2026,14.3623,14.5,0.4552,13.0,15.0,118,0
7067,2025-10-20,R1/2026,14.7313,14.75,0.3165,13.75,15.0,120,0
7069,2025-10-20,R8/2025,14.9435,15.0,0.1414,14.5,15.0,124,0
7055,2025-10-20,R7/2026,12.4216,12.5,0.677,10.0,14.5,118,0
7019,2025-10-21,R1/2027,11.8857,12.0,0.7046,9.5,13.5,105,0
7009,2025-10-21,R6/2027,10.6451,10.5,0.9237,8.5,13.0,81,0
7011,2025-10-21,R5/2027,10.8425,10.75,0.9251,9.0,13.0,100,0
7013,2025-10-21,R4/2027,11.034,11.0,0.893,9.25,13.0,103,0
7015,2025-10-21,R3/2027,11.2933,11.25,0.8331,9.5,13.0,104,0
7017,2025-10-21,R2/2027,11.5817,11.5,0.7591,9.5,13.0,104,0
7021,2025-10-21,R8/2026,12.1956,12.25,0.6836,9.5,14.0,124,0
7023,2025-10-21,R7/2026,12.4181,12.5,0.6761,10.0,14.5,119,0
7025,2025-10-21,R6/2026,12.6912,12.75,0.6873,10.5,15.0,119,0
7027,2025-10-21,R5/2026,13.0609,13.0,0.6736,10.5,15.0,119,0
7029,2025-10-21,R4/2026,13.4895,13.5,0.6161,11.5,15.0,119,0
7031,2025-10-21,R3/2026,13.9307,14.0,0.5742,12.0,15.0,119,0
7033,2025-10-21,R2/2026,14.3592,14.5,0.4545,13.0,15.0,119,0
7035,2025-10-21,R1/2026,14.7293,14.75,0.3159,13.75,15.0,121,0
7037,2025-10-21,R8/2025,14.944,15.0,0.1409,14.5,15.0,125,0
7039,2025-10-21,R7/2025,15.0,15.0,0.0,15.0,15.0,123,0
6977,2025-10-22,R6/2027,10.6458,10.5,0.9114,8.5,13.0,84,0
6979,2025-10-22,R5/2027,10.8422,10.75,0.9144,9.0,13.0,103,0
6981,2025-10-22,R4/2027,11.033,11.0,0.8829,9.25,13.0,106,0
6983,2025-10-22,R3/2027,11.2967,11.25,0.8232,9.5,13.0,107,0
6985,2025-10-22,R2/2027,11.5888,11.5,0.7506,9.5,13.0,107,0
6987,2025-10-22,R1/2027,11.8902,12.0,0.6989,9.5,13.5,107,0
6989,2025-10-22,R8/2026,12.1964,12.25,0.6789,9.5,14.0,126,0
6991,2025-10-22,R7/2026,12.4174,12.5,0.6722,10.0,14.5,121,0
6993,2025-10-22,R6/2026,12.6901,12.75,0.6834,10.5,15.0,121,0
6995,2025-10-22,R5/2026,13.0599,13.0,0.6711,10.5,15.0,121,0
6997,2025-10-22,R4/2026,13.4897,13.5,0.6144,11.5,15.0,121,0
6999,2025-10-22,R3/2026,13.9318,14.0,0.5732,12.0,15.0,121,0
7001,2025-10-22,R2/2026,14.3616,14.5,0.4556,13.0,15.0,121,0
7003,2025-10-22,R1/2026,14.7297,14.75,0.3149,13.75,15.0,123,0
7005,2025-10-22,R8/2025,14.9449,15.0,0.14,14.5,15.0,127,0
7007,2025-10-22,R7/2025,15.0,15.0,0.0,15.0,15.0,125,0
6945,2025-10-23,R6/2027,10.6366,10.5,0.8865,8.5,13.0,86,0
6947,2025-10-23,R5/2027,10.8381,10.75,0.8984,9.0,13.0,105,0
6949,2025-10-23,R4/2027,11.0301,11.0,0.8685,9.25,13.0,108,0
6951,2025-10-23,R3/2027,11.2959,11.25,0.8129,9.5,13.0,109,0
6953,2025-10-23,R2/2027,11.5872,11.5,0.7414,9.5,13.0,109,0
6955,2025-10-23,R1/2027,11.8922,12.0,0.6935,9.5,13.5,109,0
6957,2025-10-23,R8/2026,12.1929,12.25,0.6752,9.5,14.0,127,0
6975,2025-10-23,R7/2025,15.0,15.0,0.0,15.0,15.0,126,0
6961,2025-10-23,R6/2026,12.7053,12.75,0.7114,10.5,15.0,123,0
6963,2025-10-23,R5/2026,13.0752,13.0,0.6889,10.5,15.0,123,0
6965,2025-10-23,R4/2026,13.5,13.5,0.6255,11.5,15.0,123,0
6967,2025-10-23,R3/2026,13.939,14.0,0.5777,12.0,15.0,123,0
6969,2025-10-23,R2/2026,14.3699,14.5,0.4601,13.0,15.0,123,0
6971,2025-10-23,R1/2026,14.734,14.75,0.3142,13.75,15.0,125,0
6973,2025-10-23,R8/2025,14.9473,15.0,0.1385,14.5,15.0,128,0
6959,2025-10-23,R7/2026,12.4329,12.5,0.7064,10.0,15.0,123,0
6923,2025-10-24,R1/2027,11.8905,12.0,0.6975,9.5,13.5,121,0
6913,2025-10-24,R6/2027,10.7063,10.5,0.9253,8.5,13.0,103,0
6915,2025-10-24,R5/2027,10.8547,11.0,0.9118,8.75,13.0,117,0
6917,2025-10-24,R4/2027,11.0438,11.0,0.8831,9.0,13.0,120,0
6919,2025-10-24,R3/2027,11.3017,11.25,0.82,9.5,13.0,121,0
6921,2025-10-24,R2/2027,11.5909,11.5,0.7441,9.5,13.0,121,0
6925,2025-10-24,R8/2026,12.1871,12.25,0.6706,9.5,14.0,143,0
6943,2025-10-24,R7/2025,15.0,15.0,0.0,15.0,15.0,141,0
6929,2025-10-24,R6/2026,12.6938,12.75,0.6896,10.5,15.0,138,0
6931,2025-10-24,R5/2026,13.0634,13.0,0.6663,10.5,15.0,138,0
6933,2025-10-24,R4/2026,13.4909,13.5,0.609,11.25,15.0,138,0
6935,2025-10-24,R3/2026,13.9435,14.0,0.5469,12.0,15.0,138,0
6937,2025-10-24,R2/2026,14.3768,14.5,0.4426,13.0,15.0,138,0
6939,2025-10-24,R1/2026,14.7509,14.75,0.3005,13.75,15.0,140,0
6941,2025-10-24,R8/2025,14.9566,15.0,0.1295,14.5,15.0,144,0
6927,2025-10-24,R7/2026,12.4275,12.5,0.6924,10.0,15.0,138,0
6881,2025-10-27,R6/2027,10.6753,10.5,0.9506,8.5,13.0,97,0
6883,2025-10-27,R5/2027,10.8417,10.75,0.9334,8.75,13.0,109,0
6885,2025-10-27,R4/2027,11.0357,11.0,0.8957,9.0,13.0,112,0
6887,2025-10-27,R3/2027,11.2965,11.25,0.8232,9.5,13.0,113,0
6889,2025-10-27,R2/2027,11.5973,11.5,0.7492,9.5,13.0,113,0
6891,2025-10-27,R1/2027,11.8872,12.0,0.6945,9.5,13.5,113,0
6893,2025-10-27,R8/2026,12.1796,12.25,0.6726,9.5,14.0,135,0
6895,2025-10-27,R7/2026,12.4135,12.5,0.6925,10.0,15.0,130,0
6897,2025-10-27,R6/2026,12.6808,12.75,0.685,10.5,15.0,130,0
6899,2025-10-27,R5/2026,13.0538,13.0,0.6679,10.5,15.0,130,0
6901,2025-10-27,R4/2026,13.4846,13.5,0.6153,11.25,15.0,130,0
6903,2025-10-27,R3/2026,13.94,14.0,0.5459,12.0,15.0,130,0
6905,2025-10-27,R2/2026,14.375,14.5,0.4421,13.0,15.0,130,0
6907,2025-10-27,R1/2026,14.7528,14.75,0.3009,13.75,15.0,132,0
6909,2025-10-27,R8/2025,14.9596,15.0,0.1258,14.5,15.0,136,0
6911,2025-10-27,R7/2025,15.0,15.0,0.0,15.0,15.0,133,0
6849,2025-10-28,R6/2027,10.6875,10.5,0.943,8.5,13.0,100,0
6851,2025-10-28,R5/2027,10.8527,10.875,0.9286,8.75,13.0,112,0
6853,2025-10-28,R4/2027,11.0435,11.0,0.8909,9.0,13.0,115,0
6855,2025-10-28,R3/2027,11.3017,11.375,0.8217,9.5,13.0,116,0
6857,2025-10-28,R2/2027,11.6034,11.5,0.7472,9.5,13.0,116,0
6859,2025-10-28,R1/2027,11.8966,12.0,0.6949,9.5,13.5,116,0
6861,2025-10-28,R8/2026,12.1884,12.25,0.6722,9.5,14.0,138,0
6879,2025-10-28,R7/2025,15.0,15.0,0.0,15.0,15.0,136,0
6865,2025-10-28,R6/2026,12.6917,12.75,0.6827,10.5,15.0,133,0
6867,2025-10-28,R5/2026,13.0658,13.0,0.6653,10.5,15.0,133,0
6869,2025-10-28,R4/2026,13.4981,13.5,0.6135,11.25,15.0,133,0
6871,2025-10-28,R3/2026,13.9545,14.0,0.5433,12.0,15.0,133,0
6873,2025-10-28,R2/2026,14.3872,14.5,0.4426,13.0,15.0,133,0
6875,2025-10-28,R1/2026,14.7583,14.75,0.2998,13.75,15.0,135,0
6877,2025-10-28,R8/2025,14.9604,15.0,0.1246,14.5,15.0,139,0
6863,2025-10-28,R7/2026,12.4229,12.5,0.6897,10.0,15.0,133,0
6827,2025-10-29,R1/2027,11.8944,12.0,0.6988,9.5,13.5,116,0
6817,2025-10-29,R6/2027,10.6875,10.5,0.943,8.5,13.0,100,0
6819,2025-10-29,R5/2027,10.8571,10.875,0.9256,8.75,13.0,112,0
6821,2025-10-29,R4/2027,11.0478,11.0,0.887,9.0,13.0,115,0
6823,2025-10-29,R3/2027,11.306,11.375,0.8161,9.5,13.0,116,0
6825,2025-10-29,R2/2027,11.6056,11.5,0.7436,9.5,13.0,116,0
6829,2025-10-29,R8/2026,12.183,12.25,0.6827,9.5,14.0,138,0
6847,2025-10-29,R7/2025,15.0,15.0,0.0,15.0,15.0,136,0
6833,2025-10-29,R6/2026,12.6936,12.75,0.679,10.5,15.0,133,0
6835,2025-10-29,R5/2026,13.0695,13.0,0.6578,10.5,15.0,133,0
6837,2025-10-29,R4/2026,13.5019,13.5,0.6058,11.25,15.0,133,0
6839,2025-10-29,R3/2026,13.9549,14.0,0.5379,12.0,15.0,133,0
6841,2025-10-29,R2/2026,14.3929,14.5,0.4328,13.0,15.0,133,0
6843,2025-10-29,R1/2026,14.762,14.75,0.2934,13.75,15.0,135,0
6845,2025-10-29,R8/2025,14.964,15.0,0.1183,14.5,15.0,139,0
6831,2025-10-29,R7/2026,12.4211,12.5,0.6933,10.0,15.0,133,0
6785,2025-10-30,R6/2027,10.6875,10.5,0.943,8.5,13.0,100,0
6787,2025-10-30,R5/2027,10.8571,10.875,0.9256,8.75,13.0,112,0
6789,2025-10-30,R4/2027,11.0478,11.0,0.887,9.0,13.0,115,0
6791,2025-10-30,R3/2027,11.306,11.375,0.8161,9.5,13.0,116,0
6793,2025-10-30,R2/2027,11.6056,11.5,0.7436,9.5,13.0,116,0
6795,2025-10-30,R1/2027,11.8922,12.0,0.6981,9.5,13.5,116,0
6797,2025-10-30,R8/2026,12.1793,12.25,0.6823,9.5,14.0,138,0
6799,2025-10-30,R7/2026,12.4192,12.5,0.6934,10.0,15.0,133,0
6803,2025-10-30,R5/2026,13.0695,13.0,0.6578,10.5,15.0,133,0
6805,2025-10-30,R4/2026,13.5019,13.5,0.6058,11.25,15.0,133,0
6807,2025-10-30,R3/2026,13.9549,14.0,0.5379,12.0,15.0,133,0
6809,2025-10-30,R2/2026,14.3929,14.5,0.4328,13.0,15.0,133,0
6811,2025-10-30,R1/2026,14.7602,14.75,0.2943,13.75,15.0,135,0
6813,2025-10-30,R8/2025,14.9622,15.0,0.1196,14.5,15.0,139,0
6815,2025-10-30,R7/2025,15.0,15.0,0.0,15.0,15.0,136,0
6801,2025-10-30,R6/2026,12.6917,12.75,0.6792,10.5,15.0,133,0
6765,2025-10-31,R8/2026,12.175,12.25,0.6779,9.5,14.0,140,0
6753,2025-10-31,R6/2027,10.7083,10.5,0.9478,8.5,13.0,102,0
6755,2025-10-31,R5/2027,10.8684,11.0,0.9344,8.75,13.0,114,0
6759,2025-10-31,R3/2027,11.2991,11.25,0.8134,9.5,13.0,117,0
6761,2025-10-31,R2/2027,11.5919,11.5,0.74,9.5,13.0,117,0
6763,2025-10-31,R1/2027,11.8825,12.0,0.6907,9.5,13.5,117,0
6767,2025-10-31,R7/2026,12.4167,12.5,0.6892,10.0,15.0,135,0
6757,2025-10-31,R4/2027,11.0556,11.0,0.8868,9.0,13.0,117,0
6771,2025-10-31,R5/2026,13.0648,13.0,0.6611,10.5,15.0,135,0
6773,2025-10-31,R4/2026,13.5019,13.5,0.6051,11.25,15.0,135,0
6775,2025-10-31,R3/2026,13.9556,14.0,0.5348,12.0,15.0,135,0
6777,2025-10-31,R2/2026,14.3926,14.5,0.4255,13.0,15.0,135,0
6769,2025-10-31,R6/2026,12.6889,12.75,0.6787,10.5,15.0,135,0
6779,2025-10-31,R1/2026,14.76,14.75,0.2921,13.75,15.0,137,0
6781,2025-10-31,R8/2025,14.9645,15.0,0.1175,14.5,15.0,141,0
6783,2025-10-31,R7/2025,15.0,15.0,0.0,15.0,15.0,138,0
6721,2025-11-03,R6/2027,10.6906,10.5,0.9395,8.5,13.0,101,0
6723,2025-11-03,R5/2027,10.8518,11.0,0.9251,8.75,13.0,113,0
6725,2025-11-03,R4/2027,11.0409,11.0,0.8783,9.0,13.0,116,0
6727,2025-11-03,R3/2027,11.2888,11.25,0.8092,9.5,13.0,116,0
6729,2025-11-03,R2/2027,11.5905,11.5,0.738,9.5,13.0,116,0
6731,2025-11-03,R1/2027,11.8815,12.0,0.6905,9.5,13.5,116,0
6733,2025-11-03,R8/2026,12.1709,12.25,0.6779,9.5,14.0,139,0
6751,2025-11-03,R7/2025,15.0,15.0,0.0,15.0,15.0,137,0
6737,2025-11-03,R6/2026,12.6884,12.75,0.6819,10.5,15.0,134,0
6739,2025-11-03,R5/2026,13.0616,13.0,0.6653,10.5,15.0,134,0
6741,2025-11-03,R4/2026,13.4981,13.5,0.6089,11.25,15.0,134,0
6743,2025-11-03,R3/2026,13.9515,14.0,0.5382,12.0,15.0,134,0
6745,2025-11-03,R2/2026,14.3881,14.5,0.4282,13.0,15.0,134,0
6747,2025-11-03,R1/2026,14.7546,14.75,0.2925,13.75,15.0,136,0
6749,2025-11-03,R8/2025,14.9643,15.0,0.1179,14.5,15.0,140,0
6735,2025-11-03,R7/2026,12.4142,12.5,0.6912,10.0,15.0,134,0
6689,2025-11-04,R6/2027,10.6906,10.5,0.9395,8.5,13.0,101,0
6691,2025-11-04,R5/2027,10.8518,11.0,0.9251,8.75,13.0,113,0
6693,2025-11-04,R4/2027,11.0409,11.0,0.8783,9.0,13.0,116,0
6695,2025-11-04,R3/2027,11.2888,11.25,0.8092,9.5,13.0,116,0
6697,2025-11-04,R2/2027,11.5905,11.5,0.738,9.5,13.0,116,0
6699,2025-11-04,R1/2027,11.8815,12.0,0.6905,9.5,13.5,116,0
6701,2025-11-04,R8/2026,12.1709,12.25,0.6779,9.5,14.0,139,0
6703,2025-11-04,R7/2026,12.4142,12.5,0.6912,10.0,15.0,134,0
6705,2025-11-04,R6/2026,12.6884,12.75,0.6819,10.5,15.0,134,0
6707,2025-11-04,R5/2026,13.0616,13.0,0.6653,10.5,15.0,134,0
6709,2025-11-04,R4/2026,13.4981,13.5,0.6089,11.25,15.0,134,0
6711,2025-11-04,R3/2026,13.9515,14.0,0.5382,12.0,15.0,134,0
6713,2025-11-04,R2/2026,14.3881,14.5,0.4282,13.0,15.0,134,0
6715,2025-11-04,R1/2026,14.7546,14.75,0.2925,13.75,15.0,136,0
6717,2025-11-04,R8/2025,14.9625,15.0,0.1192,14.5,15.0,140,0
6719,2025-11-04,R7/2025,15.0,15.0,0.0,15.0,15.0,137,0
6657,2025-11-05,R6/2027,10.6906,10.5,0.9395,8.5,13.0,101,0
6659,2025-11-05,R5/2027,10.8518,11.0,0.9251,8.75,13.0,113,0
6661,2025-11-05,R4/2027,11.0409,11.0,0.8783,9.0,13.0,116,0
6663,2025-11-05,R3/2027,11.2888,11.25,0.8092,9.5,13.0,116,0
6665,2025-11-05,R2/2027,11.5905,11.5,0.738,9.5,13.0,116,0
6667,2025-11-05,R1/2027,11.8815,12.0,0.6905,9.5,13.5,116,0
6669,2025-11-05,R8/2026,12.1768,12.25,0.6791,9.5,14.0,140,0
6687,2025-11-05,R7/2025,15.0,15.0,0.0,15.0,15.0,138,0
6673,2025-11-05,R6/2026,12.6907,12.75,0.6799,10.5,15.0,135,0
6675,2025-11-05,R5/2026,13.0611,13.0,0.6628,10.5,15.0,135,0
6677,2025-11-05,R4/2026,13.4981,13.5,0.6067,11.25,15.0,135,0
6679,2025-11-05,R3/2026,13.9519,14.0,0.5362,12.0,15.0,135,0
6681,2025-11-05,R2/2026,14.3889,14.5,0.4267,13.0,15.0,135,0
6683,2025-11-05,R1/2026,14.7564,14.75,0.2922,13.75,15.0,137,0
6685,2025-11-05,R8/2025,14.9628,15.0,0.1189,14.5,15.0,141,0
6671,2025-11-05,R7/2026,12.4185,12.5,0.6904,10.0,15.0,135,0
6637,2025-11-06,R1/2027,11.9065,12.0,0.6523,10.25,13.5,115,0
6627,2025-11-06,R6/2027,10.7054,10.5,0.9297,8.5,13.0,101,0
6629,2025-11-06,R5/2027,10.8673,11.0,0.9133,8.75,13.0,113,0
6631,2025-11-06,R4/2027,11.0587,11.0,0.8662,9.0,13.0,115,0
6633,2025-11-06,R3/2027,11.3065,11.25,0.7927,9.5,13.0,115,0
6635,2025-11-06,R2/2027,11.613,11.5,0.7096,10.0,13.0,115,0
6639,2025-11-06,R8/2026,12.1996,12.25,0.6398,10.5,14.0,139,0
6643,2025-11-06,R6/2026,12.709,12.75,0.6573,10.5,15.0,134,0
6645,2025-11-06,R5/2026,13.0765,13.0,0.6495,10.5,15.0,134,0
6647,2025-11-06,R4/2026,13.5112,13.5,0.5984,11.25,15.0,134,0
6649,2025-11-06,R3/2026,13.9683,14.0,0.525,12.0,15.0,134,0
6651,2025-11-06,R2/2026,14.403,14.5,0.4153,13.0,15.0,134,0
6653,2025-11-06,R1/2026,14.7675,14.75,0.2833,13.75,15.0,136,0
6641,2025-11-06,R7/2026,12.4403,12.5,0.6594,10.5,15.0,134,0
6655,2025-11-06,R8/2025,14.9661,15.0,0.1126,14.5,15.0,140,0
6597,2025-11-07,R5/2027,10.8826,11.0,0.9309,8.75,13.0,115,0
6595,2025-11-07,R6/2027,10.7284,10.625,0.9583,8.5,13.0,104,0
6599,2025-11-07,R4/2027,11.0726,11.0,0.8862,9.0,13.0,117,0
6601,2025-11-07,R3/2027,11.3248,11.5,0.8041,9.5,13.0,117,0
6603,2025-11-07,R2/2027,11.6346,11.5,0.7105,10.25,13.0,117,0
6605,2025-11-07,R1/2027,11.9209,12.0,0.6526,10.5,13.5,117,0
6607,2025-11-07,R8/2026,12.2036,12.25,0.6286,10.5,14.0,140,0
6611,2025-11-07,R6/2026,12.7093,12.75,0.6521,10.5,15.0,135,0
6613,2025-11-07,R5/2026,13.0796,13.0,0.6409,10.5,15.0,135,0
6615,2025-11-07,R4/2026,13.5148,13.5,0.5891,11.25,15.0,135,0
6617,2025-11-07,R3/2026,13.9722,14.0,0.5143,12.0,15.0,135,0
6619,2025-11-07,R2/2026,14.4111,14.5,0.4099,13.0,15.0,135,0
6621,2025-11-07,R1/2026,14.7783,14.75,0.2797,13.75,15.0,137,0
6623,2025-11-07,R8/2025,14.9734,15.0,0.1019,14.5,15.0,141,0
6609,2025-11-07,R7/2026,12.4444,12.5,0.6524,10.5,15.0,135,0
6573,2025-11-10,R1/2027,11.9237,12.0,0.6505,10.5,13.5,118,0
6563,2025-11-10,R6/2027,10.719,10.5,0.9585,8.5,13.0,105,0
6565,2025-11-10,R5/2027,10.875,11.0,0.9305,8.75,13.0,116,0
6567,2025-11-10,R4/2027,11.0726,11.0,0.8862,9.0,13.0,117,0
6569,2025-11-10,R3/2027,11.3248,11.5,0.8041,9.5,13.0,117,0
6571,2025-11-10,R2/2027,11.6346,11.5,0.7105,10.25,13.0,117,0
6575,2025-11-10,R8/2026,12.2054,12.25,0.6291,10.5,14.0,140,0
6591,2025-11-10,R8/2025,14.9734,15.0,0.1019,14.5,15.0,141,0
6579,2025-11-10,R6/2026,12.7111,12.75,0.6525,10.5,15.0,135,0
6581,2025-11-10,R5/2026,13.0833,13.0,0.6419,10.5,15.0,135,0
6583,2025-11-10,R4/2026,13.5185,13.5,0.5905,11.25,15.0,135,0
6585,2025-11-10,R3/2026,13.9759,14.0,0.5163,12.0,15.0,135,0
6587,2025-11-10,R2/2026,14.413,14.5,0.4109,13.0,15.0,135,0
6589,2025-11-10,R1/2026,14.7801,14.875,0.2803,13.75,15.0,137,0
6577,2025-11-10,R7/2026,12.4463,12.5,0.6529,10.5,15.0,135,0
6539,2025-11-11,R2/2027,11.6389,11.5,0.7052,10.25,13.0,117,0
6537,2025-11-11,R3/2027,11.3291,11.5,0.7984,9.5,13.0,117,0
6541,2025-11-11,R1/2027,11.9258,12.0,0.6463,10.5,13.5,118,0
6533,2025-11-11,R5/2027,10.8793,11.0,0.9229,8.75,13.0,116,0
6531,2025-11-11,R6/2027,10.7005,10.5,0.9703,8.5,13.0,106,0
6535,2025-11-11,R4/2027,11.0769,11.0,0.8798,9.0,13.0,117,0
6543,2025-11-11,R8/2026,12.2021,12.25,0.628,10.5,14.0,141,0
6559,2025-11-11,R8/2025,14.9771,15.0,0.0934,14.5,15.0,142,0
6547,2025-11-11,R6/2026,12.7059,12.75,0.6621,10.5,15.0,136,0
6549,2025-11-11,R5/2026,13.0754,13.0,0.6547,10.5,15.0,136,0
6551,2025-11-11,R4/2026,13.5092,13.5,0.6044,11.25,15.0,136,0
6553,2025-11-11,R3/2026,13.9688,14.0,0.5272,12.0,15.0,136,0
6555,2025-11-11,R2/2026,14.4081,14.5,0.4166,13.0,15.0,136,0
6557,2025-11-11,R1/2026,14.7781,14.8125,0.2803,13.75,15.0,138,0
6545,2025-11-11,R7/2026,12.4393,12.5,0.6576,10.5,15.0,136,0
6499,2025-11-12,R6/2027,10.7103,10.5,0.9583,8.5,13.0,107,0
6501,2025-11-12,R5/2027,10.8889,11.0,0.9108,8.75,13.0,117,0
6503,2025-11-12,R4/2027,11.0869,11.0,0.8699,9.0,13.0,118,0
6505,2025-11-12,R3/2027,11.339,11.5,0.7903,9.5,13.0,118,0
6507,2025-11-12,R2/2027,11.6483,11.625,0.6982,10.25,13.0,118,0
6509,2025-11-12,R1/2027,11.9328,12.0,0.6406,10.5,13.5,119,0
6511,2025-11-12,R8/2026,12.2077,12.25,0.6252,10.5,14.0,142,0
6515,2025-11-12,R6/2026,12.7153,12.75,0.6647,10.5,15.0,137,0
6517,2025-11-12,R5/2026,13.0803,13.0,0.6548,10.5,15.0,137,0
6519,2025-11-12,R4/2026,13.5109,13.5,0.6025,11.25,15.0,137,0
6521,2025-11-12,R3/2026,13.9708,14.0,0.525,12.0,15.0,137,0
6523,2025-11-12,R2/2026,14.4106,14.5,0.4139,13.0,15.0,137,0
6525,2025-11-12,R1/2026,14.7815,14.75,0.2773,13.75,15.0,139,0
6527,2025-11-12,R8/2025,14.9808,15.0,0.0891,14.5,15.0,143,0
6513,2025-11-12,R7/2026,12.4471,12.5,0.6572,10.5,15.0,137,0
6475,2025-11-13,R2/2027,11.6419,11.5,0.7022,10.25,13.0,118,0
6465,2025-11-13,R7/2027,10.2273,10.25,0.8602,8.5,13.0,33,0
6467,2025-11-13,R6/2027,10.6893,10.5,0.9721,8.5,13.0,107,0
6469,2025-11-13,R5/2027,10.8697,10.75,0.9272,8.75,13.0,117,0
6471,2025-11-13,R4/2027,11.072,11.0,0.8818,9.0,13.0,118,0
6473,2025-11-13,R3/2027,11.3284,11.375,0.799,9.5,13.0,118,0
6477,2025-11-13,R1/2027,11.9286,12.0,0.6418,10.5,13.5,119,0
6493,2025-11-13,R1/2026,14.7797,14.75,0.2767,13.75,15.0,139,0
6481,2025-11-13,R7/2026,12.4398,12.5,0.6594,10.5,15.0,137,0
6483,2025-11-13,R6/2026,12.7062,12.75,0.6679,10.5,15.0,137,0
6485,2025-11-13,R5/2026,13.0693,13.0,0.6595,10.5,15.0,137,0
6487,2025-11-13,R4/2026,13.5018,13.5,0.606,11.25,15.0,137,0
6489,2025-11-13,R3/2026,13.9635,14.0,0.5263,12.0,15.0,137,0
6491,2025-11-13,R2/2026,14.4069,14.5,0.4142,13.0,15.0,137,0
6495,2025-11-13,R8/2025,14.9808,15.0,0.0891,14.5,15.0,143,0
6479,2025-11-13,R8/2026,12.2007,12.25,0.6282,10.5,14.0,142,0
6443,2025-11-14,R2/2027,11.6092,11.5,0.6956,10.25,13.0,119,0
6433,2025-11-14,R7/2027,10.3273,10.25,0.9328,8.5,13.0,55,0
6435,2025-11-14,R6/2027,10.633,10.5,0.9534,8.5,13.0,109,0
6437,2025-11-14,R5/2027,10.8199,10.75,0.9205,8.75,13.0,118,0
6439,2025-11-14,R4/2027,11.0336,11.0,0.878,9.0,13.0,119,0
6441,2025-11-14,R3/2027,11.2962,11.25,0.7879,9.5,13.0,119,0
6445,2025-11-14,R1/2027,11.8917,12.0,0.6298,10.5,13.5,120,0
6461,2025-11-14,R1/2026,14.7875,14.75,0.2534,13.75,15.0,140,0
6449,2025-11-14,R7/2026,12.4094,12.5,0.6426,10.5,15.0,138,0
6451,2025-11-14,R6/2026,12.6757,12.75,0.6444,10.5,15.0,138,0
6453,2025-11-14,R5/2026,13.0417,13.0,0.618,11.0,15.0,138,0
6455,2025-11-14,R4/2026,13.4783,13.5,0.5666,11.75,15.0,138,0
6457,2025-11-14,R3/2026,13.9438,14.0,0.4909,12.25,15.0,138,0
6459,2025-11-14,R2/2026,14.3967,14.5,0.3863,13.0,15.0,138,0
6463,2025-11-14,R8/2025,14.9896,15.0,0.0651,14.5,15.0,144,0
6447,2025-11-14,R8/2026,12.1748,12.25,0.6138,10.5,14.0,143,0
6401,2025-11-17,R7/2027,10.3333,10.5,0.9169,8.5,13.0,57,0
6403,2025-11-17,R6/2027,10.6307,10.5,0.9534,8.5,13.0,109,0
6405,2025-11-17,R5/2027,10.8157,10.75,0.9208,8.75,13.0,118,0
6407,2025-11-17,R4/2027,11.0294,11.0,0.8782,9.0,13.0,119,0
6409,2025-11-17,R3/2027,11.2941,11.25,0.7877,9.5,13.0,119,0
6411,2025-11-17,R2/2027,11.6092,11.5,0.6956,10.25,13.0,119,0
6413,2025-11-17,R1/2027,11.8938,12.0,0.6305,10.5,13.5,120,0
6415,2025-11-17,R8/2026,12.1791,12.0,0.6126,10.5,14.0,141,0
6419,2025-11-17,R6/2026,12.6775,12.625,0.6421,10.5,15.0,138,0
6421,2025-11-17,R5/2026,13.0435,13.0,0.6167,11.0,15.0,138,0
6423,2025-11-17,R4/2026,13.4801,13.5,0.5655,11.75,15.0,138,0
6425,2025-11-17,R3/2026,13.9457,14.0,0.4897,12.25,15.0,138,0
6427,2025-11-17,R2/2026,14.3986,14.5,0.385,13.0,15.0,138,0
6429,2025-11-17,R1/2026,14.7896,14.75,0.2531,13.75,15.0,139,0
6431,2025-11-17,R8/2025,14.9894,15.0,0.0655,14.5,15.0,142,0
6417,2025-11-17,R7/2026,12.4112,12.5,0.639,10.5,15.0,138,0
6381,2025-11-18,R1/2027,11.8781,12.0,0.6509,10.0,13.5,121,0
6369,2025-11-18,R7/2027,10.3074,10.25,0.8921,8.5,13.0,61,0
6371,2025-11-18,R6/2027,10.6341,10.5,0.9401,8.5,13.0,110,0
6373,2025-11-18,R5/2027,10.813,10.75,0.9151,8.75,13.0,119,0
6375,2025-11-18,R4/2027,11.025,11.0,0.8752,9.0,13.0,120,0
6379,2025-11-18,R2/2027,11.5958,11.5,0.7102,9.75,13.0,120,0
6383,2025-11-18,R8/2026,12.1655,12.0,0.6279,10.5,14.0,142,0
6377,2025-11-18,R3/2027,11.2854,11.25,0.7914,9.5,13.0,120,0
6387,2025-11-18,R6/2026,12.6619,12.5,0.6424,10.5,15.0,139,0
6389,2025-11-18,R5/2026,13.0288,13.0,0.6095,11.0,15.0,139,0
6385,2025-11-18,R7/2026,12.3957,12.5,0.6494,10.5,15.0,139,0
6391,2025-11-18,R4/2026,13.4676,13.5,0.5553,11.75,15.0,139,0
6393,2025-11-18,R3/2026,13.9353,14.0,0.4773,12.25,15.0,139,0
6395,2025-11-18,R2/2026,14.3921,14.5,0.377,13.0,15.0,139,0
6397,2025-11-18,R1/2026,14.7893,14.75,0.2523,13.75,15.0,140,0
6399,2025-11-18,R8/2025,14.9895,15.0,0.0653,14.5,15.0,143,0
6337,2025-11-19,R7/2027,10.2984,10.25,0.8786,8.5,13.0,62,0
6339,2025-11-19,R6/2027,10.6318,10.5,0.9389,8.5,13.0,110,0
6341,2025-11-19,R5/2027,10.813,10.75,0.9151,8.75,13.0,119,0
6343,2025-11-19,R4/2027,11.0292,11.0,0.8763,9.0,13.0,120,0
6345,2025-11-19,R3/2027,11.2896,11.25,0.7939,9.5,13.0,120,0
6347,2025-11-19,R2/2027,11.5938,11.5,0.7086,9.75,13.0,120,0
6349,2025-11-19,R1/2027,11.8719,12.0,0.6469,10.0,13.5,121,0
6361,2025-11-19,R3/2026,13.9335,14.0,0.4642,12.25,15.0,139,0
6353,2025-11-19,R7/2026,12.3867,12.5,0.644,10.5,15.0,139,0
6355,2025-11-19,R6/2026,12.6529,12.5,0.6386,10.5,15.0,139,0
6357,2025-11-19,R5/2026,13.0234,13.0,0.6027,11.0,15.0,139,0
6359,2025-11-19,R4/2026,13.4658,13.5,0.5433,11.75,15.0,139,0
6363,2025-11-19,R2/2026,14.3946,14.5,0.3685,13.0,15.0,140,0
6365,2025-11-19,R1/2026,14.7875,14.75,0.2516,13.75,15.0,140,0
6367,2025-11-19,R8/2025,14.9895,15.0,0.0653,14.5,15.0,143,0
6351,2025-11-19,R8/2026,12.1585,12.0,0.6241,10.5,14.0,142,0
6305,2025-11-21,R7/2027,10.3493,10.25,0.8785,8.5,13.0,73,0
6307,2025-11-21,R6/2027,10.6205,10.5,0.9366,8.5,13.0,112,0
6309,2025-11-21,R5/2027,10.8042,10.75,0.9198,8.75,13.0,120,0
6311,2025-11-21,R4/2027,11.0227,11.0,0.879,9.0,13.0,121,0
6313,2025-11-21,R3/2027,11.2851,11.25,0.796,9.5,13.0,121,0
6315,2025-11-21,R2/2027,11.593,11.5,0.7079,9.75,13.0,121,0
6317,2025-11-21,R1/2027,11.8709,12.0,0.6452,10.0,13.5,122,0
6319,2025-11-21,R8/2026,12.1538,12.0,0.618,10.5,14.0,143,0
6321,2025-11-21,R7/2026,12.3759,12.5,0.6399,10.5,15.0,139,0
6323,2025-11-21,R6/2026,12.6367,12.5,0.6313,10.5,15.0,139,0
6325,2025-11-21,R5/2026,13.0143,13.0,0.5944,11.0,15.0,140,0
6327,2025-11-21,R4/2026,13.4679,13.5,0.5319,11.75,15.0,140,0
6329,2025-11-21,R3/2026,13.9393,14.0,0.4521,12.25,15.0,140,0
6331,2025-11-21,R2/2026,14.4025,14.5,0.3508,13.0,15.0,141,0
6333,2025-11-21,R1/2026,14.7993,14.75,0.2264,14.0,15.0,142,0
6335,2025-11-21,R8/2025,14.9966,15.0,0.0292,14.75,15.0,145,0
6273,2025-11-24,R7/2027,10.3784,10.5,0.8604,8.5,13.0,74,0
6275,2025-11-24,R6/2027,10.6085,10.5,0.9176,8.5,13.0,106,0
6277,2025-11-24,R5/2027,10.7982,10.75,0.9007,8.75,13.0,114,0
6279,2025-11-24,R4/2027,11.0196,11.0,0.863,9.0,13.0,115,0
6281,2025-11-24,R3/2027,11.2783,11.25,0.7821,9.5,13.0,115,0
6283,2025-11-24,R2/2027,11.5804,11.5,0.6951,9.75,13.0,115,0
6285,2025-11-24,R1/2027,11.8534,12.0,0.6357,10.0,13.5,116,0
6303,2025-11-24,R8/2025,14.9963,15.0,0.0301,14.75,15.0,136,0
6289,2025-11-24,R7/2026,12.3409,12.5,0.6263,10.5,15.0,132,0
6291,2025-11-24,R6/2026,12.6061,12.5,0.6201,10.5,15.0,132,0
6293,2025-11-24,R5/2026,12.9905,13.0,0.589,11.0,15.0,132,0
6295,2025-11-24,R4/2026,13.4545,13.5,0.532,11.75,15.0,132,0
6297,2025-11-24,R3/2026,13.9337,14.0,0.449,12.25,15.0,132,0
6299,2025-11-24,R2/2026,14.4004,14.5,0.3481,13.0,15.0,133,0
6301,2025-11-24,R1/2026,14.7985,14.75,0.2191,14.0,15.0,134,0
6287,2025-11-24,R8/2026,12.1278,12.0,0.5954,10.5,14.0,135,0
6251,2025-11-25,R2/2027,11.5848,11.5,0.6899,9.75,13.0,115,0
6241,2025-11-25,R7/2027,10.3651,10.375,0.855,8.5,13.0,76,0
6243,2025-11-25,R6/2027,10.6179,10.5,0.9164,8.5,13.0,106,0
6245,2025-11-25,R5/2027,10.8026,10.75,0.9005,8.75,13.0,114,0
6247,2025-11-25,R4/2027,11.0239,11.0,0.8616,9.0,13.0,115,0
6249,2025-11-25,R3/2027,11.2826,11.25,0.7792,9.5,13.0,115,0
6253,2025-11-25,R1/2027,11.8599,12.0,0.6257,10.0,13.5,116,0
6271,2025-11-25,R8/2025,14.9982,15.0,0.0214,14.75,15.0,136,0
6257,2025-11-25,R7/2026,12.3466,12.5,0.6175,10.5,15.0,132,0
6259,2025-11-25,R6/2026,12.6117,12.5,0.6134,10.5,15.0,132,0
6261,2025-11-25,R5/2026,12.9962,13.0,0.5831,11.0,15.0,132,0
6263,2025-11-25,R4/2026,13.4602,13.5,0.5257,11.75,15.0,132,0
6265,2025-11-25,R3/2026,13.9375,14.0,0.4453,12.25,15.0,132,0
6267,2025-11-25,R2/2026,14.4023,14.5,0.3466,13.0,15.0,133,0
6269,2025-11-25,R1/2026,14.8004,14.75,0.2176,14.0,15.0,134,0
6255,2025-11-25,R8/2026,12.1352,12.0,0.5812,10.5,14.0,135,0
6209,2025-11-26,R7/2027,10.3864,10.5,0.8693,8.5,13.0,77,0
6211,2025-11-26,R6/2027,10.6192,10.5,0.9026,8.5,13.0,107,0
6213,2025-11-26,R5/2027,10.8043,10.75,0.8906,8.75,13.0,115,0
6215,2025-11-26,R4/2027,11.0259,11.0,0.855,9.0,13.0,116,0
6217,2025-11-26,R3/2027,11.2823,11.25,0.7723,9.5,13.0,116,0
6219,2025-11-26,R2/2027,11.5819,11.5,0.6837,9.75,13.0,116,0
6221,2025-11-26,R1/2027,11.8632,12.0,0.6232,10.0,13.5,117,0
6223,2025-11-26,R8/2026,12.1405,12.0,0.577,10.5,14.0,137,0
6227,2025-11-26,R6/2026,12.6157,12.5,0.6068,10.5,15.0,134,0
6229,2025-11-26,R5/2026,12.9981,13.0,0.5775,11.0,15.0,134,0
6231,2025-11-26,R4/2026,13.4646,13.5,0.5203,11.75,15.0,134,0
6233,2025-11-26,R3/2026,13.9422,14.0,0.4404,12.25,15.0,134,0
6235,2025-11-26,R2/2026,14.4074,14.5,0.3426,13.0,15.0,135,0
6237,2025-11-26,R1/2026,14.8051,14.75,0.2158,14.0,15.0,136,0
6239,2025-11-26,R8/2025,14.9982,15.0,0.0212,14.75,15.0,138,0
6225,2025-11-26,R7/2026,12.3507,12.5,0.6117,10.5,15.0,134,0
6187,2025-11-27,R2/2027,11.5733,11.5,0.6847,9.75,13.0,116,0
6177,2025-11-27,R7/2027,10.375,10.375,0.8695,8.5,13.0,78,0
6179,2025-11-27,R6/2027,10.6098,10.5,0.9038,8.5,13.0,107,0
6181,2025-11-27,R5/2027,10.7957,10.75,0.8911,8.75,13.0,115,0
6183,2025-11-27,R4/2027,11.0172,11.0,0.8552,9.0,13.0,116,0
6185,2025-11-27,R3/2027,11.2737,11.25,0.7726,9.5,13.0,116,0
6189,2025-11-27,R1/2027,11.8547,12.0,0.6247,10.0,13.5,117,0
6191,2025-11-27,R8/2026,12.1389,12.0,0.5803,10.5,14.0,135,0
6193,2025-11-27,R7/2026,12.3504,12.5,0.6146,10.5,15.0,132,0
6195,2025-11-27,R6/2026,12.6155,12.5,0.6096,10.5,15.0,132,0
6197,2025-11-27,R5/2026,13.0,13.0,0.5765,11.0,15.0,132,0
6199,2025-11-27,R4/2026,13.464,13.5,0.5205,11.75,15.0,132,0
6201,2025-11-27,R3/2026,13.9413,14.0,0.4394,12.25,15.0,132,0
6203,2025-11-27,R2/2026,14.4079,14.5,0.342,13.0,15.0,133,0
6205,2025-11-27,R1/2026,14.806,14.75,0.2152,14.0,15.0,134,0
6207,2025-11-27,R8/2025,14.9982,15.0,0.0214,14.75,15.0,136,0
6145,2025-11-28,R7/2027,10.372,10.5,0.8512,8.5,13.0,82,0
6147,2025-11-28,R6/2027,10.6068,10.5,0.8941,8.5,13.0,110,0
6149,2025-11-28,R5/2027,10.7991,10.75,0.8863,8.75,13.0,117,0
6151,2025-11-28,R4/2027,11.0128,11.0,0.8529,9.0,13.0,117,0
6153,2025-11-28,R3/2027,11.2671,11.25,0.7726,9.5,13.0,117,0
6155,2025-11-28,R2/2027,11.5684,11.5,0.6838,9.75,13.0,117,0
6157,2025-11-28,R1/2027,11.8517,12.0,0.6229,10.0,13.5,118,0
6175,2025-11-28,R8/2025,14.9982,15.0,0.0212,14.75,15.0,138,0
6161,2025-11-28,R7/2026,12.3545,12.5,0.6111,10.5,15.0,134,0
6163,2025-11-28,R6/2026,12.625,12.5,0.6045,10.5,15.0,134,0
6165,2025-11-28,R5/2026,13.0056,13.0,0.571,11.0,15.0,134,0
6167,2025-11-28,R4/2026,13.4683,13.5,0.5151,11.75,15.0,134,0
6169,2025-11-28,R3/2026,13.9459,14.0,0.4345,12.25,15.0,134,0
6171,2025-11-28,R2/2026,14.413,14.5,0.3379,13.0,15.0,135,0
6173,2025-11-28,R1/2026,14.8125,14.75,0.2138,14.0,15.0,136,0
6159,2025-11-28,R8/2026,12.1405,12.0,0.577,10.5,14.0,137,0
6113,2025-12-01,R7/2027,10.3971,10.5,0.8483,8.5,13.0,85,0
6115,2025-12-01,R6/2027,10.5841,10.5,0.876,8.5,13.0,107,0
6117,2025-12-01,R5/2027,10.7785,10.75,0.8747,8.75,13.0,114,0
6119,2025-12-01,R4/2027,10.9956,11.0,0.8455,9.0,13.0,114,0
6121,2025-12-01,R3/2027,11.2566,11.25,0.7691,9.5,13.0,114,0
6123,2025-12-01,R2/2027,11.5636,11.5,0.6769,9.75,13.0,114,0
6125,2025-12-01,R1/2027,11.8543,12.0,0.6124,10.0,13.5,115,0
6127,2025-12-01,R8/2026,12.1586,12.25,0.5759,10.5,14.0,134,0
6129,2025-12-01,R7/2026,12.3577,12.5,0.5948,10.5,15.0,130,0
6131,2025-12-01,R6/2026,12.6308,12.5,0.582,10.5,15.0,130,0
6133,2025-12-01,R5/2026,13.0077,13.0,0.5494,11.0,15.0,130,0
6135,2025-12-01,R4/2026,13.4692,13.5,0.5029,11.75,15.0,130,0
6137,2025-12-01,R3/2026,13.9462,14.0,0.4297,12.25,15.0,130,0
6139,2025-12-01,R2/2026,14.4205,14.5,0.3403,13.0,15.0,132,0
6141,2025-12-01,R1/2026,14.8177,14.75,0.2127,14.0,15.0,133,0
6143,2025-12-01,R8/2025,14.9981,15.0,0.0214,14.75,15.0,135,0
6081,2025-12-02,R7/2027,10.3924,10.5,0.8444,8.5,13.0,86,0
6083,2025-12-02,R6/2027,10.5841,10.5,0.876,8.5,13.0,107,0
6085,2025-12-02,R5/2027,10.7785,10.75,0.8747,8.75,13.0,114,0
6087,2025-12-02,R4/2027,10.9912,11.0,0.8545,9.0,13.0,114,0
6089,2025-12-02,R3/2027,11.2522,11.25,0.7776,9.5,13.0,114,0
6091,2025-12-02,R2/2027,11.5592,11.5,0.6853,9.75,13.0,114,0
6093,2025-12-02,R1/2027,11.8543,12.0,0.6124,10.0,13.5,115,0
6095,2025-12-02,R8/2026,12.1623,12.25,0.5732,10.5,14.0,134,0
6097,2025-12-02,R7/2026,12.3615,12.5,0.5941,10.5,15.0,130,0
6099,2025-12-02,R6/2026,12.6346,12.5,0.5827,10.5,15.0,130,0
6101,2025-12-02,R5/2026,13.0115,13.0,0.5511,11.0,15.0,130,0
6103,2025-12-02,R4/2026,13.4731,13.5,0.505,11.75,15.0,130,0
6105,2025-12-02,R3/2026,13.95,14.0,0.4323,12.25,15.0,130,0
6107,2025-12-02,R2/2026,14.4223,14.5,0.3415,13.0,15.0,132,0
6109,2025-12-02,R1/2026,14.8195,14.75,0.2132,14.0,15.0,133,0
6111,2025-12-02,R8/2025,14.9981,15.0,0.0214,14.75,15.0,135,0
6049,2025-12-03,R7/2027,10.3924,10.5,0.8444,8.5,13.0,86,0
6051,2025-12-03,R6/2027,10.5841,10.5,0.876,8.5,13.0,107,0
6053,2025-12-03,R5/2027,10.7785,10.75,0.8747,8.75,13.0,114,0
6055,2025-12-03,R4/2027,10.9912,11.0,0.8545,9.0,13.0,114,0
6057,2025-12-03,R3/2027,11.2522,11.25,0.7776,9.5,13.0,114,0
6059,2025-12-03,R2/2027,11.5592,11.5,0.6853,9.75,13.0,114,0
6061,2025-12-03,R1/2027,11.8522,12.0,0.6114,10.0,13.5,115,0
6079,2025-12-03,R8/2025,14.9981,15.0,0.0214,14.75,15.0,135,0
6065,2025-12-03,R7/2026,12.3558,12.5,0.5939,10.5,15.0,130,0
6067,2025-12-03,R6/2026,12.6308,12.5,0.582,10.5,15.0,130,0
6069,2025-12-03,R5/2026,13.0077,13.0,0.5494,11.0,15.0,130,0
6071,2025-12-03,R4/2026,13.4692,13.5,0.5029,11.75,15.0,130,0
6073,2025-12-03,R3/2026,13.9462,14.0,0.4297,12.25,15.0,130,0
6075,2025-12-03,R2/2026,14.4229,14.5,0.3403,13.0,15.0,133,0
6077,2025-12-03,R1/2026,14.8195,14.75,0.2132,14.0,15.0,133,0
6063,2025-12-03,R8/2026,12.1586,12.125,0.5727,10.5,14.0,134,0
6017,2025-12-04,R7/2027,10.408,10.5,0.8519,8.5,13.0,87,0
6019,2025-12-04,R6/2027,10.5926,10.5,0.879,8.5,13.0,108,0
6021,2025-12-04,R5/2027,10.7848,10.75,0.8753,8.75,13.0,115,0
6023,2025-12-04,R4/2027,10.9957,11.0,0.8534,9.0,13.0,115,0
6025,2025-12-04,R3/2027,11.2543,11.25,0.7753,9.5,13.0,115,0
6027,2025-12-04,R2/2027,11.5587,11.5,0.6823,9.75,13.0,115,0
6029,2025-12-04,R1/2027,11.8556,12.0,0.6099,10.0,13.5,116,0
6031,2025-12-04,R8/2026,12.1611,12.0,0.5729,10.5,14.0,135,0
6035,2025-12-04,R6/2026,12.6374,12.5,0.5879,10.5,15.0,131,0
6037,2025-12-04,R5/2026,13.0172,13.0,0.5579,11.0,15.0,131,0
6039,2025-12-04,R4/2026,13.4771,13.5,0.5089,11.75,15.0,131,0
6041,2025-12-04,R3/2026,13.9523,14.0,0.4337,12.25,15.0,131,0
6043,2025-12-04,R2/2026,14.4254,14.5,0.3401,13.0,15.0,134,0
6045,2025-12-04,R1/2026,14.8209,14.875,0.2129,14.0,15.0,134,0
6033,2025-12-04,R7/2026,12.3626,12.5,0.5968,10.5,15.0,131,0
6047,2025-12-04,R8/2025,14.9982,15.0,0.0214,14.75,15.0,136,0
6001,2025-12-05,R7/2026,12.3607,12.5,0.5993,10.5,15.0,140,0
6015,2025-12-05,R8/2025,14.9983,15.0,0.0207,14.75,15.0,145,0
6013,2025-12-05,R1/2026,14.8269,15.0,0.2074,14.0,15.0,143,0
6011,2025-12-05,R2/2026,14.4353,14.5,0.3315,13.0,15.0,143,0
6009,2025-12-05,R3/2026,13.9536,14.0,0.4242,12.25,15.0,140,0
6007,2025-12-05,R4/2026,13.475,13.5,0.502,11.75,15.0,140,0
6005,2025-12-05,R5/2026,13.0107,13.0,0.5549,11.0,15.0,140,0
6003,2025-12-05,R6/2026,12.625,12.5,0.592,10.5,15.0,140,0
5999,2025-12-05,R8/2026,12.1632,12.25,0.5821,10.5,14.0,144,0
5995,2025-12-05,R2/2027,11.5894,11.5,0.6919,9.75,13.0,123,0
5993,2025-12-05,R3/2027,11.3028,11.25,0.7817,9.25,13.0,123,0
5991,2025-12-05,R4/2027,11.0488,11.0,0.8617,8.75,13.0,123,0
5989,2025-12-05,R5/2027,10.8333,10.75,0.8838,8.5,13.0,123,0
5987,2025-12-05,R6/2027,10.6379,10.5,0.8896,8.5,13.0,116,0
5985,2025-12-05,R7/2027,10.4515,10.5,0.8584,8.5,13.0,98,0
5997,2025-12-05,R1/2027,11.873,12.0,0.6226,10.0,13.5,124,0
5953,2025-12-08,R7/2027,10.4433,10.5,0.8709,8.5,13.0,97,0
5955,2025-12-08,R6/2027,10.6128,10.5,0.8968,8.5,13.0,113,0
5957,2025-12-08,R5/2027,10.8004,10.75,0.8754,8.5,13.0,119,0
5959,2025-12-08,R4/2027,11.021,11.0,0.8461,8.75,13.0,119,0
5961,2025-12-08,R3/2027,11.2836,11.25,0.7662,9.25,13.0,119,0
5963,2025-12-08,R2/2027,11.5714,11.5,0.6792,9.75,13.0,119,0
5965,2025-12-08,R1/2027,11.8563,12.0,0.6129,10.0,13.5,120,0
5967,2025-12-08,R8/2026,12.1439,12.0,0.5745,10.5,14.0,139,0
5969,2025-12-08,R7/2026,12.3438,12.5,0.5933,10.5,15.0,136,0
5971,2025-12-08,R6/2026,12.614,12.5,0.5885,10.5,15.0,136,0
5973,2025-12-08,R5/2026,13.0074,13.0,0.5499,11.0,15.0,136,0
5975,2025-12-08,R4/2026,13.4779,13.5,0.4977,11.75,15.0,136,0
5977,2025-12-08,R3/2026,13.9596,14.0,0.4203,12.25,15.0,136,0
5979,2025-12-08,R2/2026,14.4442,14.5,0.3258,13.0,15.0,139,0
5981,2025-12-08,R1/2026,14.8345,15.0,0.2024,14.0,15.0,139,0
5983,2025-12-08,R8/2025,15.0,15.0,0.0,15.0,15.0,140,0
5921,2025-12-09,R7/2027,10.4388,10.5,0.8675,8.5,13.0,98,0
5923,2025-12-09,R6/2027,10.6128,10.5,0.8968,8.5,13.0,113,0
5925,2025-12-09,R5/2027,10.8004,10.75,0.8754,8.5,13.0,119,0
5927,2025-12-09,R4/2027,11.021,11.0,0.8461,8.75,13.0,119,0
5929,2025-12-09,R3/2027,11.2836,11.25,0.7662,9.25,13.0,119,0
5931,2025-12-09,R2/2027,11.5714,11.5,0.6792,9.75,13.0,119,0
5933,2025-12-09,R1/2027,11.8563,12.0,0.6129,10.0,13.5,120,0
5951,2025-12-09,R8/2025,15.0,15.0,0.0,15.0,15.0,140,0
5937,2025-12-09,R7/2026,12.3438,12.5,0.5933,10.5,15.0,136,0
5939,2025-12-09,R6/2026,12.6176,12.5,0.5894,10.5,15.0,136,0
5941,2025-12-09,R5/2026,13.0165,13.0,0.5467,11.0,15.0,136,0
5943,2025-12-09,R4/2026,13.4871,13.5,0.4948,11.75,15.0,136,0
5945,2025-12-09,R3/2026,13.9669,14.0,0.4166,12.25,15.0,136,0
5947,2025-12-09,R2/2026,14.4496,14.5,0.3218,13.0,15.0,139,0
5949,2025-12-09,R1/2026,14.8381,15.0,0.1986,14.0,15.0,139,0
5935,2025-12-09,R8/2026,12.1439,12.0,0.5745,10.5,14.0,139,0
5899,2025-12-10,R2/2027,11.5714,11.5,0.6792,9.75,13.0,119,0
5889,2025-12-10,R7/2027,10.4388,10.5,0.8675,8.5,13.0,98,0
5891,2025-12-10,R6/2027,10.6128,10.5,0.8968,8.5,13.0,113,0
5893,2025-12-10,R5/2027,10.8004,10.75,0.8754,8.5,13.0,119,0
5895,2025-12-10,R4/2027,11.021,11.0,0.8461,8.75,13.0,119,0
5897,2025-12-10,R3/2027,11.2836,11.25,0.7662,9.25,13.0,119,0
5901,2025-12-10,R1/2027,11.8563,12.0,0.6129,10.0,13.5,120,0
5903,2025-12-10,R8/2026,12.1482,12.0,0.5747,10.5,14.0,140,0
5905,2025-12-10,R7/2026,12.3467,12.5,0.5921,10.5,15.0,137,0
5907,2025-12-10,R6/2026,12.6186,12.5,0.5873,10.5,15.0,137,0
5909,2025-12-10,R5/2026,13.0146,13.0,0.5452,11.0,15.0,137,0
5911,2025-12-10,R4/2026,13.4854,13.5,0.4934,11.75,15.0,137,0
5913,2025-12-10,R3/2026,13.9653,14.0,0.4155,12.25,15.0,137,0
5915,2025-12-10,R2/2026,14.4482,14.5,0.3211,13.0,15.0,140,0
5917,2025-12-10,R1/2026,14.8375,15.0,0.198,14.0,15.0,140,0
5919,2025-12-10,R8/2025,15.0,15.0,0.0,15.0,15.0,141,0
5857,2025-12-11,R8/2027,10.2683,10.5,0.7668,8.5,12.0,109,0
5859,2025-12-11,R7/2027,10.4388,10.5,0.8675,8.5,13.0,98,0
5861,2025-12-11,R6/2027,10.6128,10.5,0.8968,8.5,13.0,113,0
5863,2025-12-11,R5/2027,10.8004,10.75,0.8754,8.5,13.0,119,0
5865,2025-12-11,R4/2027,11.021,11.0,0.8461,8.75,13.0,119,0
5867,2025-12-11,R3/2027,11.2836,11.25,0.7662,9.25,13.0,119,0
5869,2025-12-11,R2/2027,11.5714,11.5,0.6792,9.75,13.0,119,0
5871,2025-12-11,R1/2027,11.8563,12.0,0.6129,10.0,13.5,120,0
5873,2025-12-11,R8/2026,12.1444,12.0,0.5733,10.5,14.0,142,0
5875,2025-12-11,R7/2026,12.346,12.5,0.5915,10.5,15.0,138,0
5877,2025-12-11,R6/2026,12.6232,12.5,0.5876,10.5,15.0,138,0
5879,2025-12-11,R5/2026,13.0217,13.0,0.5463,11.0,15.0,138,0
5881,2025-12-11,R4/2026,13.4928,13.5,0.4954,11.75,15.0,138,0
5883,2025-12-11,R3/2026,13.9728,14.0,0.4189,12.25,15.0,138,0
5885,2025-12-11,R2/2026,14.4539,14.5,0.3229,13.0,15.0,141,0
5887,2025-12-11,R1/2026,14.8404,15.0,0.1981,14.0,15.0,141,0
5825,2025-12-12,R8/2027,10.2905,10.5,0.7802,8.5,12.0,111,0
5827,2025-12-12,R7/2027,10.4325,10.5,0.8688,8.5,13.0,100,0
5829,2025-12-12,R6/2027,10.6326,10.5,0.9067,8.5,13.0,115,0
5831,2025-12-12,R5/2027,10.8161,10.75,0.8818,8.5,13.0,121,0
5833,2025-12-12,R4/2027,11.0331,11.0,0.8497,8.75,13.0,121,0
5835,2025-12-12,R3/2027,11.2913,11.25,0.7683,9.25,13.0,121,0
5837,2025-12-12,R2/2027,11.5806,11.5,0.682,9.75,13.0,121,0
5855,2025-12-12,R1/2026,14.8427,15.0,0.1976,14.0,15.0,143,0
5841,2025-12-12,R8/2026,12.1528,12.125,0.5744,10.5,14.0,144,0
5843,2025-12-12,R7/2026,12.35,12.5,0.5915,10.5,15.0,140,0
5845,2025-12-12,R6/2026,12.6304,12.5,0.5828,10.5,15.0,140,0
5847,2025-12-12,R5/2026,13.025,13.0,0.5422,11.0,15.0,140,0
5849,2025-12-12,R4/2026,13.4946,13.5,0.4896,11.75,15.0,140,0
5851,2025-12-12,R3/2026,13.9732,14.0,0.4115,12.25,15.0,140,0
5853,2025-12-12,R2/2026,14.4545,14.5,0.3179,13.0,15.0,143,0
5839,2025-12-12,R1/2027,11.8648,12.0,0.6133,10.0,13.5,122,0
5803,2025-12-15,R3/2027,11.2917,11.25,0.7708,9.25,13.0,120,0
5793,2025-12-15,R8/2027,10.3091,10.5,0.8215,8.5,13.0,110,0
5795,2025-12-15,R7/2027,10.4592,10.5,0.9117,8.5,13.0,98,0
5797,2025-12-15,R6/2027,10.6549,10.5,0.9374,8.5,13.0,113,0
5799,2025-12-15,R5/2027,10.8319,10.75,0.9064,8.5,13.0,119,0
5801,2025-12-15,R4/2027,11.0375,11.0,0.8598,8.75,13.0,120,0
5805,2025-12-15,R2/2027,11.5792,11.5,0.6808,9.75,13.0,120,0
5807,2025-12-15,R1/2027,11.8616,12.0,0.6174,10.0,13.5,121,0
5809,2025-12-15,R8/2026,12.1525,12.0,0.5863,10.5,14.0,141,0
5811,2025-12-15,R7/2026,12.3309,12.5,0.5646,10.5,14.5,136,0
5813,2025-12-15,R6/2026,12.6121,12.5,0.5605,10.5,15.0,136,0
5815,2025-12-15,R5/2026,13.011,13.0,0.5345,11.0,15.0,136,0
5817,2025-12-15,R4/2026,13.4853,13.5,0.4952,11.75,15.0,136,0
5819,2025-12-15,R3/2026,13.9614,14.0,0.4361,12.0,15.0,136,0
5821,2025-12-15,R2/2026,14.4406,14.5,0.3764,12.0,15.0,139,0
5823,2025-12-15,R1/2026,14.8273,15.0,0.31,12.0,15.0,139,0
5761,2025-12-16,R8/2027,10.2818,10.375,0.7805,8.5,12.0,110,0
5763,2025-12-16,R7/2027,10.4286,10.5,0.8755,8.5,13.0,98,0
5765,2025-12-16,R6/2027,10.6283,10.5,0.9127,8.5,13.0,113,0
5767,2025-12-16,R5/2027,10.8067,10.75,0.8873,8.5,13.0,119,0
5769,2025-12-16,R4/2027,11.0146,11.0,0.8504,8.75,13.0,120,0
5771,2025-12-16,R3/2027,11.2771,11.25,0.7691,9.25,13.0,120,0
5773,2025-12-16,R2/2027,11.5729,11.5,0.6827,9.75,13.0,120,0
5775,2025-12-16,R1/2027,11.8636,12.0,0.6157,10.0,13.5,121,0
5777,2025-12-16,R8/2026,12.1596,12.0,0.5783,10.5,14.0,141,0
5779,2025-12-16,R7/2026,12.3438,12.5,0.5523,10.5,14.5,136,0
5781,2025-12-16,R6/2026,12.6268,12.5,0.5482,10.5,15.0,136,0
5783,2025-12-16,R5/2026,13.0276,13.0,0.5195,11.0,15.0,136,0
5785,2025-12-16,R4/2026,13.5037,13.5,0.4736,11.75,15.0,136,0
5787,2025-12-16,R3/2026,13.9816,14.0,0.4041,12.25,15.0,136,0
5789,2025-12-16,R2/2026,14.464,14.5,0.3125,13.0,15.0,139,0
5791,2025-12-16,R1/2026,14.8525,15.0,0.1939,14.0,15.0,139,0
5729,2025-12-17,R8/2027,10.3237,10.5,0.805,8.5,12.5,112,0
5731,2025-12-17,R7/2027,10.4621,10.5,0.8886,8.5,13.0,99,0
5733,2025-12-17,R6/2027,10.6579,10.5,0.9196,8.5,13.0,114,0
5735,2025-12-17,R5/2027,10.8354,10.75,0.8912,8.5,13.0,120,0
5737,2025-12-17,R4/2027,11.0413,11.0,0.8542,8.75,13.0,121,0
5739,2025-12-17,R3/2027,11.3037,11.25,0.7749,9.25,13.0,121,0
5741,2025-12-17,R2/2027,11.5992,11.5,0.692,9.75,13.0,121,0
5759,2025-12-17,R1/2026,14.8607,15.0,0.18,14.0,15.0,140,0
5745,2025-12-17,R8/2026,12.1743,12.125,0.5859,10.5,14.0,142,0
5747,2025-12-17,R7/2026,12.3595,12.5,0.5577,10.5,14.5,137,0
5749,2025-12-17,R6/2026,12.6423,12.5,0.5461,10.5,15.0,137,0
5751,2025-12-17,R5/2026,13.0383,13.0,0.5152,11.0,15.0,137,0
5753,2025-12-17,R4/2026,13.5128,13.5,0.4663,11.75,15.0,137,0
5755,2025-12-17,R3/2026,13.9891,14.0,0.3937,12.25,15.0,137,0
5757,2025-12-17,R2/2026,14.4714,14.5,0.3004,13.0,15.0,140,0
5743,2025-12-17,R1/2027,11.8852,12.0,0.6274,10.0,13.5,122,0
5707,2025-12-18,R3/2027,11.2996,11.25,0.7765,9.25,13.0,121,0
5697,2025-12-18,R8/2027,10.3208,10.5,0.802,8.5,12.5,113,0
5699,2025-12-18,R7/2027,10.4575,10.5,0.8853,8.5,13.0,100,0
5701,2025-12-18,R6/2027,10.6543,10.5,0.9164,8.5,13.0,115,0
5703,2025-12-18,R5/2027,10.8333,10.75,0.8917,8.5,13.0,120,0
5705,2025-12-18,R4/2027,11.0393,11.0,0.8552,8.75,13.0,121,0
5709,2025-12-18,R2/2027,11.593,11.5,0.6939,9.75,13.0,121,0
5711,2025-12-18,R1/2027,11.877,12.0,0.6291,10.0,13.5,122,0
5713,2025-12-18,R8/2026,12.1673,12.0,0.5835,10.5,14.0,142,0
5715,2025-12-18,R7/2026,12.3569,12.5,0.554,10.5,14.5,138,0
5717,2025-12-18,R6/2026,12.6431,12.5,0.5441,10.5,15.0,138,0
5719,2025-12-18,R5/2026,13.0435,13.0,0.5142,11.0,15.0,138,0
5721,2025-12-18,R4/2026,13.5181,13.5,0.4659,11.75,15.0,138,0
5723,2025-12-18,R3/2026,13.9946,14.0,0.3941,12.25,15.0,138,0
5725,2025-12-18,R2/2026,14.4768,14.5,0.3016,13.0,15.0,140,0
5727,2025-12-18,R1/2026,14.8643,15.0,0.1802,14.0,15.0,140,0
5665,2025-12-19,R8/2027,10.3709,10.5,0.8703,8.5,13.0,122,0
5667,2025-12-19,R7/2027,10.5134,10.5,0.9448,8.5,13.0,112,0
5669,2025-12-19,R6/2027,10.6844,10.5,0.9612,8.5,13.0,122,0
5671,2025-12-19,R5/2027,10.8611,10.75,0.9442,8.5,13.5,126,0
5673,2025-12-19,R4/2027,11.0669,11.0,0.9208,8.75,14.0,127,0
5675,2025-12-19,R3/2027,11.3228,11.25,0.8133,9.25,14.0,127,0
5677,2025-12-19,R2/2027,11.6102,11.5,0.711,9.75,14.0,127,0
5679,2025-12-19,R1/2027,11.8969,12.0,0.6335,10.0,14.0,129,0
5681,2025-12-19,R8/2026,12.1848,12.25,0.5894,10.5,14.0,148,0
5683,2025-12-19,R7/2026,12.3705,12.5,0.5468,10.5,14.0,144,0
5685,2025-12-19,R6/2026,12.651,12.5,0.5214,10.5,14.0,144,0
5687,2025-12-19,R5/2026,13.0597,13.0,0.4894,11.0,14.25,144,0
5689,2025-12-19,R4/2026,13.5382,13.5,0.4423,11.75,14.5,144,0
5691,2025-12-19,R3/2026,14.0215,14.0,0.3756,12.25,14.75,144,0
5693,2025-12-19,R2/2026,14.5052,14.5,0.2874,13.0,15.0,146,0
5695,2025-12-19,R1/2026,14.8955,15.0,0.17,14.0,15.0,146,0
5633,2025-12-22,R8/2027,10.377,10.5,0.8605,8.5,13.0,124,0
5635,2025-12-22,R7/2027,10.5133,10.5,0.9383,8.5,13.0,113,0
5637,2025-12-22,R6/2027,10.6911,10.5,0.9516,8.5,13.0,123,0
5639,2025-12-22,R5/2027,10.879,10.875,0.9358,8.5,13.5,126,0
5641,2025-12-22,R4/2027,11.0866,11.0,0.9159,8.75,14.0,127,0
5643,2025-12-22,R3/2027,11.3406,11.5,0.8125,9.25,14.0,127,0
5645,2025-12-22,R2/2027,11.626,11.75,0.7139,9.75,14.0,127,0
5663,2025-12-22,R1/2026,14.9031,15.0,0.1661,14.0,15.0,147,0
5649,2025-12-22,R8/2026,12.2003,12.25,0.595,10.5,14.0,149,0
5651,2025-12-22,R7/2026,12.38,12.5,0.5482,10.5,14.0,145,0
5653,2025-12-22,R6/2026,12.6569,12.5,0.5161,10.5,14.0,145,0
5655,2025-12-22,R5/2026,13.0593,13.0,0.4825,11.0,14.25,145,0
5657,2025-12-22,R4/2026,13.5379,13.5,0.4348,11.75,14.5,145,0
5659,2025-12-22,R3/2026,14.0231,14.0,0.369,12.25,14.75,145,0
5661,2025-12-22,R2/2026,14.5086,14.5,0.2803,13.0,15.0,147,0
5647,2025-12-22,R1/2027,11.9105,12.0,0.6405,10.0,14.0,129,0
5611,2025-12-23,R3/2027,11.3406,11.5,0.8125,9.25,14.0,127,0
5601,2025-12-23,R8/2027,10.377,10.5,0.8605,8.5,13.0,124,0
5603,2025-12-23,R7/2027,10.5133,10.5,0.9383,8.5,13.0,113,0
5605,2025-12-23,R6/2027,10.6911,10.5,0.9516,8.5,13.0,123,0
5607,2025-12-23,R5/2027,10.879,10.875,0.9358,8.5,13.5,126,0
5609,2025-12-23,R4/2027,11.0866,11.0,0.9159,8.75,14.0,127,0
5613,2025-12-23,R2/2027,11.626,11.75,0.7139,9.75,14.0,127,0
5631,2025-12-23,R1/2026,14.9031,15.0,0.1661,14.0,15.0,147,0
5617,2025-12-23,R8/2026,12.202,12.25,0.5954,10.5,14.0,149,0
5619,2025-12-23,R7/2026,12.38,12.5,0.5482,10.5,14.0,145,0
5621,2025-12-23,R6/2026,12.6569,12.5,0.5161,10.5,14.0,145,0
5623,2025-12-23,R5/2026,13.0593,13.0,0.4825,11.0,14.25,145,0
5625,2025-12-23,R4/2026,13.5379,13.5,0.4348,11.75,14.5,145,0
5627,2025-12-23,R3/2026,14.0231,14.0,0.369,12.25,14.75,145,0
5629,2025-12-23,R2/2026,14.5086,14.5,0.2803,13.0,15.0,147,0
5615,2025-12-23,R1/2027,11.9105,12.0,0.6405,10.0,14.0,129,0
5569,2025-12-24,R8/2027,10.377,10.5,0.8605,8.5,13.0,124,0
5571,2025-12-24,R7/2027,10.5133,10.5,0.9383,8.5,13.0,113,0
5573,2025-12-24,R6/2027,10.6911,10.5,0.9516,8.5,13.0,123,0
5575,2025-12-24,R5/2027,10.879,10.875,0.9358,8.5,13.5,126,0
5577,2025-12-24,R4/2027,11.0866,11.0,0.9159,8.75,14.0,127,0
5579,2025-12-24,R3/2027,11.3406,11.5,0.8125,9.25,14.0,127,0
5581,2025-12-24,R2/2027,11.626,11.75,0.7139,9.75,14.0,127,0
5583,2025-12-24,R1/2027,11.9105,12.0,0.6405,10.0,14.0,129,0
5585,2025-12-24,R8/2026,12.202,12.25,0.5954,10.5,14.0,149,0
5587,2025-12-24,R7/2026,12.38,12.5,0.5482,10.5,14.0,145,0
5589,2025-12-24,R6/2026,12.6569,12.5,0.5161,10.5,14.0,145,0
5591,2025-12-24,R5/2026,13.0593,13.0,0.4825,11.0,14.25,145,0
5593,2025-12-24,R4/2026,13.5379,13.5,0.4348,11.75,14.5,145,0
5595,2025-12-24,R3/2026,14.0231,14.0,0.369,12.25,14.75,145,0
5597,2025-12-24,R2/2026,14.5086,14.5,0.2803,13.0,15.0,147,0
5599,2025-12-24,R1/2026,14.9031,15.0,0.1661,14.0,15.0,147,0
5537,2025-12-26,R8/2027,10.369,10.5,0.864,8.5,13.0,124,0
5539,2025-12-26,R7/2027,10.4934,10.5,0.9191,8.5,13.0,114,0
5541,2025-12-26,R6/2027,10.6748,10.5,0.9397,8.5,13.0,123,0
5543,2025-12-26,R5/2027,10.8651,10.875,0.9256,8.5,13.5,126,0
5545,2025-12-26,R4/2027,11.0787,11.0,0.908,8.75,14.0,127,0
5547,2025-12-26,R3/2027,11.3406,11.5,0.8052,9.25,14.0,127,0
5549,2025-12-26,R2/2027,11.6299,11.75,0.7119,9.75,14.0,127,0
5567,2025-12-26,R1/2026,14.9065,15.0,0.1629,14.0,15.0,147,0
5553,2025-12-26,R8/2026,12.2054,12.25,0.5929,10.5,14.0,149,0
5555,2025-12-26,R7/2026,12.3817,12.5,0.5458,10.5,14.0,145,0
5557,2025-12-26,R6/2026,12.6586,12.5,0.5126,10.5,14.0,145,0
5559,2025-12-26,R5/2026,13.0593,13.0,0.4752,11.0,14.25,145,0
5561,2025-12-26,R4/2026,13.5397,13.5,0.4312,11.75,14.5,145,0
5563,2025-12-26,R3/2026,14.0248,14.0,0.3648,12.25,14.75,145,0
5565,2025-12-26,R2/2026,14.5103,14.5,0.2749,13.0,15.0,147,0
5551,2025-12-26,R1/2027,11.9124,12.0,0.6396,10.0,14.0,129,0
5515,2025-12-29,R3/2027,11.3418,11.5,0.8021,9.25,14.0,128,0
5505,2025-12-29,R8/2027,10.378,10.5,0.8664,8.5,13.0,125,0
5507,2025-12-29,R7/2027,10.5043,10.5,0.9178,8.5,13.0,115,0
5509,2025-12-29,R6/2027,10.6815,10.5,0.9388,8.5,13.0,124,0
5511,2025-12-29,R5/2027,10.8701,11.0,0.9237,8.5,13.5,127,0
5513,2025-12-29,R4/2027,11.082,11.0,0.9052,8.75,14.0,128,0
5517,2025-12-29,R2/2027,11.6289,11.625,0.7092,9.75,14.0,128,0
5519,2025-12-29,R1/2027,11.9092,12.0,0.6382,10.0,14.0,130,0
5521,2025-12-29,R8/2026,12.2225,12.25,0.6313,10.5,15.0,151,0
5523,2025-12-29,R7/2026,12.4003,12.5,0.5833,10.5,15.0,147,0
5525,2025-12-29,R6/2026,12.6786,12.5,0.5416,10.5,15.0,147,0
5527,2025-12-29,R5/2026,13.0823,13.0,0.4863,11.0,15.0,147,0
5529,2025-12-29,R4/2026,13.5629,13.5,0.4224,11.75,15.0,147,0
5531,2025-12-29,R3/2026,14.0466,14.0,0.3426,12.5,15.0,147,0
5533,2025-12-29,R2/2026,14.5303,14.5,0.2473,13.5,15.0,149,0
5535,2025-12-29,R1/2026,14.9178,15.0,0.1402,14.5,15.0,149,0
5473,2025-12-30,R8/2027,10.378,10.5,0.8664,8.5,13.0,125,0
5475,2025-12-30,R7/2027,10.5043,10.5,0.9178,8.5,13.0,115,0
5477,2025-12-30,R6/2027,10.6815,10.5,0.9388,8.5,13.0,124,0
5479,2025-12-30,R5/2027,10.8701,11.0,0.9237,8.5,13.5,127,0
5481,2025-12-30,R4/2027,11.082,11.0,0.9052,8.75,14.0,128,0
5483,2025-12-30,R3/2027,11.3418,11.5,0.8021,9.25,14.0,128,0
5485,2025-12-30,R2/2027,11.6289,11.625,0.7092,9.75,14.0,128,0
5487,2025-12-30,R1/2027,11.9092,12.0,0.6382,10.0,14.0,130,0
5489,2025-12-30,R8/2026,12.2225,12.25,0.6313,10.5,15.0,151,0
5491,2025-12-30,R7/2026,12.4003,12.5,0.5833,10.5,15.0,147,0
5493,2025-12-30,R6/2026,12.6786,12.5,0.5416,10.5,15.0,147,0
5495,2025-12-30,R5/2026,13.0823,13.0,0.4863,11.0,15.0,147,0
5497,2025-12-30,R4/2026,13.5629,13.5,0.4224,11.75,15.0,147,0
5499,2025-12-30,R3/2026,14.0466,14.0,0.3426,12.5,15.0,147,0
5501,2025-12-30,R2/2026,14.5303,14.5,0.2473,13.5,15.0,149,0
5503,2025-12-30,R1/2026,14.9178,15.0,0.1402,14.5,15.0,149,0
5441,2025-12-31,R8/2027,10.378,10.5,0.8664,8.5,13.0,125,0
5443,2025-12-31,R7/2027,10.5043,10.5,0.9178,8.5,13.0,115,0
5445,2025-12-31,R6/2027,10.6815,10.5,0.9388,8.5,13.0,124,0
5447,2025-12-31,R5/2027,10.8701,11.0,0.9237,8.5,13.5,127,0
5449,2025-12-31,R4/2027,11.082,11.0,0.9052,8.75,14.0,128,0
5451,2025-12-31,R3/2027,11.3418,11.5,0.8021,9.25,14.0,128,0
5453,2025-12-31,R2/2027,11.6289,11.625,0.7092,9.75,14.0,128,0
5471,2025-12-31,R1/2026,14.9178,15.0,0.1402,14.5,15.0,149,0
5457,2025-12-31,R8/2026,12.2225,12.25,0.6313,10.5,15.0,151,0
5459,2025-12-31,R7/2026,12.4003,12.5,0.5833,10.5,15.0,147,0
5461,2025-12-31,R6/2026,12.6786,12.5,0.5416,10.5,15.0,147,0
5463,2025-12-31,R5/2026,13.0823,13.0,0.4863,11.0,15.0,147,0
5465,2025-12-31,R4/2026,13.5629,13.5,0.4224,11.75,15.0,147,0
5467,2025-12-31,R3/2026,14.0466,14.0,0.3426,12.5,15.0,147,0
5469,2025-12-31,R2/2026,14.5303,14.5,0.2473,13.5,15.0,149,0
5455,2025-12-31,R1/2027,11.9092,12.0,0.6382,10.0,14.0,130,0
5419,2026-01-02,R3/2027,11.3552,11.5,0.8118,9.25,14.0,126,0
5409,2026-01-02,R8/2027,10.375,10.5,0.8791,8.5,13.0,122,0
5411,2026-01-02,R7/2027,10.511,10.5,0.9286,8.5,13.0,114,0
5413,2026-01-02,R6/2027,10.6906,10.5,0.9528,8.5,13.0,122,0
5415,2026-01-02,R5/2027,10.884,11.0,0.9384,8.5,13.5,125,0
5417,2026-01-02,R4/2027,11.0992,11.0,0.9216,8.75,14.0,126,0
5421,2026-01-02,R2/2027,11.6389,11.75,0.7131,9.75,14.0,126,0
5439,2026-01-02,R1/2026,14.9241,15.0,0.1356,14.5,15.0,145,0
5425,2026-01-02,R8/2026,12.215,12.25,0.6227,10.5,15.0,147,0
5427,2026-01-02,R7/2026,12.4,12.5,0.5854,10.5,15.0,144,0
5429,2026-01-02,R6/2026,12.6788,12.5,0.5438,10.5,15.0,144,0
5431,2026-01-02,R5/2026,13.0875,13.0,0.4861,11.0,15.0,144,0
5433,2026-01-02,R4/2026,13.5729,13.5,0.4144,11.75,15.0,144,0
5435,2026-01-02,R3/2026,14.058,14.0,0.3316,12.5,15.0,144,0
5437,2026-01-02,R2/2026,14.5363,14.5,0.2348,13.5,15.0,145,0
5423,2026-01-02,R1/2027,11.9176,12.0,0.6371,10.0,14.0,128,0
5377,2026-01-05,R8/2027,10.396,10.5,0.8848,8.5,13.0,113,0
5379,2026-01-05,R7/2027,10.5095,10.5,0.9076,8.5,13.0,105,0
5381,2026-01-05,R6/2027,10.6886,10.5,0.9464,8.5,13.0,110,0
5383,2026-01-05,R5/2027,10.885,10.75,0.936,8.5,13.5,113,0
5385,2026-01-05,R4/2027,11.0965,11.0,0.9269,8.75,14.0,114,0
5387,2026-01-05,R3/2027,11.3487,11.5,0.8135,9.25,14.0,114,0
5389,2026-01-05,R2/2027,11.6316,11.5,0.7165,9.75,14.0,114,0
5391,2026-01-05,R1/2027,11.9112,12.0,0.6456,10.0,14.0,116,0
5393,2026-01-05,R8/2026,12.2078,12.25,0.633,10.5,15.0,134,0
5395,2026-01-05,R7/2026,12.3958,12.5,0.5945,10.5,15.0,131,0
5397,2026-01-05,R6/2026,12.6756,12.5,0.5454,10.5,15.0,131,0
5399,2026-01-05,R5/2026,13.0866,13.0,0.4822,11.0,15.0,131,0
5401,2026-01-05,R4/2026,13.5744,13.5,0.4094,11.75,15.0,131,0
5403,2026-01-05,R3/2026,14.0618,14.0,0.3285,12.5,15.0,131,0
5405,2026-01-05,R2/2026,14.5436,14.5,0.2374,13.5,15.0,132,0
5407,2026-01-05,R1/2026,14.9318,15.0,0.1309,14.5,15.0,132,0
5345,2026-01-06,R8/2027,10.387,10.5,0.8811,8.5,13.0,115,0
5347,2026-01-06,R7/2027,10.5023,10.5,0.902,8.5,13.0,107,0
5349,2026-01-06,R6/2027,10.683,10.5,0.9402,8.5,13.0,112,0
5351,2026-01-06,R5/2027,10.8804,10.75,0.9298,8.5,13.5,115,0
5353,2026-01-06,R4/2027,11.0927,11.0,0.9206,8.75,14.0,116,0
5355,2026-01-06,R3/2027,11.3448,11.5,0.8085,9.25,14.0,116,0
5357,2026-01-06,R2/2027,11.6272,11.5,0.7128,9.75,14.0,116,0
5375,2026-01-06,R1/2026,14.931,15.0,0.131,14.5,15.0,134,0
5361,2026-01-06,R8/2026,12.2048,12.25,0.6288,10.5,15.0,136,0
5363,2026-01-06,R7/2026,12.3936,12.5,0.5903,10.5,15.0,133,0
5365,2026-01-06,R6/2026,12.6729,12.5,0.5417,10.5,15.0,133,0
5367,2026-01-06,R5/2026,13.0835,13.0,0.4795,11.0,15.0,133,0
5369,2026-01-06,R4/2026,13.5714,13.5,0.4074,11.75,15.0,133,0
5371,2026-01-06,R3/2026,14.059,14.0,0.3271,12.5,15.0,133,0
5373,2026-01-06,R2/2026,14.5411,14.5,0.237,13.5,15.0,134,0
5359,2026-01-06,R1/2027,11.9064,12.0,0.643,10.0,14.0,118,0
5323,2026-01-07,R3/2027,11.3256,11.5,0.8267,9.0,14.0,119,0
5313,2026-01-07,R8/2027,10.3581,10.5,0.9005,8.0,13.0,118,0
5315,2026-01-07,R7/2027,10.4705,10.5,0.9236,8.0,13.0,110,0
5317,2026-01-07,R6/2027,10.6522,10.5,0.9622,8.0,13.0,115,0
5319,2026-01-07,R5/2027,10.8496,10.75,0.9568,8.0,13.5,118,0
5321,2026-01-07,R4/2027,11.0651,11.0,0.9524,8.0,14.0,119,0
5325,2026-01-07,R2/2027,11.6134,11.5,0.7194,9.75,14.0,119,0
5343,2026-01-07,R1/2026,14.927,15.0,0.1356,14.5,15.0,137,0
5329,2026-01-07,R8/2026,12.1968,12.25,0.6245,10.5,15.0,139,0
5331,2026-01-07,R7/2026,12.3886,12.5,0.5865,10.5,15.0,136,0
5333,2026-01-07,R6/2026,12.6691,12.5,0.5397,10.5,15.0,136,0
5335,2026-01-07,R5/2026,13.0816,13.0,0.4782,11.0,15.0,136,0
5337,2026-01-07,R4/2026,13.5699,13.5,0.4075,11.75,15.0,136,0
5339,2026-01-07,R3/2026,14.0577,14.0,0.3293,12.5,15.0,136,0
5341,2026-01-07,R2/2026,14.5402,14.5,0.2421,13.5,15.0,137,0
5327,2026-01-07,R1/2027,11.8983,12.0,0.6421,10.0,14.0,121,0
5281,2026-01-08,R8/2027,10.3611,10.5,0.9037,8.0,13.0,117,0
5283,2026-01-08,R7/2027,10.4518,10.5,0.8943,8.0,13.0,109,0
5285,2026-01-08,R6/2027,10.636,10.5,0.939,8.0,13.0,114,0
5287,2026-01-08,R5/2027,10.8355,10.75,0.9384,8.0,13.5,117,0
5289,2026-01-08,R4/2027,11.0551,11.0,0.9383,8.0,14.0,118,0
5291,2026-01-08,R3/2027,11.3199,11.5,0.8149,9.0,14.0,118,0
5293,2026-01-08,R2/2027,11.6123,11.5,0.7113,9.75,14.0,118,0
5295,2026-01-08,R1/2027,11.9017,12.0,0.6389,10.0,14.0,120,0
5299,2026-01-08,R7/2026,12.3952,12.5,0.5931,10.5,15.0,135,0
5301,2026-01-08,R6/2026,12.6759,12.5,0.5486,10.5,15.0,135,0
5303,2026-01-08,R5/2026,13.0878,13.0,0.4862,11.0,15.0,135,0
5305,2026-01-08,R4/2026,13.5741,13.5,0.4128,11.75,15.0,135,0
5307,2026-01-08,R3/2026,14.06,14.0,0.3322,12.5,15.0,135,0
5309,2026-01-08,R2/2026,14.5405,14.5,0.2429,13.5,15.0,136,0
5311,2026-01-08,R1/2026,14.9283,15.0,0.1353,14.5,15.0,136,0
5297,2026-01-08,R8/2026,12.2033,12.25,0.6289,10.5,15.0,137,0
5261,2026-01-09,R2/2027,11.6331,11.75,0.7131,9.75,14.0,124,0
5249,2026-01-09,R8/2027,10.4032,10.5,0.9206,8.0,13.0,124,0
5253,2026-01-09,R6/2027,10.6715,10.5,0.9426,8.0,13.0,121,0
5255,2026-01-09,R5/2027,10.876,10.75,0.9367,8.0,13.5,123,0
5257,2026-01-09,R4/2027,11.0887,11.0,0.9398,8.0,14.0,124,0
5259,2026-01-09,R3/2027,11.3488,11.5,0.8205,9.0,14.0,124,0
5263,2026-01-09,R1/2027,11.9123,12.0,0.6361,10.0,14.0,126,0
5251,2026-01-09,R7/2027,10.4914,10.5,0.9097,8.0,13.0,116,0
5267,2026-01-09,R7/2026,12.4014,12.5,0.5845,10.5,15.0,141,0
5277,2026-01-09,R2/2026,14.5441,14.5,0.2397,13.5,15.0,142,0
5279,2026-01-09,R1/2026,14.9296,15.0,0.1339,14.5,15.0,142,0
5275,2026-01-09,R3/2026,14.0645,14.0,0.328,12.5,15.0,141,0
5265,2026-01-09,R8/2026,12.2122,12.25,0.6218,10.5,15.0,143,0
5271,2026-01-09,R5/2026,13.0911,13.0,0.4775,11.0,15.0,141,0
5269,2026-01-09,R6/2026,12.6809,12.5,0.5393,10.5,15.0,141,0
5273,2026-01-09,R4/2026,13.578,13.5,0.4062,11.75,15.0,141,0
5217,2026-01-12,R8/2027,10.4063,10.5,0.9416,8.0,13.0,120,0
5219,2026-01-12,R7/2027,10.4889,10.5,0.9237,8.0,13.0,113,0
5221,2026-01-12,R6/2027,10.6695,10.5,0.955,8.0,13.0,118,0
5223,2026-01-12,R5/2027,10.8688,10.75,0.9393,8.0,13.5,120,0
5225,2026-01-12,R4/2027,11.0764,11.0,0.9359,8.0,14.0,121,0
5229,2026-01-12,R2/2027,11.6302,11.75,0.7123,9.75,14.0,121,0
5231,2026-01-12,R1/2027,11.9142,12.0,0.6363,10.0,14.0,123,0
5227,2026-01-12,R3/2027,11.3409,11.5,0.8182,9.0,14.0,121,0
5235,2026-01-12,R7/2026,12.407,12.5,0.5928,10.5,15.0,136,0
5237,2026-01-12,R6/2026,12.6838,12.5,0.5484,10.5,15.0,136,0
5239,2026-01-12,R5/2026,13.0908,13.0,0.4856,11.0,15.0,136,0
5241,2026-01-12,R4/2026,13.5772,13.5,0.4129,11.75,15.0,136,0
5243,2026-01-12,R3/2026,14.0632,14.0,0.3331,12.5,15.0,136,0
5245,2026-01-12,R2/2026,14.542,14.5,0.2427,13.5,15.0,137,0
5247,2026-01-12,R1/2026,14.9288,15.0,0.1349,14.5,15.0,137,0
5233,2026-01-12,R8/2026,12.2198,12.25,0.6287,10.5,15.0,137,0
5195,2026-01-13,R3/2027,11.3252,11.5,0.8208,9.0,14.0,123,0
5185,2026-01-13,R8/2027,10.4024,10.5,0.9309,8.0,13.0,123,0
5187,2026-01-13,R7/2027,10.4826,10.5,0.9171,8.0,13.0,115,0
5189,2026-01-13,R6/2027,10.6604,10.5,0.9497,8.0,13.0,120,0
5191,2026-01-13,R5/2027,10.8566,10.75,0.9365,8.0,13.5,122,0
5193,2026-01-13,R4/2027,11.063,11.0,0.9341,8.0,14.0,123,0
5197,2026-01-13,R2/2027,11.6138,11.5,0.718,9.75,14.0,123,0
5211,2026-01-13,R3/2026,14.0623,14.0,0.3308,12.5,15.0,138,0
5201,2026-01-13,R8/2026,12.2061,12.25,0.629,10.5,15.0,140,0
5203,2026-01-13,R7/2026,12.4011,12.5,0.5905,10.5,15.0,138,0
5205,2026-01-13,R6/2026,12.6812,12.5,0.5449,10.5,15.0,138,0
5207,2026-01-13,R5/2026,13.0895,13.0,0.4822,11.0,15.0,138,0
5209,2026-01-13,R4/2026,13.5761,13.5,0.41,11.75,15.0,138,0
5213,2026-01-13,R2/2026,14.5414,14.5,0.241,13.5,15.0,139,0
5215,2026-01-13,R1/2026,14.9281,15.0,0.1349,14.5,15.0,139,0
5199,2026-01-13,R1/2027,11.8996,12.0,0.6415,10.0,14.0,125,0
5153,2026-01-14,R8/2027,10.4167,10.5,0.9264,8.0,13.0,126,0
5155,2026-01-14,R7/2027,10.4871,10.5,0.9144,8.0,13.0,116,0
5157,2026-01-14,R6/2027,10.6632,10.5,0.9462,8.0,13.0,121,0
5159,2026-01-14,R5/2027,10.8577,10.75,0.9327,8.0,13.5,123,0
5161,2026-01-14,R4/2027,11.0625,11.0,0.9303,8.0,14.0,124,0
5165,2026-01-14,R2/2027,11.6129,11.5,0.7152,9.75,14.0,124,0
5163,2026-01-14,R3/2027,11.3246,11.5,0.8175,9.0,14.0,124,0
5167,2026-01-14,R1/2027,11.8984,12.0,0.6391,10.0,14.0,126,0
5171,2026-01-14,R7/2026,12.4032,12.5,0.5866,10.5,15.0,141,0
5173,2026-01-14,R6/2026,12.6809,12.5,0.5401,10.5,15.0,141,0
5175,2026-01-14,R5/2026,13.0858,13.0,0.478,11.0,15.0,141,0
5177,2026-01-14,R4/2026,13.5727,13.5,0.4067,11.75,15.0,141,0
5179,2026-01-14,R3/2026,14.0592,14.0,0.3284,12.5,15.0,141,0
5181,2026-01-14,R2/2026,14.5406,14.5,0.2385,13.5,15.0,142,0
5183,2026-01-14,R1/2026,14.9313,15.0,0.1332,14.5,15.0,142,0
5169,2026-01-14,R8/2026,12.2108,12.25,0.624,10.5,15.0,144,0
5123,2026-01-15,R7/2027,10.5,10.5,0.9245,8.0,13.0,117,0
5125,2026-01-15,R6/2027,10.6721,10.5,0.9528,8.0,13.0,122,0
5127,2026-01-15,R5/2027,10.8629,10.75,0.9372,8.0,13.5,124,0
5129,2026-01-15,R4/2027,11.0706,11.0,0.9341,8.0,14.0,124,0
5131,2026-01-15,R3/2027,11.3327,11.5,0.8223,9.0,14.0,124,0
5133,2026-01-15,R2/2027,11.6169,11.5,0.7187,9.75,14.0,124,0
5135,2026-01-15,R1/2027,11.8984,12.0,0.6399,10.0,14.0,126,0
5121,2026-01-15,R8/2027,10.4325,10.5,0.9404,8.0,13.0,126,0
5139,2026-01-15,R7/2026,12.3996,12.5,0.58,10.5,15.0,141,0
5141,2026-01-15,R6/2026,12.6773,12.5,0.5331,10.5,15.0,141,0
5143,2026-01-15,R5/2026,13.0858,13.0,0.4687,11.0,15.0,141,0
5145,2026-01-15,R4/2026,13.5745,13.5,0.3992,11.75,15.0,141,0
5147,2026-01-15,R3/2026,14.0628,14.0,0.3222,12.5,15.0,141,0
5149,2026-01-15,R2/2026,14.5458,14.5,0.2329,13.5,15.0,142,0
5151,2026-01-15,R1/2026,14.9366,15.0,0.1274,14.5,15.0,142,0
5137,2026-01-15,R8/2026,12.2056,12.25,0.6226,10.5,15.0,144,0
5089,2026-01-16,R8/2027,10.4316,10.5,0.9232,8.0,13.0,128,0
5091,2026-01-16,R7/2027,10.5021,10.5,0.9116,8.0,13.0,118,0
5093,2026-01-16,R6/2027,10.685,10.5,0.9424,8.0,13.0,123,0
5095,2026-01-16,R5/2027,10.88,10.75,0.9315,8.0,13.5,125,0
5097,2026-01-16,R4/2027,11.09,11.0,0.9287,8.0,14.0,125,0
5099,2026-01-16,R3/2027,11.35,11.5,0.821,9.0,14.0,125,0
5101,2026-01-16,R2/2027,11.628,11.5,0.7181,9.75,14.0,125,0
5103,2026-01-16,R1/2027,11.9031,12.0,0.6396,10.0,14.0,127,0
5107,2026-01-16,R7/2026,12.3933,12.5,0.579,10.5,15.0,142,0
5109,2026-01-16,R6/2026,12.6725,12.5,0.5301,10.5,15.0,142,0
5111,2026-01-16,R5/2026,13.0817,13.0,0.4668,11.0,15.0,142,0
5113,2026-01-16,R4/2026,13.5704,13.5,0.3974,11.75,15.0,142,0
5115,2026-01-16,R3/2026,14.0588,14.0,0.3204,12.5,15.0,142,0
5117,2026-01-16,R2/2026,14.5438,14.5,0.2334,13.5,15.0,143,0
5119,2026-01-16,R1/2026,14.9388,15.0,0.1296,14.5,15.0,143,0
5105,2026-01-16,R8/2026,12.2027,12.25,0.6195,10.5,15.0,146,0
5057,2026-01-19,R8/2027,10.408,10.5,0.897,8.0,13.0,106,0
5059,2026-01-19,R7/2027,10.451,10.5,0.8776,8.0,13.0,97,0
5061,2026-01-19,R6/2027,10.6425,10.5,0.8925,8.0,13.0,100,0
5063,2026-01-19,R5/2027,10.8382,10.75,0.8847,8.0,13.0,102,0
5065,2026-01-19,R4/2027,11.0368,11.0,0.9017,8.0,13.0,102,0
5067,2026-01-19,R3/2027,11.299,11.25,0.7998,9.0,13.0,102,0
5069,2026-01-19,R2/2027,11.576,11.5,0.7008,9.75,13.0,102,0
5071,2026-01-19,R1/2027,11.8544,12.0,0.6295,10.0,13.0,103,0
5075,2026-01-19,R7/2026,12.3596,12.375,0.5821,10.5,15.0,114,0
5087,2026-01-19,R1/2026,14.9408,15.0,0.1337,14.5,15.0,114,0
5085,2026-01-19,R2/2026,14.5482,14.5,0.2431,13.5,15.0,114,0
5083,2026-01-19,R3/2026,14.0768,14.0,0.3363,12.5,15.0,114,0
5073,2026-01-19,R8/2026,12.1603,12.0,0.6013,10.5,15.0,117,0
5079,2026-01-19,R5/2026,13.0921,13.0,0.4824,11.0,15.0,114,0
5077,2026-01-19,R6/2026,12.6645,12.5,0.5439,10.5,15.0,114,0
5081,2026-01-19,R4/2026,13.5811,13.5,0.4089,11.75,15.0,114,0
5025,2026-01-20,R8/2027,10.4205,10.5,0.8842,8.0,13.0,110,0
5027,2026-01-20,R7/2027,10.4678,10.5,0.8644,8.0,13.0,101,0
5029,2026-01-20,R6/2027,10.6587,10.5,0.8792,8.0,13.0,104,0
5031,2026-01-20,R5/2027,10.8538,10.875,0.8734,8.0,13.0,106,0
5033,2026-01-20,R4/2027,11.0519,11.0,0.8907,8.0,13.0,106,0
5037,2026-01-20,R2/2027,11.5896,11.5,0.6929,9.75,13.0,106,0
5039,2026-01-20,R1/2027,11.8668,12.0,0.6221,10.0,13.0,107,0
5035,2026-01-20,R3/2027,11.3113,11.375,0.7904,9.0,13.0,106,0
5043,2026-01-20,R7/2026,12.3644,12.5,0.5653,10.5,15.0,118,0
5045,2026-01-20,R6/2026,12.6631,12.5,0.5332,10.5,15.0,118,0
5047,2026-01-20,R5/2026,13.0932,13.0,0.4725,11.0,15.0,118,0
5049,2026-01-20,R4/2026,13.5869,13.5,0.3991,11.75,15.0,118,0
5051,2026-01-20,R3/2026,14.0826,14.0,0.3304,12.5,15.0,118,0
5053,2026-01-20,R2/2026,14.5551,14.5,0.2439,13.5,15.0,118,0
5055,2026-01-20,R1/2026,14.9449,15.0,0.1307,14.5,15.0,118,0
5041,2026-01-20,R8/2026,12.1715,12.0,0.5874,10.5,15.0,121,0
5003,2026-01-21,R3/2027,11.3131,11.5,0.7869,9.0,13.0,107,0
4993,2026-01-21,R8/2027,10.4174,10.5,0.8822,8.0,13.0,112,0
4995,2026-01-21,R7/2027,10.4632,10.5,0.8613,8.0,13.0,102,0
4997,2026-01-21,R6/2027,10.6524,10.5,0.8773,8.0,13.0,105,0
4999,2026-01-21,R5/2027,10.8505,10.75,0.87,8.0,13.0,107,0
5001,2026-01-21,R4/2027,11.0514,11.0,0.8865,8.0,13.0,107,0
5005,2026-01-21,R2/2027,11.5888,11.5,0.6898,9.75,13.0,107,0
5019,2026-01-21,R3/2026,14.0861,14.0,0.3248,12.5,15.0,119,0
5009,2026-01-21,R8/2026,12.1762,12.0,0.5908,10.5,15.0,122,0
5011,2026-01-21,R7/2026,12.3697,12.5,0.5659,10.5,15.0,119,0
5013,2026-01-21,R6/2026,12.6618,12.5,0.5351,10.5,15.0,119,0
5015,2026-01-21,R5/2026,13.0924,13.0,0.4706,11.0,15.0,119,0
5017,2026-01-21,R4/2026,13.5882,13.5,0.3951,11.75,15.0,119,0
5021,2026-01-21,R2/2026,14.5588,14.5,0.2375,13.5,15.0,119,0
5007,2026-01-21,R1/2027,11.8634,12.0,0.6202,10.0,13.0,108,0
5023,2026-01-21,R1/2026,14.9496,15.0,0.1238,14.5,15.0,119,0
4973,2026-01-22,R2/2027,11.5888,11.5,0.6965,9.75,13.0,107,0
4961,2026-01-22,R8/2027,10.4527,10.5,0.9138,8.0,13.0,111,0
4963,2026-01-22,R7/2027,10.4975,10.5,0.8942,8.0,13.0,102,0
4965,2026-01-22,R6/2027,10.6762,10.5,0.9063,8.0,13.0,105,0
4967,2026-01-22,R5/2027,10.8645,10.75,0.8947,8.0,13.0,107,0
4969,2026-01-22,R4/2027,11.0561,11.0,0.9058,8.0,13.0,107,0
4971,2026-01-22,R3/2027,11.3154,11.25,0.8004,9.0,13.0,107,0
4975,2026-01-22,R1/2027,11.8611,12.0,0.6193,10.0,13.0,108,0
4979,2026-01-22,R7/2026,12.3782,12.5,0.5751,10.5,15.0,119,0
4981,2026-01-22,R6/2026,12.6702,12.5,0.5442,10.5,15.0,119,0
4983,2026-01-22,R5/2026,13.1029,13.0,0.4768,11.0,15.0,119,0
4985,2026-01-22,R4/2026,13.5987,13.5,0.4025,11.75,15.0,119,0
4987,2026-01-22,R3/2026,14.0924,14.0,0.3255,12.5,15.0,119,0
4989,2026-01-22,R2/2026,14.5651,14.5,0.2392,13.5,15.0,119,0
4991,2026-01-22,R1/2026,14.9517,15.0,0.1225,14.5,15.0,119,0
4977,2026-01-22,R8/2026,12.1865,12.0,0.6019,10.5,15.0,122,0
4929,2026-01-23,R8/2027,10.5584,10.5,0.9404,8.0,13.0,137,0
4931,2026-01-23,R7/2027,10.624,10.5,0.9395,8.0,13.0,127,0
4933,2026-01-23,R6/2027,10.7923,10.625,0.9334,8.0,13.0,130,0
4935,2026-01-23,R5/2027,10.9848,11.0,0.9148,8.0,13.5,132,0
4937,2026-01-23,R4/2027,11.1989,11.25,0.9065,8.0,14.0,132,0
4939,2026-01-23,R3/2027,11.4602,11.5,0.8158,9.0,14.0,132,0
4941,2026-01-23,R2/2027,11.7121,11.75,0.724,9.75,14.0,132,0
4943,2026-01-23,R1/2027,11.9737,12.0,0.6425,10.0,14.0,133,0
4945,2026-01-23,R8/2026,12.2583,12.25,0.5779,10.5,15.0,151,0
4947,2026-01-23,R7/2026,12.4371,12.5,0.5304,11.0,15.0,147,0
4949,2026-01-23,R6/2026,12.7228,12.75,0.473,11.5,15.0,147,0
4951,2026-01-23,R5/2026,13.1327,13.0,0.4096,12.0,15.0,147,0
4953,2026-01-23,R4/2026,13.6293,13.5,0.3418,12.5,15.0,147,0
4955,2026-01-23,R3/2026,14.1241,14.0,0.2741,13.0,15.0,147,0
4957,2026-01-23,R2/2026,14.5929,14.5,0.1998,13.75,15.0,148,0
4959,2026-01-23,R1/2026,14.9747,15.0,0.0907,14.5,15.0,148,0
4897,2026-01-26,R8/2027,10.5725,10.5,0.9514,8.0,13.0,138,0
4899,2026-01-26,R7/2027,10.6387,10.5,0.9503,8.0,13.0,128,0
4901,2026-01-26,R6/2027,10.8053,10.75,0.9417,8.0,13.0,131,0
4903,2026-01-26,R5/2027,10.9962,11.0,0.9207,8.0,13.5,133,0
4905,2026-01-26,R4/2027,11.2086,11.25,0.91,8.0,14.0,133,0
4907,2026-01-26,R3/2027,11.468,11.5,0.8177,9.0,14.0,133,0
4909,2026-01-26,R2/2027,11.7199,11.75,0.7268,9.75,14.0,133,0
4927,2026-01-26,R1/2026,14.9732,15.0,0.0922,14.5,15.0,149,0
4913,2026-01-26,R8/2026,12.2632,12.25,0.584,10.5,15.0,152,0
4915,2026-01-26,R7/2026,12.4426,12.5,0.5375,11.0,15.0,148,0
4917,2026-01-26,R6/2026,12.728,12.75,0.4801,11.5,15.0,148,0
4919,2026-01-26,R5/2026,13.1368,13.0,0.4154,12.0,15.0,148,0
4921,2026-01-26,R4/2026,13.6318,13.5,0.3456,12.5,15.0,148,0
4923,2026-01-26,R3/2026,14.125,14.0,0.2765,13.0,15.0,148,0
4925,2026-01-26,R2/2026,14.5923,14.5,0.2014,13.75,15.0,149,0
4911,2026-01-26,R1/2027,11.9795,12.0,0.6494,10.0,14.0,134,0
4865,2026-01-27,R8/2027,10.5616,10.5,0.9435,8.0,13.0,138,0
4867,2026-01-27,R7/2027,10.627,10.5,0.9427,8.0,13.0,128,0
4869,2026-01-27,R6/2027,10.7939,10.5,0.9362,8.0,13.0,131,0
4871,2026-01-27,R5/2027,10.985,11.0,0.9175,8.0,13.5,133,0
4873,2026-01-27,R4/2027,11.1974,11.25,0.9095,8.0,14.0,133,0
4875,2026-01-27,R3/2027,11.4568,11.5,0.8206,9.0,14.0,133,0
4877,2026-01-27,R2/2027,11.7086,11.75,0.734,9.75,14.0,133,0
4883,2026-01-27,R7/2026,12.4426,12.5,0.5375,11.0,15.0,148,0
4881,2026-01-27,R8/2026,12.2599,12.25,0.5869,10.5,15.0,152,0
4885,2026-01-27,R6/2026,12.728,12.75,0.4801,11.5,15.0,148,0
4887,2026-01-27,R5/2026,13.1368,13.0,0.4154,12.0,15.0,148,0
4889,2026-01-27,R4/2026,13.6318,13.5,0.3456,12.5,15.0,148,0
4891,2026-01-27,R3/2026,14.125,14.0,0.2765,13.0,15.0,148,0
4893,2026-01-27,R2/2026,14.5923,14.5,0.2014,13.75,15.0,149,0
4895,2026-01-27,R1/2026,14.9732,15.0,0.0922,14.5,15.0,149,0
4879,2026-01-27,R1/2027,11.972,12.0,0.6548,10.0,14.0,134,0
4835,2026-01-28,R7/2027,10.627,10.5,0.9427,8.0,13.0,128,0
4837,2026-01-28,R6/2027,10.7939,10.5,0.9362,8.0,13.0,131,0
4839,2026-01-28,R5/2027,10.985,11.0,0.9175,8.0,13.5,133,0
4841,2026-01-28,R4/2027,11.1974,11.25,0.9095,8.0,14.0,133,0
4843,2026-01-28,R3/2027,11.4568,11.5,0.8206,9.0,14.0,133,0
4845,2026-01-28,R2/2027,11.7086,11.75,0.734,9.75,14.0,133,0
4847,2026-01-28,R1/2027,11.972,12.0,0.6548,10.0,14.0,134,0
4833,2026-01-28,R8/2027,10.5616,10.5,0.9435,8.0,13.0,138,0
4851,2026-01-28,R7/2026,12.4426,12.5,0.5375,11.0,15.0,148,0
4853,2026-01-28,R6/2026,12.728,12.75,0.4801,11.5,15.0,148,0
4855,2026-01-28,R5/2026,13.1368,13.0,0.4154,12.0,15.0,148,0
4857,2026-01-28,R4/2026,13.6318,13.5,0.3456,12.5,15.0,148,0
4859,2026-01-28,R3/2026,14.125,14.0,0.2765,13.0,15.0,148,0
4861,2026-01-28,R2/2026,14.5923,14.5,0.2014,13.75,15.0,149,0
4863,2026-01-28,R1/2026,14.9732,15.0,0.0922,14.5,15.0,149,0
4849,2026-01-28,R8/2026,12.2599,12.25,0.5869,10.5,15.0,152,0
4803,2026-01-29,R8/2027,10.5662,10.5,0.9453,8.0,13.0,136,0
4805,2026-01-29,R7/2027,10.631,10.5,0.9463,8.0,13.0,126,0
4807,2026-01-29,R6/2027,10.7984,10.5,0.9406,8.0,13.0,129,0
4809,2026-01-29,R5/2027,10.9943,11.0,0.9254,8.0,13.5,131,0
4811,2026-01-29,R4/2027,11.2118,11.25,0.9176,8.0,14.0,131,0
4813,2026-01-29,R3/2027,11.4676,11.5,0.8371,9.0,14.0,131,0
4815,2026-01-29,R2/2027,11.7195,11.75,0.7446,9.5,14.0,131,0
4817,2026-01-29,R1/2027,11.9847,12.0,0.6623,10.0,14.0,131,0
4821,2026-01-29,R7/2026,12.4552,12.5,0.5323,11.0,15.0,145,0
4823,2026-01-29,R6/2026,12.7414,12.75,0.4702,11.75,15.0,145,0
4825,2026-01-29,R5/2026,13.1483,13.0,0.4052,12.25,15.0,145,0
4827,2026-01-29,R4/2026,13.6414,13.5,0.3358,13.0,15.0,145,0
4829,2026-01-29,R3/2026,14.1345,14.0,0.2626,13.5,15.0,145,0
4831,2026-01-29,R2/2026,14.5976,14.5,0.1905,14.0,15.0,146,0
4819,2026-01-29,R8/2026,12.2718,12.25,0.5886,10.5,15.0,149,0
4781,2026-01-30,R3/2027,11.4599,11.5,0.8447,9.0,14.0,131,0
4771,2026-01-30,R8/2027,10.5496,10.5,0.9553,8.0,13.0,136,0
4773,2026-01-30,R7/2027,10.6131,10.5,0.9583,8.0,13.0,126,0
4775,2026-01-30,R6/2027,10.781,10.5,0.9554,8.0,13.0,129,0
4777,2026-01-30,R5/2027,10.9809,11.0,0.9367,8.0,13.5,131,0
4779,2026-01-30,R4/2027,11.2004,11.25,0.9285,8.0,14.0,131,0
4783,2026-01-30,R2/2027,11.7137,11.75,0.7498,9.5,14.0,131,0
4785,2026-01-30,R1/2027,11.9752,12.0,0.671,10.0,14.0,131,0
4787,2026-01-30,R8/2026,12.2617,12.25,0.5988,10.5,15.0,149,0
4789,2026-01-30,R7/2026,12.4431,12.5,0.5404,11.0,15.0,145,0
4791,2026-01-30,R6/2026,12.7276,12.75,0.4752,11.5,15.0,145,0
4793,2026-01-30,R5/2026,13.1345,13.0,0.4005,12.25,15.0,145,0
4795,2026-01-30,R4/2026,13.6293,13.5,0.3271,13.0,15.0,145,0
4797,2026-01-30,R3/2026,14.1259,14.0,0.2459,13.5,15.0,145,0
4799,2026-01-30,R2/2026,14.5942,14.5,0.1684,14.0,15.0,146,0
4739,2026-02-02,R8/2027,10.5533,10.5,0.956,8.0,13.0,136,0
4741,2026-02-02,R7/2027,10.6171,10.5,0.9588,8.0,13.0,126,0
4743,2026-02-02,R6/2027,10.7849,10.5,0.9553,8.0,13.0,129,0
4745,2026-02-02,R5/2027,10.9847,11.0,0.9358,8.0,13.5,131,0
4747,2026-02-02,R4/2027,11.2042,11.25,0.9266,8.0,14.0,131,0
4749,2026-02-02,R3/2027,11.4637,11.5,0.8415,9.0,14.0,131,0
4751,2026-02-02,R2/2027,11.7176,11.75,0.7448,9.5,14.0,131,0
4755,2026-02-02,R8/2026,12.2601,12.25,0.5907,10.5,15.0,149,0
4757,2026-02-02,R7/2026,12.4431,12.5,0.5356,11.0,15.0,145,0
4759,2026-02-02,R6/2026,12.7293,12.75,0.4693,11.5,15.0,145,0
4761,2026-02-02,R5/2026,13.1362,13.0,0.395,12.25,15.0,145,0
4763,2026-02-02,R4/2026,13.631,13.5,0.3163,13.0,15.0,145,0
4765,2026-02-02,R3/2026,14.131,14.0,0.2405,13.5,15.0,145,0
4767,2026-02-02,R2/2026,14.5976,14.5,0.1586,14.0,15.0,146,0
4753,2026-02-02,R1/2027,11.9771,12.0,0.6679,10.0,14.0,131,0
4717,2026-02-03,R3/2027,11.4656,11.5,0.8413,9.0,14.0,131,0
4707,2026-02-03,R8/2027,10.557,10.5,0.9529,8.0,13.0,136,0
4709,2026-02-03,R7/2027,10.621,10.5,0.9563,8.0,13.0,126,0
4711,2026-02-03,R6/2027,10.7888,10.5,0.9531,8.0,13.0,129,0
4713,2026-02-03,R5/2027,10.9885,11.0,0.9338,8.0,13.5,131,0
4715,2026-02-03,R4/2027,11.2061,11.25,0.9264,8.0,14.0,131,0
4719,2026-02-03,R2/2027,11.7195,11.75,0.7446,9.5,14.0,131,0
4735,2026-02-03,R2/2026,14.5959,14.5,0.1555,14.0,15.0,146,0
4723,2026-02-03,R8/2026,12.2567,12.25,0.5936,10.5,15.0,149,0
4725,2026-02-03,R7/2026,12.4397,12.5,0.5368,11.0,15.0,145,0
4727,2026-02-03,R6/2026,12.7259,12.5,0.4692,11.5,15.0,145,0
4729,2026-02-03,R5/2026,13.1345,13.0,0.3928,12.25,15.0,145,0
4731,2026-02-03,R4/2026,13.6276,13.5,0.315,13.0,15.0,145,0
4733,2026-02-03,R3/2026,14.1276,14.0,0.2369,13.5,15.0,145,0
4721,2026-02-03,R1/2027,11.9771,12.0,0.6693,10.0,14.0,131,0
4673,2026-02-04,R1/2028,10.3203,10.125,0.9767,8.5,12.5,32,0
4675,2026-02-04,R8/2027,10.5584,10.5,0.9443,8.0,13.0,137,0
4677,2026-02-04,R7/2027,10.624,10.5,0.9484,8.0,13.0,127,0
4679,2026-02-04,R6/2027,10.7865,10.625,0.9416,8.0,13.0,130,0
4681,2026-02-04,R5/2027,10.9867,11.0,0.9228,8.0,13.5,132,0
4685,2026-02-04,R3/2027,11.4602,11.5,0.8291,9.0,14.0,132,0
4687,2026-02-04,R2/2027,11.7121,11.75,0.7324,9.5,14.0,132,0
4683,2026-02-04,R4/2027,11.2008,11.25,0.9126,8.0,14.0,132,0
4691,2026-02-04,R8/2026,12.2566,12.25,0.5952,10.5,15.0,151,0
4703,2026-02-04,R2/2026,14.5946,14.5,0.1576,14.0,15.0,148,0
4701,2026-02-04,R3/2026,14.1241,14.0,0.2358,13.5,15.0,147,0
4699,2026-02-04,R4/2026,13.6216,13.5,0.3127,13.0,15.0,146,0
4689,2026-02-04,R1/2027,11.9716,12.0,0.6605,10.0,14.0,132,0
4695,2026-02-04,R6/2026,12.7192,12.5,0.4635,11.5,15.0,146,0
4693,2026-02-04,R7/2026,12.4315,12.5,0.5295,11.0,15.0,146,0
4697,2026-02-04,R5/2026,13.1284,13.0,0.3884,12.25,15.0,146,0
4641,2026-02-05,R1/2028,10.3182,10.25,0.9619,8.5,12.5,33,0
4643,2026-02-05,R8/2027,10.5584,10.5,0.9443,8.0,13.0,137,0
4645,2026-02-05,R7/2027,10.624,10.5,0.9463,8.0,13.0,127,0
4647,2026-02-05,R6/2027,10.7885,10.75,0.9398,8.0,13.0,130,0
4649,2026-02-05,R5/2027,10.9867,11.0,0.9198,8.0,13.5,132,0
4653,2026-02-05,R3/2027,11.4564,11.5,0.8226,9.0,14.0,132,0
4655,2026-02-05,R2/2027,11.7121,11.75,0.7174,9.5,14.0,132,0
4651,2026-02-05,R4/2027,11.1989,11.25,0.9107,8.0,14.0,132,0
4659,2026-02-05,R8/2026,12.2566,12.25,0.5754,11.0,15.0,151,0
4661,2026-02-05,R7/2026,12.4315,12.5,0.5098,11.0,15.0,146,0
4663,2026-02-05,R6/2026,12.7175,12.5,0.4488,11.5,15.0,146,0
4665,2026-02-05,R5/2026,13.125,13.0,0.3784,12.25,15.0,146,0
4667,2026-02-05,R4/2026,13.6182,13.5,0.3072,13.0,15.0,146,0
4669,2026-02-05,R3/2026,14.1207,14.0,0.2339,13.5,15.0,147,0
4671,2026-02-05,R2/2026,14.5895,14.5,0.1538,14.0,15.0,148,0
4657,2026-02-05,R1/2027,11.9716,12.0,0.6386,10.25,14.0,132,0
4619,2026-02-06,R4/2027,11.2037,11.25,0.8778,8.0,13.5,135,0
4609,2026-02-06,R1/2028,10.3917,10.25,0.919,9.0,12.5,60,0
4611,2026-02-06,R8/2027,10.5821,10.5,0.911,8.0,13.0,140,0
4613,2026-02-06,R7/2027,10.6462,10.5,0.9082,8.0,13.0,130,0
4615,2026-02-06,R6/2027,10.8064,10.75,0.902,8.0,13.0,133,0
4617,2026-02-06,R5/2027,11.0056,11.0,0.8879,8.0,13.0,135,0
4621,2026-02-06,R3/2027,11.4519,11.5,0.7868,9.0,13.0,135,0
4635,2026-02-06,R4/2026,13.5878,13.5,0.2693,13.0,15.0,148,0
4625,2026-02-06,R1/2027,11.9463,12.0,0.588,10.25,13.0,135,0
4627,2026-02-06,R8/2026,12.2271,12.25,0.5396,11.0,15.0,153,0
4629,2026-02-06,R7/2026,12.402,12.5,0.4628,11.0,15.0,148,0
4631,2026-02-06,R6/2026,12.6841,12.5,0.3989,11.5,15.0,148,0
4633,2026-02-06,R5/2026,13.0946,13.0,0.3331,12.25,15.0,148,0
4637,2026-02-06,R3/2026,14.094,14.0,0.2118,13.5,15.0,149,0
4623,2026-02-06,R2/2027,11.6981,11.75,0.6845,9.5,13.0,135,0
4639,2026-02-06,R2/2026,14.57,14.5,0.1418,14.0,15.0,150,0
4589,2026-02-09,R3/2027,11.4574,11.5,0.772,9.0,13.0,129,0
4577,2026-02-09,R1/2028,10.3923,10.25,0.889,9.0,12.5,65,0
4579,2026-02-09,R8/2027,10.6093,10.5,0.8973,8.5,13.0,135,0
4581,2026-02-09,R7/2027,10.6845,10.5,0.8926,8.5,13.0,126,0
4583,2026-02-09,R6/2027,10.8287,10.75,0.8883,8.5,13.0,127,0
4585,2026-02-09,R5/2027,11.0252,11.0,0.8687,8.5,13.0,129,0
4587,2026-02-09,R4/2027,11.219,11.25,0.8519,8.75,13.5,129,0
4591,2026-02-09,R2/2027,11.7016,11.75,0.6828,9.5,13.0,129,0
4595,2026-02-09,R8/2026,12.2245,12.25,0.5446,11.0,15.0,147,0
4597,2026-02-09,R7/2026,12.3961,12.5,0.4608,11.0,15.0,142,0
4599,2026-02-09,R6/2026,12.669,12.5,0.3931,11.5,15.0,142,0
4601,2026-02-09,R5/2026,13.0792,13.0,0.3255,12.25,15.0,142,0
4603,2026-02-09,R4/2026,13.5722,13.5,0.2613,13.0,15.0,142,0
4605,2026-02-09,R3/2026,14.0769,14.0,0.201,13.5,15.0,143,0
4607,2026-02-09,R2/2026,14.559,14.5,0.135,14.0,15.0,144,0
4593,2026-02-09,R1/2027,11.9438,12.0,0.5949,10.25,13.0,129,0
4545,2026-02-10,R1/2028,10.3971,10.25,0.8862,9.0,12.5,68,0
4547,2026-02-10,R8/2027,10.6186,10.5,0.8946,8.5,13.0,137,0
4549,2026-02-10,R7/2027,10.6953,10.5,0.891,8.5,13.0,128,0
4551,2026-02-10,R6/2027,10.8391,11.0,0.8858,8.5,13.0,129,0
4553,2026-02-10,R5/2027,11.0363,11.0,0.8672,8.5,13.0,131,0
4555,2026-02-10,R4/2027,11.229,11.25,0.8494,8.75,13.5,131,0
4557,2026-02-10,R3/2027,11.4656,11.5,0.769,9.0,13.0,131,0
4559,2026-02-10,R2/2027,11.7061,11.75,0.6785,9.5,13.0,131,0
4561,2026-02-10,R1/2027,11.9447,12.0,0.5904,10.25,13.0,131,0
4563,2026-02-10,R8/2026,12.2215,12.25,0.5415,11.0,15.0,149,0
4565,2026-02-10,R7/2026,12.3906,12.5,0.46,11.0,15.0,144,0
4567,2026-02-10,R6/2026,12.6667,12.5,0.3909,11.5,15.0,144,0
4569,2026-02-10,R5/2026,13.0781,13.0,0.3234,12.25,15.0,144,0
4571,2026-02-10,R4/2026,13.5712,13.5,0.2596,13.0,15.0,144,0
4573,2026-02-10,R3/2026,14.0759,14.0,0.1998,13.5,15.0,145,0
4575,2026-02-10,R2/2026,14.5582,14.5,0.1342,14.0,15.0,146,0
4513,2026-02-11,R1/2028,10.4,10.25,0.8777,9.0,12.5,70,0
4515,2026-02-11,R8/2027,10.6089,10.5,0.892,8.5,13.0,140,0
4517,2026-02-11,R7/2027,10.6942,10.5,0.8876,8.5,13.0,130,0
4519,2026-02-11,R6/2027,10.8397,11.0,0.8824,8.5,13.0,131,0
4521,2026-02-11,R5/2027,11.0376,11.0,0.8641,8.5,13.0,133,0
4523,2026-02-11,R4/2027,11.2312,11.25,0.8466,8.75,13.5,133,0
4525,2026-02-11,R3/2027,11.468,11.5,0.7673,9.0,13.0,133,0
4543,2026-02-11,R2/2026,14.557,14.5,0.1331,14.0,15.0,149,0
4529,2026-02-11,R1/2027,11.9403,12.0,0.5947,10.25,13.0,134,0
4531,2026-02-11,R8/2026,12.2188,12.25,0.5443,11.0,15.0,152,0
4533,2026-02-11,R7/2026,12.3912,12.5,0.463,11.0,15.0,147,0
4535,2026-02-11,R6/2026,12.6701,12.5,0.3934,11.5,15.0,147,0
4537,2026-02-11,R5/2026,13.0816,13.0,0.3249,12.25,15.0,147,0
4539,2026-02-11,R4/2026,13.5731,13.5,0.2595,13.0,15.0,147,0
4541,2026-02-11,R3/2026,14.076,14.0,0.1985,13.5,15.0,148,0
4527,2026-02-11,R2/2027,11.7034,11.75,0.6783,9.5,13.0,134,0
4493,2026-02-12,R3/2027,11.468,11.5,0.7673,9.0,13.0,133,0
4481,2026-02-12,R1/2028,10.4,10.25,0.8777,9.0,12.5,70,0
4483,2026-02-12,R8/2027,10.6089,10.5,0.892,8.5,13.0,140,0
4485,2026-02-12,R7/2027,10.6942,10.5,0.8876,8.5,13.0,130,0
4487,2026-02-12,R6/2027,10.8397,11.0,0.8824,8.5,13.0,131,0
4489,2026-02-12,R5/2027,11.0376,11.0,0.8641,8.5,13.0,133,0
4495,2026-02-12,R2/2027,11.7034,11.75,0.6783,9.5,13.0,134,0
4491,2026-02-12,R4/2027,11.2312,11.25,0.8466,8.75,13.5,133,0
4499,2026-02-12,R8/2026,12.2188,12.25,0.5443,11.0,15.0,152,0
4511,2026-02-12,R2/2026,14.557,14.5,0.1331,14.0,15.0,149,0
4501,2026-02-12,R7/2026,12.3912,12.5,0.463,11.0,15.0,147,0
4503,2026-02-12,R6/2026,12.6701,12.5,0.3934,11.5,15.0,147,0
4505,2026-02-12,R5/2026,13.0816,13.0,0.3249,12.25,15.0,147,0
4507,2026-02-12,R4/2026,13.5731,13.5,0.2595,13.0,15.0,147,0
4509,2026-02-12,R3/2026,14.076,14.0,0.1985,13.5,15.0,148,0
4497,2026-02-12,R1/2027,11.9403,12.0,0.5947,10.25,13.0,134,0
4449,2026-02-13,R1/2028,10.4054,10.375,0.9039,8.5,12.5,74,0
4451,2026-02-13,R8/2027,10.6196,10.5,0.8996,8.5,13.0,140,0
4453,2026-02-13,R7/2027,10.7042,10.5,0.8914,8.5,13.0,131,0
4455,2026-02-13,R6/2027,10.8359,11.0,0.8763,8.5,13.0,131,0
4457,2026-02-13,R5/2027,11.0338,11.0,0.8588,8.5,13.0,133,0
4459,2026-02-13,R4/2027,11.2256,11.25,0.8434,8.75,13.5,133,0
4461,2026-02-13,R3/2027,11.4605,11.5,0.7657,9.0,13.0,133,0
4463,2026-02-13,R2/2027,11.694,11.75,0.6738,9.5,13.0,134,0
4465,2026-02-13,R1/2027,11.931,12.0,0.5902,10.25,13.0,134,0
4467,2026-02-13,R8/2026,12.2119,12.25,0.5396,11.0,15.0,151,0
4469,2026-02-13,R7/2026,12.3793,12.5,0.454,11.0,15.0,147,0
4471,2026-02-13,R6/2026,12.6599,12.5,0.3801,11.5,15.0,147,0
4473,2026-02-13,R5/2026,13.0748,13.0,0.316,12.25,15.0,147,0
4475,2026-02-13,R4/2026,13.5697,13.5,0.2572,13.0,15.0,147,0
4477,2026-02-13,R3/2026,14.0743,14.0,0.1981,13.5,15.0,148,0
4479,2026-02-13,R2/2026,14.557,14.5,0.1331,14.0,15.0,149,0
4417,2026-02-18,R1/2028,10.3703,10.25,0.9319,8.0,12.5,79,0
4419,2026-02-18,R8/2027,10.575,10.5,0.9199,8.0,13.0,140,0
4421,2026-02-18,R7/2027,10.6629,10.5,0.9129,8.0,13.0,132,0
4423,2026-02-18,R6/2027,10.7936,10.75,0.9011,8.0,13.0,132,0
4425,2026-02-18,R5/2027,10.9925,11.0,0.8889,8.0,13.0,134,0
4427,2026-02-18,R4/2027,11.1866,11.25,0.8782,8.0,13.5,134,0
4429,2026-02-18,R3/2027,11.4291,11.5,0.7832,9.0,13.0,134,0
4447,2026-02-18,R2/2026,14.5604,14.5,0.1251,14.25,15.0,149,0
4433,2026-02-18,R1/2027,11.9241,12.0,0.5934,10.25,13.0,135,0
4435,2026-02-18,R8/2026,12.2036,12.25,0.5439,11.0,15.0,151,0
4437,2026-02-18,R7/2026,12.3759,12.5,0.4559,11.0,15.0,147,0
4439,2026-02-18,R6/2026,12.6616,12.5,0.3789,11.5,15.0,147,0
4441,2026-02-18,R5/2026,13.0799,13.0,0.3113,12.25,15.0,147,0
4443,2026-02-18,R4/2026,13.5748,13.5,0.2516,13.0,15.0,147,0
4445,2026-02-18,R3/2026,14.0794,14.0,0.1907,13.75,15.0,148,0
4431,2026-02-18,R2/2027,11.6759,11.75,0.6811,9.5,13.0,135,0
4395,2026-02-19,R4/2027,11.1919,11.25,0.8758,8.0,13.5,129,0
4385,2026-02-19,R1/2028,10.3719,10.375,0.9262,8.0,12.5,80,0
4387,2026-02-19,R8/2027,10.5685,10.5,0.9049,8.0,13.0,135,0
4389,2026-02-19,R7/2027,10.6575,10.5,0.8983,8.0,13.0,127,0
4391,2026-02-19,R6/2027,10.7953,10.75,0.887,8.0,13.0,127,0
4393,2026-02-19,R5/2027,10.9961,11.0,0.8815,8.0,13.0,129,0
4397,2026-02-19,R3/2027,11.4302,11.5,0.7893,9.0,13.0,129,0
4399,2026-02-19,R2/2027,11.6731,11.75,0.6953,9.5,13.0,130,0
4401,2026-02-19,R1/2027,11.9135,12.0,0.6184,10.0,13.0,130,0
4403,2026-02-19,R8/2026,12.1901,12.25,0.5661,10.5,15.0,146,0
4405,2026-02-19,R7/2026,12.3644,12.375,0.4753,11.0,15.0,142,0
4407,2026-02-19,R6/2026,12.6549,12.5,0.3911,11.5,15.0,142,0
4409,2026-02-19,R5/2026,13.0739,13.0,0.3165,12.25,15.0,142,0
4411,2026-02-19,R4/2026,13.5704,13.5,0.2524,13.0,15.0,142,0
4413,2026-02-19,R3/2026,14.0752,14.0,0.1894,13.75,15.0,143,0
4415,2026-02-19,R2/2026,14.5556,14.5,0.1231,14.25,15.0,144,0
4353,2026-02-20,R1/2028,10.3832,10.375,0.8949,8.0,12.5,92,0
4355,2026-02-20,R8/2027,10.5739,10.5,0.8915,8.0,13.0,142,0
4357,2026-02-20,R7/2027,10.6567,10.5,0.8866,8.0,13.0,134,0
4359,2026-02-20,R6/2027,10.791,10.875,0.8715,8.0,13.0,134,0
4361,2026-02-20,R5/2027,10.9853,11.0,0.8638,8.0,13.0,136,0
4363,2026-02-20,R4/2027,11.1838,11.25,0.8598,8.0,13.5,136,0
4365,2026-02-20,R3/2027,11.4246,11.5,0.7796,9.0,13.0,136,0
4367,2026-02-20,R2/2027,11.6661,11.75,0.6863,9.5,13.0,137,0
4369,2026-02-20,R1/2027,11.8996,12.0,0.6052,10.0,13.0,137,0
4371,2026-02-20,R8/2026,12.1711,12.125,0.5571,10.5,15.0,152,0
4373,2026-02-20,R7/2026,12.3361,12.25,0.4629,11.0,15.0,148,0
4375,2026-02-20,R6/2026,12.6199,12.5,0.3704,11.5,15.0,148,0
4377,2026-02-20,R5/2026,13.0507,13.0,0.2891,12.25,15.0,148,0
4379,2026-02-20,R4/2026,13.549,13.5,0.2319,13.0,15.0,148,0
4381,2026-02-20,R3/2026,14.0567,14.0,0.1687,13.75,15.0,150,0
4383,2026-02-20,R2/2026,14.5467,14.5,0.1056,14.5,15.0,150,0
4321,2026-02-23,R1/2028,10.4289,10.5,0.9394,8.0,13.5,95,0
4323,2026-02-23,R8/2027,10.6113,10.5,0.9339,8.0,14.0,137,0
4325,2026-02-23,R7/2027,10.6938,10.5,0.9303,8.0,14.0,129,0
4327,2026-02-23,R6/2027,10.8236,11.0,0.9147,8.0,14.0,129,0
4329,2026-02-23,R5/2027,11.0095,11.0,0.8902,8.0,13.5,131,0
4331,2026-02-23,R4/2027,11.1927,11.25,0.8751,8.0,13.5,131,0
4333,2026-02-23,R3/2027,11.4198,11.5,0.781,9.0,13.0,131,0
4351,2026-02-23,R2/2026,14.5455,14.5,0.1051,14.5,15.0,143,0
4337,2026-02-23,R1/2027,11.8958,12.0,0.5999,10.0,13.0,132,0
4339,2026-02-23,R8/2026,12.1638,12.0,0.5643,10.5,15.0,145,0
4341,2026-02-23,R7/2026,12.3351,12.25,0.4659,11.0,15.0,141,0
4343,2026-02-23,R6/2026,12.6135,12.5,0.3701,11.5,15.0,141,0
4345,2026-02-23,R5/2026,13.0443,13.0,0.2891,12.25,15.0,141,0
4347,2026-02-23,R4/2026,13.5443,13.5,0.2331,13.0,15.0,141,0
4349,2026-02-23,R3/2026,14.0542,14.0,0.1702,13.75,15.0,143,0
4335,2026-02-23,R2/2027,11.6591,11.75,0.6821,9.5,13.0,132,0
4299,2026-02-24,R4/2027,11.1875,11.25,0.8738,8.0,13.5,132,0
4289,2026-02-24,R1/2028,10.4193,10.5,0.9392,8.0,13.5,96,0
4291,2026-02-24,R8/2027,10.6033,10.5,0.9353,8.0,14.0,138,0
4293,2026-02-24,R7/2027,10.6865,10.5,0.9304,8.0,14.0,130,0
4295,2026-02-24,R6/2027,10.8173,10.875,0.914,8.0,14.0,130,0
4297,2026-02-24,R5/2027,11.0038,11.0,0.8892,8.0,13.5,132,0
4301,2026-02-24,R3/2027,11.4167,11.5,0.7789,9.0,13.0,132,0
4303,2026-02-24,R2/2027,11.6579,11.75,0.6796,9.5,13.0,133,0
4305,2026-02-24,R1/2027,11.8947,12.0,0.5978,10.0,13.0,133,0
4307,2026-02-24,R8/2026,12.1627,12.0,0.5625,10.5,15.0,146,0
4309,2026-02-24,R7/2026,12.3345,12.25,0.4643,11.0,15.0,142,0
4311,2026-02-24,R6/2026,12.6127,12.5,0.3689,11.5,15.0,142,0
4313,2026-02-24,R5/2026,13.044,13.0,0.2881,12.25,15.0,142,0
4315,2026-02-24,R4/2026,13.544,13.5,0.2323,13.0,15.0,142,0
4317,2026-02-24,R3/2026,14.0538,14.0,0.1697,13.75,15.0,144,0
4319,2026-02-24,R2/2026,14.5451,14.5,0.1048,14.5,15.0,144,0
4257,2026-02-25,R1/2028,10.4201,10.5,0.9344,8.0,13.5,97,0
4259,2026-02-25,R8/2027,10.6,10.5,0.9291,8.0,14.0,140,0
4261,2026-02-25,R7/2027,10.6818,10.5,0.9243,8.0,14.0,132,0
4263,2026-02-25,R6/2027,10.8106,10.75,0.9088,8.0,14.0,132,0
4265,2026-02-25,R5/2027,10.9963,11.0,0.8852,8.0,13.5,134,0
4267,2026-02-25,R4/2027,11.181,11.25,0.8689,8.0,13.5,134,0
4269,2026-02-25,R3/2027,11.4123,11.5,0.774,9.0,13.0,134,0
4271,2026-02-25,R2/2027,11.6574,11.75,0.6748,9.5,13.0,135,0
4273,2026-02-25,R1/2027,11.8926,12.0,0.5936,10.0,13.0,135,0
4275,2026-02-25,R8/2026,12.1588,12.0,0.5599,10.5,15.0,148,0
4277,2026-02-25,R7/2026,12.3316,12.25,0.4619,11.0,15.0,144,0
4279,2026-02-25,R6/2026,12.6111,12.5,0.3665,11.5,15.0,144,0
4281,2026-02-25,R5/2026,13.0434,13.0,0.2862,12.25,15.0,144,0
4283,2026-02-25,R4/2026,13.5434,13.5,0.2307,13.0,15.0,144,0
4285,2026-02-25,R3/2026,14.0531,14.0,0.1686,13.75,15.0,146,0
4287,2026-02-25,R2/2026,14.5445,14.5,0.1042,14.5,15.0,146,0
4225,2026-02-26,R1/2028,10.4201,10.5,0.9344,8.0,13.5,97,0
4227,2026-02-26,R8/2027,10.6,10.5,0.9291,8.0,14.0,140,0
4229,2026-02-26,R7/2027,10.6818,10.5,0.9243,8.0,14.0,132,0
4231,2026-02-26,R6/2027,10.8106,10.75,0.9088,8.0,14.0,132,0
4233,2026-02-26,R5/2027,10.9963,11.0,0.8852,8.0,13.5,134,0
4235,2026-02-26,R4/2027,11.181,11.25,0.8689,8.0,13.5,134,0
4237,2026-02-26,R3/2027,11.4123,11.5,0.774,9.0,13.0,134,0
4255,2026-02-26,R2/2026,14.5445,14.5,0.1042,14.5,15.0,146,0
4241,2026-02-26,R1/2027,11.8926,12.0,0.5936,10.0,13.0,135,0
4243,2026-02-26,R8/2026,12.1571,12.0,0.5592,10.5,15.0,148,0
4245,2026-02-26,R7/2026,12.3299,12.25,0.4608,11.0,15.0,144,0
4247,2026-02-26,R6/2026,12.6094,12.5,0.3653,11.5,15.0,144,0
4249,2026-02-26,R5/2026,13.0417,13.0,0.2857,12.25,15.0,144,0
4251,2026-02-26,R4/2026,13.5434,13.5,0.2307,13.0,15.0,144,0
4253,2026-02-26,R3/2026,14.0531,14.0,0.1686,13.75,15.0,146,0
4239,2026-02-26,R2/2027,11.6574,11.75,0.6748,9.5,13.0,135,0
4203,2026-02-27,R4/2027,11.1852,11.25,0.8772,8.0,13.5,135,0
4193,2026-02-27,R1/2028,10.42,10.5,0.9219,8.0,13.5,100,0
4195,2026-02-27,R8/2027,10.6028,10.5,0.9226,8.0,14.0,141,0
4197,2026-02-27,R7/2027,10.6823,10.5,0.9218,8.0,14.0,133,0
4199,2026-02-27,R6/2027,10.8102,10.75,0.9131,8.0,14.0,133,0
4201,2026-02-27,R5/2027,10.9944,11.0,0.8931,8.0,13.5,135,0
4205,2026-02-27,R3/2027,11.4148,11.5,0.7806,9.0,13.0,135,0
4207,2026-02-27,R2/2027,11.6581,11.75,0.6798,9.5,13.0,136,0
4209,2026-02-27,R1/2027,11.8915,12.0,0.5969,10.0,13.0,136,0
4211,2026-02-27,R8/2026,12.1567,12.0,0.5587,10.5,15.0,150,0
4213,2026-02-27,R7/2026,12.3271,12.25,0.4576,11.0,15.0,146,0
4215,2026-02-27,R6/2026,12.6027,12.5,0.3604,11.5,15.0,146,0
4217,2026-02-27,R5/2026,13.036,13.0,0.2806,12.25,15.0,146,0
4219,2026-02-27,R4/2026,13.5377,13.5,0.2254,13.0,15.0,146,0
4221,2026-02-27,R3/2026,14.0473,14.0,0.1627,13.75,15.0,148,0
4223,2026-02-27,R2/2026,14.5405,14.5,0.1009,14.5,15.0,148,0
4161,2026-03-02,R1/2028,10.4337,10.5,0.92,8.0,13.5,98,0
4163,2026-03-02,R8/2027,10.6159,10.5,0.9223,8.0,14.0,138,0
4165,2026-03-02,R7/2027,10.7077,10.5,0.9334,8.0,14.0,130,0
4167,2026-03-02,R6/2027,10.8365,10.875,0.9208,8.0,14.0,130,0
4169,2026-03-02,R5/2027,11.0189,11.0,0.8975,8.0,13.5,132,0
4171,2026-03-02,R4/2027,11.2083,11.25,0.877,8.0,13.5,132,0
4173,2026-03-02,R3/2027,11.4337,11.5,0.7741,9.0,13.0,132,0
4175,2026-03-02,R2/2027,11.6729,11.75,0.6774,9.5,13.0,133,0
4177,2026-03-02,R1/2027,11.9023,12.0,0.5927,10.0,13.0,133,0
4179,2026-03-02,R8/2026,12.1633,12.0,0.5522,10.5,15.0,147,0
4181,2026-03-02,R7/2026,12.3304,12.25,0.446,11.0,15.0,143,0
4183,2026-03-02,R6/2026,12.6066,12.5,0.3504,11.75,15.0,143,0
4185,2026-03-02,R5/2026,13.0402,13.0,0.2752,12.5,15.0,143,0
4187,2026-03-02,R4/2026,13.542,13.5,0.2232,13.0,15.0,143,0
4189,2026-03-02,R3/2026,14.05,14.0,0.1624,13.75,15.0,145,0
4191,2026-03-02,R2/2026,14.5414,14.5,0.1018,14.5,15.0,145,0
4129,2026-03-03,R1/2028,10.4318,10.5,0.9155,8.0,13.5,99,0
4131,2026-03-03,R8/2027,10.6151,10.5,0.9191,8.0,14.0,139,0
4133,2026-03-03,R7/2027,10.7118,10.5,0.9197,8.5,14.0,131,0
4135,2026-03-03,R6/2027,10.8454,11.0,0.8977,8.5,14.0,131,0
4137,2026-03-03,R5/2027,11.032,11.0,0.8652,8.5,13.5,133,0
4139,2026-03-03,R4/2027,11.2256,11.25,0.835,8.75,13.5,133,0
4141,2026-03-03,R3/2027,11.4474,11.5,0.7466,9.0,13.0,133,0
4159,2026-03-03,R2/2026,14.5445,14.5,0.1042,14.5,15.0,146,0
4145,2026-03-03,R1/2027,11.9086,12.0,0.5871,10.0,13.0,134,0
4147,2026-03-03,R8/2026,12.1757,12.125,0.5525,10.5,15.0,148,0
4149,2026-03-03,R7/2026,12.3455,12.25,0.4555,11.0,15.0,144,0
4151,2026-03-03,R6/2026,12.6215,12.5,0.3644,11.75,15.0,144,0
4153,2026-03-03,R5/2026,13.0521,13.0,0.2885,12.5,15.0,144,0
4155,2026-03-03,R4/2026,13.5503,13.5,0.2331,13.0,15.0,144,0
4157,2026-03-03,R3/2026,14.0565,14.0,0.17,13.75,15.0,146,0
4143,2026-03-03,R2/2027,11.6828,11.75,0.6623,9.5,13.0,134,0
4107,2026-03-04,R4/2027,11.2256,11.25,0.835,8.75,13.5,133,0
4097,2026-03-04,R1/2028,10.4318,10.5,0.9155,8.0,13.5,99,0
4099,2026-03-04,R8/2027,10.6151,10.5,0.9191,8.0,14.0,139,0
4101,2026-03-04,R7/2027,10.7118,10.5,0.9197,8.5,14.0,131,0
4103,2026-03-04,R6/2027,10.8454,11.0,0.8977,8.5,14.0,131,0
4105,2026-03-04,R5/2027,11.032,11.0,0.8652,8.5,13.5,133,0
4109,2026-03-04,R3/2027,11.4474,11.5,0.7466,9.0,13.0,133,0
4113,2026-03-04,R1/2027,11.9086,12.0,0.5871,10.0,13.0,134,0
4111,2026-03-04,R2/2027,11.6828,11.75,0.6623,9.5,13.0,134,0
4115,2026-03-04,R8/2026,12.1757,12.0,0.5533,10.5,15.0,148,0
4117,2026-03-04,R7/2026,12.3472,12.25,0.4565,11.0,15.0,144,0
4119,2026-03-04,R6/2026,12.6233,12.5,0.3656,11.75,15.0,144,0
4121,2026-03-04,R5/2026,13.0538,13.0,0.2889,12.5,15.0,144,0
4123,2026-03-04,R4/2026,13.5521,13.5,0.2336,13.0,15.0,144,0
4125,2026-03-04,R3/2026,14.0582,14.0,0.1707,13.75,15.0,146,0
4127,2026-03-04,R2/2026,14.5462,14.5,0.1055,14.5,15.0,146,0
4065,2026-03-05,R1/2028,10.4318,10.5,0.9155,8.0,13.5,99,0
4067,2026-03-05,R8/2027,10.6151,10.5,0.9191,8.0,14.0,139,0
4069,2026-03-05,R7/2027,10.7118,10.5,0.9197,8.5,14.0,131,0
4071,2026-03-05,R6/2027,10.8454,11.0,0.8977,8.5,14.0,131,0
4073,2026-03-05,R5/2027,11.032,11.0,0.8652,8.5,13.5,133,0
4075,2026-03-05,R4/2027,11.2256,11.25,0.835,8.75,13.5,133,0
4077,2026-03-05,R3/2027,11.4474,11.5,0.7466,9.0,13.0,133,0
4079,2026-03-05,R2/2027,11.6828,11.75,0.6623,9.5,13.0,134,0
4081,2026-03-05,R1/2027,11.9086,12.0,0.5871,10.0,13.0,134,0
4083,2026-03-05,R8/2026,12.1757,12.0,0.5533,10.5,15.0,148,0
4085,2026-03-05,R7/2026,12.3472,12.25,0.4565,11.0,15.0,144,0
4087,2026-03-05,R6/2026,12.6233,12.5,0.3656,11.75,15.0,144,0
4089,2026-03-05,R5/2026,13.0538,13.0,0.2889,12.5,15.0,144,0
4091,2026-03-05,R4/2026,13.5521,13.5,0.2336,13.0,15.0,144,0
4093,2026-03-05,R3/2026,14.0582,14.0,0.1707,13.75,15.0,146,0
4095,2026-03-05,R2/2026,14.5462,14.5,0.1055,14.5,15.0,146,0
4033,2026-03-06,R1/2028,10.445,10.5,0.9101,8.0,13.5,100,0
4035,2026-03-06,R8/2027,10.6278,10.5,0.9239,8.0,14.0,139,0
4037,2026-03-06,R7/2027,10.7233,10.5,0.9248,8.5,14.0,131,0
4039,2026-03-06,R6/2027,10.855,11.0,0.9022,8.5,14.0,131,0
4041,2026-03-06,R5/2027,11.0432,11.0,0.8609,8.5,13.5,133,0
4043,2026-03-06,R4/2027,11.235,11.25,0.831,8.75,13.5,133,0
4045,2026-03-06,R3/2027,11.4549,11.5,0.7427,9.0,13.0,133,0
4063,2026-03-06,R2/2026,14.5531,14.5,0.1103,14.5,15.0,146,0
4049,2026-03-06,R1/2027,11.9216,12.0,0.5886,10.0,13.0,134,0
4051,2026-03-06,R8/2026,12.1926,12.125,0.5598,10.5,15.0,148,0
4053,2026-03-06,R7/2026,12.3628,12.25,0.4629,11.0,15.0,144,0
4055,2026-03-06,R6/2026,12.6389,12.5,0.3677,11.75,15.0,144,0
4057,2026-03-06,R5/2026,13.066,13.0,0.2887,12.5,15.0,144,0
4059,2026-03-06,R4/2026,13.566,13.5,0.2338,13.0,15.0,144,0
4061,2026-03-06,R3/2026,14.0719,14.0,0.1779,13.75,15.0,146,0
4047,2026-03-06,R2/2027,11.694,11.75,0.6619,9.5,13.0,134,0
4013,2026-03-09,R3/2027,11.4283,11.5,0.7448,9.0,13.0,122,0
4001,2026-03-09,R1/2028,10.45,10.5,0.9316,8.0,13.5,95,0
4003,2026-03-09,R8/2027,10.5977,10.5,0.9266,8.0,14.0,128,0
4005,2026-03-09,R7/2027,10.6771,10.5,0.9188,8.5,14.0,120,0
4007,2026-03-09,R6/2027,10.8125,10.75,0.901,8.5,14.0,120,0
4009,2026-03-09,R5/2027,11.0041,11.0,0.8631,8.5,13.5,122,0
4011,2026-03-09,R4/2027,11.2029,11.25,0.8349,8.75,13.5,122,0
4015,2026-03-09,R2/2027,11.6728,11.75,0.6635,9.5,13.0,123,0
4019,2026-03-09,R8/2026,12.1765,12.0,0.564,10.5,15.0,136,0
4031,2026-03-09,R2/2026,14.5578,14.5,0.1139,14.5,15.0,134,0
4021,2026-03-09,R7/2026,12.3485,12.25,0.4695,11.0,15.0,132,0
4023,2026-03-09,R6/2026,12.6364,12.5,0.3773,11.75,15.0,132,0
4025,2026-03-09,R5/2026,13.0701,13.0,0.3004,12.5,15.0,132,0
4027,2026-03-09,R4/2026,13.572,13.5,0.2433,13.0,15.0,132,0
4029,2026-03-09,R3/2026,14.0784,14.0,0.1843,13.75,15.0,134,0
4017,2026-03-09,R1/2027,11.9024,12.0,0.5875,10.0,13.0,123,0
3969,2026-03-10,R1/2028,10.45,10.5,0.9316,8.0,13.5,95,0
3975,2026-03-10,R6/2027,10.8125,10.75,0.901,8.5,14.0,120,0
3977,2026-03-10,R5/2027,11.0041,11.0,0.8631,8.5,13.5,122,0
3979,2026-03-10,R4/2027,11.2029,11.25,0.8349,8.75,13.5,122,0
3981,2026-03-10,R3/2027,11.4283,11.5,0.7448,9.0,13.0,122,0
3983,2026-03-10,R2/2027,11.6768,11.75,0.6578,9.5,13.0,123,0
3971,2026-03-10,R8/2027,10.5977,10.5,0.9266,8.0,14.0,128,0
3987,2026-03-10,R8/2026,12.1801,12.0,0.5579,10.5,15.0,136,0
3985,2026-03-10,R1/2027,11.9085,12.0,0.5793,10.0,13.0,123,0
3999,2026-03-10,R2/2026,14.5578,14.5,0.1139,14.5,15.0,134,0
3997,2026-03-10,R3/2026,14.0802,14.0,0.1822,13.75,15.0,134,0
3973,2026-03-10,R7/2027,10.6771,10.5,0.9188,8.5,14.0,120,0
3993,2026-03-10,R5/2026,13.0701,13.0,0.3004,12.5,15.0,132,0
3991,2026-03-10,R6/2026,12.6364,12.5,0.3773,11.75,15.0,132,0
3989,2026-03-10,R7/2026,12.3504,12.25,0.4666,11.0,15.0,132,0
3995,2026-03-10,R4/2026,13.5739,13.5,0.2398,13.0,15.0,132,0
3937,2026-03-11,R1/2028,10.4609,10.5,0.9329,8.0,13.5,96,0
3939,2026-03-11,R8/2027,10.6047,10.5,0.9264,8.0,14.0,129,0
3941,2026-03-11,R7/2027,10.6839,10.5,0.918,8.5,14.0,121,0
3943,2026-03-11,R6/2027,10.8182,10.75,0.8994,8.5,14.0,121,0
3945,2026-03-11,R5/2027,11.0081,11.0,0.8607,8.5,13.5,123,0
3947,2026-03-11,R4/2027,11.2053,11.25,0.8319,8.75,13.5,123,0
3949,2026-03-11,R3/2027,11.4289,11.5,0.7418,9.0,13.0,123,0
3955,2026-03-11,R8/2026,12.1843,12.25,0.5564,10.5,15.0,137,0
3953,2026-03-11,R1/2027,11.9113,12.0,0.5769,10.0,13.0,124,0
3957,2026-03-11,R7/2026,12.3534,12.25,0.4651,11.0,15.0,133,0
3961,2026-03-11,R5/2026,13.0752,13.0,0.3019,12.5,15.0,133,0
3963,2026-03-11,R4/2026,13.5789,13.5,0.2421,13.0,15.0,133,0
3965,2026-03-11,R3/2026,14.0852,14.0,0.1855,13.75,15.0,135,0
3967,2026-03-11,R2/2026,14.5611,14.5,0.1157,14.5,15.0,135,0
3951,2026-03-11,R2/2027,11.6774,11.75,0.6551,9.5,13.0,124,0
3959,2026-03-11,R6/2026,12.6372,12.5,0.3761,11.75,15.0,133,0
3913,2026-03-12,R5/2027,11.0021,11.0,0.8591,8.5,13.5,121,0
3915,2026-03-12,R4/2027,11.1963,11.25,0.8208,8.75,13.0,121,0
3911,2026-03-12,R6/2027,10.8088,10.75,0.8968,8.5,14.0,119,0
3921,2026-03-12,R1/2027,11.9057,12.0,0.5765,10.0,13.0,122,0
3907,2026-03-12,R8/2027,10.5965,10.5,0.9205,8.0,14.0,127,0
3905,2026-03-12,R1/2028,10.4818,10.5,0.9446,8.0,13.5,96,0
3909,2026-03-12,R7/2027,10.6744,10.5,0.9136,8.5,14.0,119,0
3917,2026-03-12,R3/2027,11.4236,11.5,0.7433,9.0,13.0,121,0
3925,2026-03-12,R7/2026,12.3531,12.25,0.4591,11.0,15.0,131,0
3923,2026-03-12,R8/2026,12.1778,12.0,0.5543,10.5,15.0,135,0
3935,2026-03-12,R2/2026,14.5658,14.5,0.1183,14.5,15.0,133,0
3927,2026-03-12,R6/2026,12.645,12.5,0.3693,11.75,15.0,131,0
3929,2026-03-12,R5/2026,13.0821,13.0,0.3002,12.5,15.0,131,0
3931,2026-03-12,R4/2026,13.584,13.5,0.2405,13.0,15.0,131,0
3933,2026-03-12,R3/2026,14.0883,14.0,0.1844,13.75,15.0,133,0
3919,2026-03-12,R2/2027,11.6742,11.75,0.6536,9.5,13.0,122,0
3873,2026-03-13,R1/2028,10.5472,10.5,0.9505,8.0,13.5,106,0
3875,2026-03-13,R8/2027,10.6608,10.5,0.8979,8.0,14.0,140,0
3877,2026-03-13,R7/2027,10.7617,10.625,0.928,8.5,14.0,128,0
3879,2026-03-13,R6/2027,10.9019,11.0,0.9112,8.5,14.0,130,0
3881,2026-03-13,R5/2027,11.0763,11.0,0.8747,8.5,13.5,131,0
3883,2026-03-13,R4/2027,11.2879,11.25,0.822,9.0,13.0,132,0
3885,2026-03-13,R3/2027,11.5341,11.5,0.7403,9.5,13.0,132,0
3887,2026-03-13,R2/2027,11.7838,12.0,0.6609,10.0,13.25,133,0
3889,2026-03-13,R1/2027,12.015,12.0,0.5863,10.0,13.5,133,0
3891,2026-03-13,R8/2026,12.2785,12.25,0.5583,10.5,15.0,149,0
3893,2026-03-13,R7/2026,12.4366,12.5,0.4625,11.0,15.0,146,0
3895,2026-03-13,R6/2026,12.738,12.75,0.3635,11.75,15.0,146,0
3897,2026-03-13,R5/2026,13.1798,13.25,0.3023,12.5,15.0,146,0
3899,2026-03-13,R4/2026,13.6747,13.5,0.2523,13.0,15.0,146,0
3901,2026-03-13,R3/2026,14.1752,14.25,0.205,13.75,15.0,147,0
3903,2026-03-13,R2/2026,14.6344,14.75,0.1407,14.5,15.0,147,0
3841,2026-03-16,R1/2028,10.5417,10.5,0.948,8.0,13.5,108,0
3843,2026-03-16,R8/2027,10.6596,10.5,0.8988,8.0,14.0,141,0
3845,2026-03-16,R7/2027,10.7615,10.75,0.9234,8.5,14.0,130,0
3847,2026-03-16,R6/2027,10.9046,11.0,0.9066,8.5,14.0,131,0
3849,2026-03-16,R5/2027,11.0827,11.0,0.8632,8.5,13.5,133,0
3851,2026-03-16,R4/2027,11.2951,11.25,0.8087,9.0,13.0,133,0
3853,2026-03-16,R3/2027,11.5432,11.5,0.7232,9.5,13.0,133,0
3871,2026-03-16,R2/2026,14.6412,14.75,0.1401,14.5,15.0,147,0
3857,2026-03-16,R1/2027,12.0224,12.0,0.575,10.0,13.5,134,0
3859,2026-03-16,R8/2026,12.2869,12.25,0.5559,10.5,15.0,149,0
3861,2026-03-16,R7/2026,12.4469,12.5,0.4702,11.0,15.0,146,0
3863,2026-03-16,R6/2026,12.75,12.75,0.3781,11.75,15.0,146,0
3865,2026-03-16,R5/2026,13.1918,13.25,0.3138,12.5,15.0,146,0
3867,2026-03-16,R4/2026,13.6866,13.75,0.2598,13.0,15.0,146,0
3869,2026-03-16,R3/2026,14.1854,14.25,0.2064,13.75,15.0,147,0
3855,2026-03-16,R2/2027,11.7929,12.0,0.6447,10.0,13.25,134,0
3809,2026-03-17,R1/2028,10.5841,10.5,1.0304,8.0,15.0,110,0
3811,2026-03-17,R8/2027,10.6906,10.5,0.963,8.0,15.0,143,0
3813,2026-03-17,R7/2027,10.7936,10.75,0.9874,8.5,15.0,132,0
3815,2026-03-17,R6/2027,10.9342,11.0,0.967,8.5,15.0,133,0
3817,2026-03-17,R5/2027,11.1111,11.0,0.9203,8.5,15.0,135,0
3819,2026-03-17,R4/2027,11.3222,11.25,0.8633,9.0,15.0,135,0
3821,2026-03-17,R3/2027,11.5685,11.5,0.7766,9.5,15.0,135,0
3829,2026-03-17,R7/2026,12.4507,12.5,0.4708,11.0,15.0,147,0
3825,2026-03-17,R1/2027,12.0478,12.0,0.629,10.0,15.0,136,0
3827,2026-03-17,R8/2026,12.29,12.25,0.5568,10.5,15.0,150,0
3831,2026-03-17,R6/2026,12.7534,12.75,0.3768,11.75,15.0,147,0
3833,2026-03-17,R5/2026,13.1956,13.25,0.3134,12.5,15.0,147,0
3835,2026-03-17,R4/2026,13.6905,13.75,0.2597,13.0,15.0,147,0
3837,2026-03-17,R3/2026,14.1892,14.25,0.2068,13.75,15.0,148,0
3839,2026-03-17,R2/2026,14.6436,14.75,0.1397,14.5,15.0,148,0
3823,2026-03-17,R2/2027,11.8199,12.0,0.6984,10.0,15.0,136,0
3777,2026-03-18,R1/2028,10.5841,10.5,1.0304,8.0,15.0,110,0
3779,2026-03-18,R8/2027,10.6906,10.5,0.963,8.0,15.0,143,0
3783,2026-03-18,R6/2027,10.9323,11.0,0.9661,8.5,15.0,133,0
3785,2026-03-18,R5/2027,11.1093,11.0,0.9192,8.5,15.0,135,0
3787,2026-03-18,R4/2027,11.3204,11.25,0.8621,9.0,15.0,135,0
3789,2026-03-18,R3/2027,11.5667,11.5,0.7753,9.5,15.0,135,0
3791,2026-03-18,R2/2027,11.818,12.0,0.6969,10.0,15.0,136,0
3781,2026-03-18,R7/2027,10.7917,10.75,0.9867,8.5,15.0,132,0
3795,2026-03-18,R8/2026,12.29,12.25,0.5568,10.5,15.0,150,0
3797,2026-03-18,R7/2026,12.4507,12.5,0.4708,11.0,15.0,147,0
3799,2026-03-18,R6/2026,12.7534,12.75,0.3768,11.75,15.0,147,0
3801,2026-03-18,R5/2026,13.1973,13.25,0.313,12.5,15.0,147,0
3803,2026-03-18,R4/2026,13.6922,13.75,0.2593,13.0,15.0,147,0
3805,2026-03-18,R3/2026,14.1909,14.25,0.2062,13.75,15.0,148,0
3807,2026-03-18,R2/2026,14.6453,14.75,0.1394,14.5,15.0,148,0
3793,2026-03-18,R1/2027,12.0478,12.0,0.629,10.0,15.0,136,0
3747,2026-03-19,R1/2028,10.596,10.5,1.0233,8.0,15.0,112,0
3749,2026-03-19,R8/2027,10.6945,10.5,0.9585,8.0,15.0,144,0
3751,2026-03-19,R7/2027,10.7989,10.75,0.9827,8.5,15.0,133,0
3753,2026-03-19,R6/2027,10.9459,11.0,0.9679,8.5,15.0,134,0
3755,2026-03-19,R5/2027,11.1195,11.0,0.9215,8.5,15.0,136,0
3757,2026-03-19,R4/2027,11.3309,11.25,0.8601,9.0,15.0,136,0
3759,2026-03-19,R3/2027,11.5846,11.5,0.7707,9.5,15.0,136,0
3765,2026-03-19,R8/2026,12.3113,12.25,0.5601,10.5,15.0,151,0
3763,2026-03-19,R1/2027,12.0712,12.0,0.6321,10.0,15.0,137,0
3767,2026-03-19,R7/2026,12.473,12.5,0.475,11.0,15.0,148,0
3769,2026-03-19,R6/2026,12.7787,12.75,0.3861,11.75,15.0,148,0
3771,2026-03-19,R5/2026,13.2247,13.25,0.3193,12.5,15.0,148,0
3773,2026-03-19,R4/2026,13.7179,13.75,0.2668,13.0,15.0,148,0
3775,2026-03-19,R3/2026,14.2122,14.25,0.2107,13.75,15.0,149,0
3761,2026-03-19,R2/2027,11.8394,12.0,0.6965,10.0,15.0,137,0
3721,2026-03-20,R6/2027,11.0018,11.0,1.0519,8.5,15.0,138,0
3719,2026-03-20,R7/2027,10.8613,10.75,1.0692,8.5,15.0,137,0
3723,2026-03-20,R5/2027,11.1817,11.0,0.9995,8.5,15.0,139,0
3715,2026-03-20,R1/2028,10.6774,10.5,1.1323,8.0,15.0,117,0
3713,2026-03-20,R2/2028,10.6863,10.5,1.2125,8.0,14.5,51,0
3717,2026-03-20,R8/2027,10.7501,10.5,1.0488,8.0,15.0,146,0
3725,2026-03-20,R4/2027,11.3939,11.25,0.9402,9.0,15.0,139,0
3743,2026-03-20,R3/2026,14.2808,14.25,0.2141,13.75,15.0,150,0
3729,2026-03-20,R2/2027,11.9107,12.0,0.7677,10.0,15.0,140,0
3731,2026-03-20,R1/2027,12.15,12.0,0.6917,10.0,15.0,140,0
3733,2026-03-20,R8/2026,12.398,12.5,0.6025,10.5,15.0,152,0
3735,2026-03-20,R7/2026,12.5889,12.5,0.5262,11.0,15.0,149,0
3737,2026-03-20,R6/2026,12.8993,12.75,0.4354,11.75,15.0,149,0
3739,2026-03-20,R5/2026,13.3356,13.25,0.3556,12.5,15.0,149,0
3741,2026-03-20,R4/2026,13.8104,13.75,0.2877,13.0,15.0,149,0
3727,2026-03-20,R3/2027,11.6511,11.5,0.8506,9.5,15.0,139,0
3681,2026-03-23,R2/2028,10.6682,10.5,1.1985,8.0,14.5,55,0
3683,2026-03-23,R1/2028,10.6776,10.5,1.133,8.0,14.75,114,0
3685,2026-03-23,R8/2027,10.7623,10.5,1.0404,8.0,14.75,143,0
3687,2026-03-23,R7/2027,10.8703,10.75,1.0706,8.5,14.75,133,0
3689,2026-03-23,R6/2027,11.0149,11.0,1.0522,8.5,14.75,134,0
3691,2026-03-23,R5/2027,11.1963,11.0,1.0034,8.5,14.75,135,0
3693,2026-03-23,R4/2027,11.4044,11.25,0.9403,9.0,14.75,136,0
3695,2026-03-23,R3/2027,11.6654,11.625,0.8495,9.5,14.75,136,0
3697,2026-03-23,R2/2027,11.9338,12.0,0.7659,10.0,14.75,136,0
3699,2026-03-23,R1/2027,12.1765,12.125,0.682,10.0,14.75,136,0
3701,2026-03-23,R8/2026,12.4262,12.5,0.5868,10.5,14.75,149,0
3703,2026-03-23,R7/2026,12.6164,12.5,0.512,11.0,14.75,146,0
3705,2026-03-23,R6/2026,12.9247,13.0,0.4274,11.75,14.75,146,0
3707,2026-03-23,R5/2026,13.3596,13.25,0.3511,12.5,14.75,146,0
3709,2026-03-23,R4/2026,13.8356,13.75,0.2783,13.25,14.75,146,0
3711,2026-03-23,R3/2026,14.3002,14.25,0.2034,14.0,14.75,147,0
3649,2026-03-24,R2/2028,10.6786,10.5,1.1903,8.0,14.5,56,0
3651,2026-03-24,R1/2028,10.6848,10.5,1.1282,8.0,14.75,115,0
3653,2026-03-24,R8/2027,10.7692,10.5,1.0358,8.0,14.75,144,0
3655,2026-03-24,R7/2027,10.8787,10.75,1.0645,8.5,14.75,134,0
3657,2026-03-24,R6/2027,11.0222,11.0,1.0464,8.5,14.75,135,0
3659,2026-03-24,R5/2027,11.2004,11.0,0.9981,8.5,14.75,136,0
3661,2026-03-24,R4/2027,11.4069,11.25,0.9354,9.0,14.75,137,0
3679,2026-03-24,R3/2026,14.3117,14.25,0.2068,14.0,14.75,148,0
3665,2026-03-24,R2/2027,11.9361,12.0,0.7618,10.0,14.75,137,0
3667,2026-03-24,R1/2027,12.1788,12.0,0.6774,10.0,14.75,137,0
3669,2026-03-24,R8/2026,12.435,12.5,0.5841,10.5,14.75,150,0
3671,2026-03-24,R7/2026,12.6293,12.5,0.5162,11.0,14.75,147,0
3673,2026-03-24,R6/2026,12.9388,13.0,0.436,11.75,14.75,147,0
3675,2026-03-24,R5/2026,13.3759,13.25,0.36,12.5,14.75,147,0
3677,2026-03-24,R4/2026,13.8503,13.75,0.2852,13.25,14.75,147,0
3663,2026-03-24,R3/2027,11.6661,11.5,0.8454,9.5,14.75,137,0
3627,2026-03-25,R5/2027,11.2004,11.0,0.9981,8.5,14.75,136,0
3617,2026-03-25,R2/2028,10.6786,10.5,1.1903,8.0,14.5,56,0
3619,2026-03-25,R1/2028,10.6848,10.5,1.1282,8.0,14.75,115,0
3621,2026-03-25,R8/2027,10.7692,10.5,1.0358,8.0,14.75,144,0
3623,2026-03-25,R7/2027,10.8787,10.75,1.0645,8.5,14.75,134,0
3625,2026-03-25,R6/2027,11.0222,11.0,1.0464,8.5,14.75,135,0
3629,2026-03-25,R4/2027,11.4069,11.25,0.9354,9.0,14.75,137,0
3631,2026-03-25,R3/2027,11.6661,11.5,0.8454,9.5,14.75,137,0
3633,2026-03-25,R2/2027,11.9361,12.0,0.7618,10.0,14.75,137,0
3635,2026-03-25,R1/2027,12.1788,12.0,0.6774,10.0,14.75,137,0
3637,2026-03-25,R8/2026,12.4383,12.5,0.583,10.5,14.75,150,0
3639,2026-03-25,R7/2026,12.6327,12.5,0.517,11.0,14.75,147,0
3641,2026-03-25,R6/2026,12.9422,13.0,0.4384,11.75,14.75,147,0
3643,2026-03-25,R5/2026,13.3793,13.25,0.3635,12.5,14.75,147,0
3645,2026-03-25,R4/2026,13.8537,13.75,0.2899,13.25,14.75,147,0
3647,2026-03-25,R3/2026,14.3142,14.25,0.2098,14.0,14.75,148,0
3585,2026-03-26,R2/2028,10.6721,10.5,1.1528,8.0,14.5,61,0
3587,2026-03-26,R1/2028,10.687,10.5,1.1286,8.0,14.75,115,0
3589,2026-03-26,R8/2027,10.7639,10.5,1.0358,8.0,14.75,145,0
3591,2026-03-26,R7/2027,10.8759,10.75,1.0637,8.5,14.75,135,0
3593,2026-03-26,R6/2027,11.0221,11.0,1.0452,8.5,14.75,136,0
3595,2026-03-26,R5/2027,11.2026,11.0,0.9975,8.5,14.75,137,0
3597,2026-03-26,R4/2027,11.4094,11.25,0.9364,9.0,14.75,138,0
3599,2026-03-26,R3/2027,11.6703,11.625,0.8481,9.5,14.75,138,0
3601,2026-03-26,R2/2027,11.9402,12.0,0.7665,10.0,14.75,138,0
3603,2026-03-26,R1/2027,12.1884,12.125,0.6862,10.0,14.75,138,0
3605,2026-03-26,R8/2026,12.4517,12.5,0.5984,10.5,14.75,150,0
3607,2026-03-26,R7/2026,12.6531,12.5,0.5459,11.0,14.75,147,0
3609,2026-03-26,R6/2026,12.9609,13.0,0.4608,11.75,14.75,147,0
3611,2026-03-26,R5/2026,13.398,13.25,0.3799,12.5,14.75,147,0
3613,2026-03-26,R4/2026,13.8707,13.75,0.2979,13.25,14.75,147,0
3615,2026-03-26,R3/2026,14.3294,14.25,0.2096,14.0,14.75,148,0
3553,2026-03-27,R2/2028,10.6318,10.5,1.1554,8.0,14.5,74,0
3555,2026-03-27,R1/2028,10.7185,10.5,1.1443,8.0,14.75,119,0
3557,2026-03-27,R8/2027,10.7976,10.5,1.0523,8.0,14.75,147,0
3559,2026-03-27,R7/2027,10.9112,10.75,1.0729,8.5,14.75,138,0
3561,2026-03-27,R6/2027,11.0558,11.0,1.0534,8.5,14.75,139,0
3563,2026-03-27,R5/2027,11.2482,11.0,0.9966,8.5,14.75,140,0
3565,2026-03-27,R4/2027,11.4574,11.25,0.9244,9.0,14.75,141,0
3583,2026-03-27,R3/2026,14.3667,14.5,0.2014,14.0,14.75,150,0
3569,2026-03-27,R2/2027,12.016,12.0,0.7516,10.0,14.75,141,0
3571,2026-03-27,R1/2027,12.2606,12.25,0.6841,10.0,14.75,141,0
3573,2026-03-27,R8/2026,12.5263,12.5,0.5961,11.0,14.75,152,0
3575,2026-03-27,R7/2026,12.7282,12.75,0.5518,11.5,14.75,149,0
3577,2026-03-27,R6/2026,13.0336,13.0,0.4747,12.0,14.75,149,0
3579,2026-03-27,R5/2026,13.4698,13.5,0.3874,12.75,14.75,149,0
3581,2026-03-27,R4/2026,13.9295,14.0,0.2969,13.5,14.75,149,0
3567,2026-03-27,R3/2027,11.7305,11.75,0.83,9.5,14.75,141,0
3531,2026-03-30,R5/2027,11.2717,11.0,0.9829,8.5,14.75,138,0
3521,2026-03-30,R2/2028,10.6171,10.5,1.1037,8.0,14.5,79,0
3523,2026-03-30,R1/2028,10.7436,10.5,1.1509,8.0,14.75,118,0
3525,2026-03-30,R8/2027,10.8253,10.5,1.0632,8.0,14.75,146,0
3527,2026-03-30,R7/2027,10.9338,10.75,1.069,8.5,14.75,136,0
3529,2026-03-30,R6/2027,11.0785,11.0,1.0463,8.5,14.75,137,0
3533,2026-03-30,R4/2027,11.482,11.5,0.9138,9.0,14.75,139,0
3535,2026-03-30,R3/2027,11.759,11.75,0.8226,9.5,14.75,139,0
3537,2026-03-30,R2/2027,12.045,12.0,0.7499,10.0,14.75,139,0
3539,2026-03-30,R1/2027,12.295,12.25,0.6833,10.0,14.75,139,0
3541,2026-03-30,R8/2026,12.5453,12.5,0.5851,11.0,14.75,149,0
3543,2026-03-30,R7/2026,12.7603,12.75,0.5434,11.5,14.75,146,0
3545,2026-03-30,R6/2026,13.0651,13.0,0.4691,12.0,14.75,146,0
3547,2026-03-30,R5/2026,13.5,13.5,0.3815,12.75,14.75,146,0
3549,2026-03-30,R4/2026,13.9572,14.0,0.2887,13.5,14.75,146,0
3551,2026-03-30,R3/2026,14.3887,14.5,0.1919,14.0,14.75,146,0
3489,2026-03-31,R2/2028,10.6219,10.5,1.0976,8.0,14.5,80,0
3491,2026-03-31,R1/2028,10.7436,10.5,1.1509,8.0,14.75,118,0
3493,2026-03-31,R8/2027,10.8253,10.5,1.0632,8.0,14.75,146,0
3495,2026-03-31,R7/2027,10.9338,10.75,1.069,8.5,14.75,136,0
3497,2026-03-31,R6/2027,11.0785,11.0,1.0463,8.5,14.75,137,0
3499,2026-03-31,R5/2027,11.2717,11.0,0.9829,8.5,14.75,138,0
3501,2026-03-31,R4/2027,11.482,11.5,0.9138,9.0,14.75,139,0
3503,2026-03-31,R3/2027,11.759,11.75,0.8226,9.5,14.75,139,0
3505,2026-03-31,R2/2027,12.045,12.0,0.7499,10.0,14.75,139,0
3507,2026-03-31,R1/2027,12.295,12.25,0.6833,10.0,14.75,139,0
3509,2026-03-31,R8/2026,12.5453,12.5,0.5851,11.0,14.75,149,0
3511,2026-03-31,R7/2026,12.7603,12.75,0.5434,11.5,14.75,146,0
3513,2026-03-31,R6/2026,13.0651,13.0,0.4691,12.0,14.75,146,0
3515,2026-03-31,R5/2026,13.4983,13.5,0.3821,12.75,14.75,146,0
3517,2026-03-31,R4/2026,13.9555,14.0,0.2892,13.5,14.75,146,0
3519,2026-03-31,R3/2026,14.387,14.5,0.1921,14.0,14.75,146,0
3457,2026-04-01,R2/2028,10.6389,10.5,1.1013,8.0,14.5,81,0
3459,2026-04-01,R1/2028,10.7521,10.5,1.1565,8.0,14.75,118,0
3461,2026-04-01,R8/2027,10.8339,10.5,1.068,8.0,14.75,146,0
3463,2026-04-01,R7/2027,10.9449,10.75,1.0739,8.5,14.75,136,0
3465,2026-04-01,R6/2027,11.0821,11.0,1.0477,8.5,14.75,137,0
3467,2026-04-01,R5/2027,11.2754,11.0,0.9846,8.5,14.75,138,0
3469,2026-04-01,R4/2027,11.4892,11.5,0.9189,9.0,14.75,139,0
3487,2026-04-01,R3/2026,14.3929,14.5,0.1912,14.0,14.75,147,0
3473,2026-04-01,R2/2027,12.0558,12.0,0.761,10.0,14.75,139,0
3475,2026-04-01,R1/2027,12.304,12.25,0.6941,10.0,14.75,139,0
3477,2026-04-01,R8/2026,12.5583,12.5,0.5968,11.0,14.75,150,0
3479,2026-04-01,R7/2026,12.7755,12.75,0.5538,11.5,14.75,147,0
3481,2026-04-01,R6/2026,13.0833,13.0,0.475,12.0,14.75,147,0
3483,2026-04-01,R5/2026,13.5102,13.5,0.3856,12.75,14.75,147,0
3485,2026-04-01,R4/2026,13.9643,14.0,0.2901,13.5,14.75,147,0
3471,2026-04-01,R3/2027,11.7698,11.75,0.8311,9.5,14.75,139,0
3435,2026-04-02,R5/2027,11.2899,11.0,0.9878,8.5,14.75,138,0
3425,2026-04-02,R2/2028,10.6382,10.5,1.0958,8.0,14.5,85,0
3427,2026-04-02,R1/2028,10.7669,10.5,1.1607,8.0,14.75,118,0
3429,2026-04-02,R8/2027,10.8459,10.5,1.0756,8.0,14.75,146,0
3431,2026-04-02,R7/2027,10.9596,10.75,1.0788,8.5,14.75,136,0
3433,2026-04-02,R6/2027,11.0985,11.0,1.05,8.5,14.75,137,0
3437,2026-04-02,R4/2027,11.5018,11.5,0.9231,9.0,14.75,139,0
3439,2026-04-02,R3/2027,11.7878,11.75,0.8288,9.5,14.75,139,0
3441,2026-04-02,R2/2027,12.0773,12.0,0.7597,10.0,14.75,139,0
3443,2026-04-02,R1/2027,12.3327,12.25,0.6945,10.0,14.75,139,0
3445,2026-04-02,R8/2026,12.5867,12.5,0.6041,11.0,14.75,150,0
3447,2026-04-02,R7/2026,12.8027,12.75,0.5588,11.5,14.75,147,0
3449,2026-04-02,R6/2026,13.1054,13.0,0.4773,12.0,14.75,147,0
3451,2026-04-02,R5/2026,13.5255,13.5,0.3855,12.75,14.75,147,0
3453,2026-04-02,R4/2026,13.9762,14.0,0.2877,13.5,14.75,147,0
3455,2026-04-02,R3/2026,14.4014,14.5,0.1857,14.0,14.75,147,0
3393,2026-04-06,R2/2028,10.6277,10.5,1.0542,8.0,14.5,94,0
3395,2026-04-06,R1/2028,10.7789,10.5,1.1241,8.0,14.75,121,0
3397,2026-04-06,R8/2027,10.8622,10.5,1.0535,8.5,14.75,147,0
3399,2026-04-06,R7/2027,10.971,10.75,1.059,8.5,14.75,138,0
3401,2026-04-06,R6/2027,11.1115,11.0,1.0372,8.5,14.75,139,0
3403,2026-04-06,R5/2027,11.3036,11.0,0.9823,8.5,14.75,140,0
3405,2026-04-06,R4/2027,11.5195,11.5,0.9226,9.0,14.75,141,0
3407,2026-04-06,R3/2027,11.8085,11.75,0.8319,9.5,14.75,141,0
3409,2026-04-06,R2/2027,12.0993,12.0,0.7677,10.0,14.75,141,0
3411,2026-04-06,R1/2027,12.3528,12.25,0.704,10.0,14.75,141,0
3413,2026-04-06,R8/2026,12.6159,12.5,0.6136,11.0,14.75,151,0
3415,2026-04-06,R7/2026,12.8339,12.75,0.5688,11.5,14.75,149,0
3417,2026-04-06,R6/2026,13.1393,13.0,0.4859,12.0,14.75,149,0
3419,2026-04-06,R5/2026,13.5604,13.5,0.3806,12.75,14.75,149,0
3421,2026-04-06,R4/2026,14.0067,14.0,0.2792,13.5,14.75,149,0
3423,2026-04-06,R3/2026,14.4245,14.5,0.1706,14.0,14.75,149,0
3361,2026-04-07,R2/2028,10.6342,10.5,1.0443,8.0,14.5,95,0
3363,2026-04-07,R1/2028,10.7913,10.5,1.1182,8.0,14.75,121,0
3365,2026-04-07,R8/2027,10.8699,10.5,1.0488,8.5,14.75,148,0
3367,2026-04-07,R7/2027,10.9819,10.75,1.0567,8.5,14.75,138,0
3369,2026-04-07,R6/2027,11.1223,11.0,1.0346,8.5,14.75,139,0
3371,2026-04-07,R5/2027,11.3143,11.0,0.978,8.5,14.75,140,0
3373,2026-04-07,R4/2027,11.5284,11.5,0.9178,9.0,14.75,141,0
3391,2026-04-07,R3/2026,14.43,14.5,0.1686,14.0,14.75,150,0
3377,2026-04-07,R2/2027,12.1117,12.0,0.7617,10.0,14.75,141,0
3379,2026-04-07,R1/2027,12.367,12.25,0.6967,10.0,14.75,141,0
3381,2026-04-07,R8/2026,12.6332,12.5,0.6056,11.0,14.75,152,0
3383,2026-04-07,R7/2026,12.8483,12.75,0.5649,11.5,14.75,150,0
3385,2026-04-07,R6/2026,13.15,13.0,0.4848,12.0,14.75,150,0
3387,2026-04-07,R5/2026,13.57,13.5,0.3798,12.75,14.75,150,0
3389,2026-04-07,R4/2026,14.015,14.0,0.2787,13.5,14.75,150,0
3375,2026-04-07,R3/2027,11.8191,11.75,0.8268,9.5,14.75,141,0
3339,2026-04-08,R5/2027,11.3143,11.0,0.978,8.5,14.75,140,0
3329,2026-04-08,R2/2028,10.6342,10.5,1.0443,8.0,14.5,95,0
3331,2026-04-08,R1/2028,10.7913,10.5,1.1182,8.0,14.75,121,0
3333,2026-04-08,R8/2027,10.8703,10.5,1.0487,8.5,14.75,148,0
3335,2026-04-08,R7/2027,10.9819,10.75,1.0567,8.5,14.75,138,0
3337,2026-04-08,R6/2027,11.1223,11.0,1.0346,8.5,14.75,139,0
3341,2026-04-08,R4/2027,11.5284,11.5,0.9178,9.0,14.75,141,0
3359,2026-04-08,R3/2026,14.4305,14.5,0.1682,14.0,14.75,151,0
3345,2026-04-08,R2/2027,12.1117,12.0,0.7617,10.0,14.75,141,0
3347,2026-04-08,R1/2027,12.367,12.25,0.6967,10.0,14.75,141,0
3349,2026-04-08,R8/2026,12.6324,12.5,0.6037,11.0,14.75,153,0
3351,2026-04-08,R7/2026,12.846,12.75,0.5637,11.5,14.75,151,0
3353,2026-04-08,R6/2026,13.149,13.0,0.4833,12.0,14.75,151,0
3355,2026-04-08,R5/2026,13.5695,13.5,0.3786,12.75,14.75,151,0
3357,2026-04-08,R4/2026,14.0149,14.0,0.2778,13.5,14.75,151,0
3343,2026-04-08,R3/2027,11.8191,11.75,0.8268,9.5,14.75,141,0
3297,2026-04-09,R2/2028,10.6108,10.5,1.0484,8.0,14.5,97,0
3299,2026-04-09,R1/2028,10.7831,10.5,1.1203,8.0,14.75,121,0
3301,2026-04-09,R8/2027,10.8694,10.5,1.0522,8.5,14.75,147,0
3303,2026-04-09,R7/2027,10.9818,10.75,1.0571,8.5,14.75,137,0
3305,2026-04-09,R6/2027,11.125,11.0,1.0287,8.5,14.75,138,0
3307,2026-04-09,R5/2027,11.3165,11.0,0.9729,8.5,14.75,139,0
3309,2026-04-09,R4/2027,11.5304,11.5,0.9134,9.0,14.75,140,0
3311,2026-04-09,R3/2027,11.8232,11.75,0.8235,9.5,14.75,140,0
3313,2026-04-09,R2/2027,12.1179,12.0,0.7591,10.0,14.75,140,0
3315,2026-04-09,R1/2027,12.375,12.25,0.6947,10.0,14.75,140,0
3317,2026-04-09,R8/2026,12.6414,12.5,0.6013,11.0,14.75,152,0
3319,2026-04-09,R7/2026,12.855,12.75,0.5637,11.5,14.75,150,0
3321,2026-04-09,R6/2026,13.16,13.0,0.4824,12.0,14.75,150,0
3323,2026-04-09,R5/2026,13.5783,13.5,0.3765,12.75,14.75,150,0
3325,2026-04-09,R4/2026,14.0217,14.0,0.2738,13.5,14.75,150,0
3327,2026-04-09,R3/2026,14.435,14.5,0.1618,14.0,14.75,150,0
3265,2026-04-10,R2/2028,10.604,10.5,1.0637,8.0,14.5,101,0
3267,2026-04-10,R1/2028,10.7764,10.5,1.1436,8.0,14.75,123,0
3269,2026-04-10,R8/2027,10.8693,10.5,1.0693,8.5,14.75,150,0
3271,2026-04-10,R7/2027,10.9892,10.75,1.0716,8.5,14.75,139,0
3273,2026-04-10,R6/2027,11.1393,11.0,1.0374,8.5,14.75,140,0
3275,2026-04-10,R5/2027,11.3333,11.25,0.9815,8.5,14.75,141,0
3277,2026-04-10,R4/2027,11.5511,11.5,0.9195,9.0,14.75,142,0
3295,2026-04-10,R3/2026,14.4444,14.5,0.1571,14.0,14.75,153,0
3281,2026-04-10,R2/2027,12.1408,12.0,0.7654,10.0,14.75,142,0
3283,2026-04-10,R1/2027,12.3996,12.25,0.6977,10.0,14.75,142,0
3285,2026-04-10,R8/2026,12.6661,12.5,0.6033,11.0,14.75,155,0
3287,2026-04-10,R7/2026,12.8922,13.0,0.5629,11.5,14.75,153,0
3289,2026-04-10,R6/2026,13.2042,13.0,0.4838,12.0,14.75,153,0
3291,2026-04-10,R5/2026,13.615,13.5,0.381,12.75,14.75,153,0
3293,2026-04-10,R4/2026,14.0425,14.0,0.2709,13.5,14.75,153,0
3279,2026-04-10,R3/2027,11.8433,11.75,0.8289,9.5,14.75,142,0
3243,2026-04-13,R5/2027,11.3254,11.25,0.9807,8.5,14.75,136,0
3233,2026-04-13,R2/2028,10.5956,10.5,1.0618,8.0,14.5,102,0
3235,2026-04-13,R1/2028,10.7458,10.5,1.1302,8.0,14.75,119,0
3237,2026-04-13,R8/2027,10.8631,10.55,1.0584,8.5,14.75,145,0
3239,2026-04-13,R7/2027,10.9759,10.75,1.061,8.5,14.75,135,0
3241,2026-04-13,R6/2027,11.1222,11.0,1.0287,8.5,14.75,135,0
3245,2026-04-13,R4/2027,11.5493,11.5,0.9255,9.0,14.75,137,0
3247,2026-04-13,R3/2027,11.8485,11.75,0.8384,9.5,14.75,137,0
3249,2026-04-13,R2/2027,12.1569,12.0,0.7725,10.0,14.75,137,0
3251,2026-04-13,R1/2027,12.427,12.5,0.702,10.0,14.75,137,0
3253,2026-04-13,R8/2026,12.6997,12.5,0.6027,11.0,14.75,149,0
3255,2026-04-13,R7/2026,12.9354,13.0,0.5625,11.5,14.75,147,0
3257,2026-04-13,R6/2026,13.2517,13.25,0.4866,12.0,14.75,147,0
3259,2026-04-13,R5/2026,13.6588,13.5,0.381,12.75,14.75,147,0
3261,2026-04-13,R4/2026,14.0748,14.0,0.2615,13.5,14.75,147,0
3263,2026-04-13,R3/2026,14.4626,14.5,0.1409,14.0,14.75,147,0
3201,2026-04-14,R2/2028,10.6117,10.5,1.0651,8.0,14.5,103,0
3203,2026-04-14,R1/2028,10.7625,10.5,1.1332,8.0,14.75,120,0
3205,2026-04-14,R8/2027,10.8803,10.75,1.0573,8.5,14.75,147,0
3207,2026-04-14,R7/2027,10.9945,10.75,1.0583,8.5,14.75,137,0
3209,2026-04-14,R6/2027,11.1423,11.0,1.0247,8.5,14.75,137,0
3211,2026-04-14,R5/2027,11.346,11.25,0.9745,8.5,14.75,138,0
3213,2026-04-14,R4/2027,11.5665,11.5,0.9202,9.0,14.75,139,0
3215,2026-04-14,R3/2027,11.8597,11.75,0.8338,9.5,14.75,139,0
3217,2026-04-14,R2/2027,12.1691,12.0,0.7676,10.0,14.75,139,0
3219,2026-04-14,R1/2027,12.4388,12.5,0.7,10.0,14.75,139,0
3221,2026-04-14,R8/2026,12.7086,12.5,0.6024,11.0,14.75,151,0
3223,2026-04-14,R7/2026,12.9446,13.0,0.5623,11.5,14.75,149,0
3225,2026-04-14,R6/2026,13.2617,13.25,0.4858,12.0,14.75,149,0
3227,2026-04-14,R5/2026,13.6701,13.5,0.3808,12.75,14.75,149,0
3229,2026-04-14,R4/2026,14.0822,14.0,0.2598,13.5,14.75,149,0
3231,2026-04-14,R3/2026,14.4648,14.5,0.139,14.0,14.75,149,0
3169,2026-04-15,R2/2028,10.6226,10.5,1.0736,8.0,14.5,104,0
3171,2026-04-15,R1/2028,10.7688,10.5,1.143,8.0,14.75,120,0
3173,2026-04-15,R8/2027,10.8888,10.75,1.0617,8.5,14.75,147,0
3175,2026-04-15,R7/2027,11.0055,10.75,1.0643,8.5,14.75,137,0
3177,2026-04-15,R6/2027,11.1533,11.0,1.0315,8.5,14.75,137,0
3179,2026-04-15,R5/2027,11.3569,11.25,0.9835,8.5,14.75,138,0
3181,2026-04-15,R4/2027,11.5773,11.5,0.9315,9.0,14.75,139,0
3199,2026-04-15,R3/2026,14.4664,14.5,0.1379,14.0,14.75,149,0
3185,2026-04-15,R2/2027,12.1817,12.0,0.7802,10.0,14.75,139,0
3187,2026-04-15,R1/2027,12.4532,12.5,0.7106,10.0,14.75,139,0
3189,2026-04-15,R8/2026,12.7235,12.5,0.6111,11.0,14.75,151,0
3191,2026-04-15,R7/2026,12.9581,13.0,0.5664,11.5,14.75,149,0
3193,2026-04-15,R6/2026,13.2752,13.25,0.487,12.0,14.75,149,0
3195,2026-04-15,R5/2026,13.6802,13.5,0.3806,12.75,14.75,149,0
3197,2026-04-15,R4/2026,14.0889,14.0,0.2592,13.5,14.75,149,0
3183,2026-04-15,R3/2027,11.8723,11.75,0.8473,9.5,14.75,139,0
3147,2026-04-16,R5/2027,11.3732,11.25,0.9824,8.5,14.75,136,0
3137,2026-04-16,R2/2028,10.6226,10.5,1.0736,8.0,14.5,104,0
3139,2026-04-16,R1/2028,10.7797,10.5,1.1466,8.0,14.75,118,0
3141,2026-04-16,R8/2027,10.9045,10.75,1.0661,8.5,14.75,145,0
3143,2026-04-16,R7/2027,11.0222,10.75,1.0696,8.5,14.75,135,0
3145,2026-04-16,R6/2027,11.1667,11.0,1.0364,8.5,14.75,135,0
3149,2026-04-16,R4/2027,11.5967,11.5,0.9238,9.0,14.75,137,0
3167,2026-04-16,R3/2026,14.473,14.5,0.1304,14.0,14.75,148,0
3153,2026-04-16,R2/2027,12.2044,12.0,0.7714,10.0,14.75,137,0
3155,2026-04-16,R1/2027,12.4781,12.5,0.7029,10.0,14.75,137,0
3157,2026-04-16,R8/2026,12.7467,12.75,0.6035,11.0,14.75,150,0
3159,2026-04-16,R7/2026,12.9797,13.0,0.5541,11.5,14.75,148,0
3161,2026-04-16,R6/2026,13.2922,13.25,0.4708,12.0,14.75,148,0
3163,2026-04-16,R5/2026,13.6949,13.5,0.3692,12.75,14.75,148,0
3165,2026-04-16,R4/2026,14.0997,14.0,0.2496,13.5,14.75,148,0
3151,2026-04-16,R3/2027,11.8923,11.75,0.8386,9.5,14.75,137,0
3105,2026-04-17,R2/2028,10.6451,10.5,1.088,7.0,13.75,112,0
3107,2026-04-17,R1/2028,10.7988,10.5,1.1764,7.0,14.75,123,0
3109,2026-04-17,R8/2027,10.931,11.0,1.1223,7.0,14.75,150,0
3111,2026-04-17,R7/2027,11.0496,11.0,1.1244,7.5,14.75,141,0
3113,2026-04-17,R6/2027,11.1989,11.0,1.0879,8.0,14.75,142,0
3115,2026-04-17,R5/2027,11.4161,11.25,1.0207,8.5,14.75,143,0
3117,2026-04-17,R4/2027,11.6493,11.5,0.9494,9.0,14.75,144,0
3119,2026-04-17,R3/2027,11.9601,12.0,0.8553,9.5,14.75,144,0
3121,2026-04-17,R2/2027,12.2795,12.25,0.7748,10.0,14.75,144,0
3123,2026-04-17,R1/2027,12.5608,12.5,0.6949,10.0,14.75,144,0
3125,2026-04-17,R8/2026,12.8397,13.0,0.5801,11.0,14.75,156,0
3127,2026-04-17,R7/2026,13.0552,13.0,0.5248,11.5,14.75,154,0
3129,2026-04-17,R6/2026,13.35,13.25,0.4522,12.0,14.75,155,0
3131,2026-04-17,R5/2026,13.7361,13.75,0.3487,12.75,14.75,155,0
3133,2026-04-17,R4/2026,14.129,14.25,0.226,13.5,14.75,155,0
3135,2026-04-17,R3/2026,14.4903,14.5,0.1058,14.0,14.75,155,0
3073,2026-04-20,R2/2028,10.6036,10.5,1.0545,7.0,13.5,111,0
3075,2026-04-20,R1/2028,10.7748,10.5,1.1546,7.0,14.75,121,0
3077,2026-04-20,R8/2027,10.9166,11.0,1.102,7.0,14.75,148,0
3079,2026-04-20,R7/2027,11.036,11.0,1.1065,7.5,14.75,139,0
3081,2026-04-20,R6/2027,11.1875,11.0,1.0728,8.0,14.75,140,0
3083,2026-04-20,R5/2027,11.4096,11.25,1.0072,8.5,14.75,141,0
3085,2026-04-20,R4/2027,11.6496,11.5,0.9383,9.0,14.75,142,0
3103,2026-04-20,R3/2026,14.4918,14.5,0.1047,14.0,14.75,153,0
3089,2026-04-20,R2/2027,12.2852,12.25,0.7706,10.0,14.75,142,0
3091,2026-04-20,R1/2027,12.5634,12.5,0.6948,10.0,14.75,142,0
3093,2026-04-20,R8/2026,12.849,13.0,0.5821,11.0,14.75,154,0
3095,2026-04-20,R7/2026,13.0592,13.0,0.5262,11.5,14.75,152,0
3097,2026-04-20,R6/2026,13.3513,13.25,0.4541,12.0,14.75,153,0
3099,2026-04-20,R5/2026,13.7376,13.75,0.3492,12.75,14.75,153,0
3101,2026-04-20,R4/2026,14.1307,14.25,0.227,13.5,14.75,153,0
3087,2026-04-20,R3/2027,11.9648,12.0,0.8478,9.5,14.75,142,0
3051,2026-04-22,R5/2027,11.4173,11.25,0.9963,8.5,14.75,142,0
3041,2026-04-22,R2/2028,10.6049,10.5,1.0525,7.0,13.5,112,0
3043,2026-04-22,R1/2028,10.7746,10.5,1.1521,7.0,14.75,122,0
3045,2026-04-22,R8/2027,10.9154,11.0,1.1003,7.0,14.75,149,0
3047,2026-04-22,R7/2027,11.0357,11.0,1.1034,7.5,14.75,140,0
3049,2026-04-22,R6/2027,11.1933,11.0,1.0633,8.0,14.75,141,0
3053,2026-04-22,R4/2027,11.6591,11.5,0.9258,9.0,14.75,143,0
3071,2026-04-22,R3/2026,14.4968,14.5,0.1027,14.0,14.75,154,0
3057,2026-04-22,R2/2027,12.2955,12.25,0.7588,10.0,14.75,143,0
3059,2026-04-22,R1/2027,12.5717,12.5,0.6849,10.0,14.75,143,0
3061,2026-04-22,R8/2026,12.8581,13.0,0.5708,11.0,14.75,155,0
3063,2026-04-22,R7/2026,13.0784,13.0,0.5077,11.5,14.75,153,0
3065,2026-04-22,R6/2026,13.3701,13.25,0.4379,12.0,14.75,154,0
3067,2026-04-22,R5/2026,13.7555,13.75,0.3334,12.75,14.75,154,0
3069,2026-04-22,R4/2026,14.1429,14.25,0.2167,13.5,14.75,154,0
3055,2026-04-22,R3/2027,11.9755,12.0,0.8338,9.5,14.75,143,0
3009,2026-04-23,R2/2028,10.6084,10.5,1.059,7.0,13.5,113,0
3011,2026-04-23,R1/2028,10.7805,10.5,1.1589,7.0,14.75,123,0
3013,2026-04-23,R8/2027,10.9356,11.0,1.1213,7.0,14.75,149,0
3015,2026-04-23,R7/2027,11.0514,11.0,1.1234,7.5,14.75,141,0
3017,2026-04-23,R6/2027,11.2077,11.0,1.0853,8.0,14.75,142,0
3019,2026-04-23,R5/2027,11.4301,11.25,1.0205,8.5,14.75,143,0
3021,2026-04-23,R4/2027,11.6766,11.5,0.9552,9.0,14.75,143,0
3023,2026-04-23,R3/2027,11.9895,12.0,0.8578,9.5,14.75,143,0
3027,2026-04-23,R1/2027,12.5787,12.5,0.6955,10.0,14.75,143,0
3029,2026-04-23,R8/2026,12.8597,13.0,0.5786,11.0,14.75,155,0
3031,2026-04-23,R7/2026,13.085,13.0,0.509,11.5,14.75,153,0
3033,2026-04-23,R6/2026,13.3766,13.25,0.4398,12.0,14.75,154,0
3035,2026-04-23,R5/2026,13.7588,13.75,0.3345,12.75,14.75,154,0
3037,2026-04-23,R4/2026,14.1429,14.25,0.2167,13.5,14.75,154,0
3039,2026-04-23,R3/2026,14.4968,14.5,0.1027,14.0,14.75,154,0
3025,2026-04-23,R2/2027,12.3059,12.5,0.7763,10.0,14.75,143,0
2977,2026-04-24,R2/2028,10.6487,10.5,1.0443,7.0,13.5,116,0
2987,2026-04-24,R5/2027,11.5052,11.5,1.008,8.5,14.75,143,0
2979,2026-04-24,R1/2028,10.8049,10.75,1.1233,7.0,14.75,123,0
2981,2026-04-24,R8/2027,10.9993,11.0,1.1108,7.0,14.75,150,0
2983,2026-04-24,R7/2027,11.1082,11.0,1.1018,7.5,14.75,141,0
2985,2026-04-24,R6/2027,11.2817,11.25,1.0763,8.0,14.75,142,0
2989,2026-04-24,R4/2027,11.757,11.75,0.9368,9.0,14.75,143,0
3005,2026-04-24,R4/2026,14.164,14.25,0.2022,13.5,14.75,154,0
2993,2026-04-24,R2/2027,12.3881,12.5,0.7518,10.0,14.75,143,0
2995,2026-04-24,R1/2027,12.6608,12.75,0.6777,10.0,14.75,143,0
2997,2026-04-24,R8/2026,12.9226,13.0,0.5768,11.0,14.75,155,0
2999,2026-04-24,R7/2026,13.1569,13.25,0.495,11.5,14.75,153,0
3001,2026-04-24,R6/2026,13.4286,13.5,0.428,12.0,14.75,154,0
3003,2026-04-24,R5/2026,13.7961,13.75,0.3222,12.75,14.75,154,0
3007,2026-04-24,R3/2026,14.5032,14.5,0.0854,14.25,14.75,154,0
2991,2026-04-24,R3/2027,12.0699,12.0,0.838,9.5,14.75,143,0
2945,2026-04-27,R2/2028,10.6466,10.5,1.0448,7.0,13.5,116,0
2947,2026-04-27,R1/2028,10.8069,10.75,1.122,7.0,14.75,123,0
2949,2026-04-27,R8/2027,10.999,11.0,1.1076,7.0,14.75,151,0
2951,2026-04-27,R7/2027,11.1127,11.0,1.0976,7.5,14.75,142,0
2953,2026-04-27,R6/2027,11.2867,11.25,1.0742,8.0,14.75,143,0
2955,2026-04-27,R5/2027,11.5104,11.5,1.0082,8.5,14.75,144,0
2957,2026-04-27,R4/2027,11.7639,11.75,0.9344,9.0,14.75,144,0
2959,2026-04-27,R3/2027,12.0747,12.0,0.8349,9.5,14.75,144,0
2961,2026-04-27,R2/2027,12.3924,12.5,0.7475,10.0,14.75,144,0
2963,2026-04-27,R1/2027,12.6649,12.75,0.6739,10.0,14.75,144,0
2965,2026-04-27,R8/2026,12.9279,13.0,0.5725,11.0,14.75,156,0
2967,2026-04-27,R7/2026,13.1623,13.25,0.4923,11.5,14.75,154,0
2969,2026-04-27,R6/2026,13.4371,13.5,0.4265,12.0,14.75,155,0
2971,2026-04-27,R5/2026,13.799,13.75,0.3219,12.75,14.75,155,0
2973,2026-04-27,R4/2026,14.1645,14.25,0.2017,13.5,14.75,155,0
2975,2026-04-27,R3/2026,14.5032,14.5,0.0851,14.25,14.75,155,0
2913,2026-04-28,R2/2028,10.6466,10.5,1.0448,7.0,13.5,116,0
2915,2026-04-28,R1/2028,10.8069,10.75,1.122,7.0,14.75,123,0
2917,2026-04-28,R8/2027,11.0023,11.0,1.1069,7.0,14.75,151,0
2919,2026-04-28,R7/2027,11.1127,11.0,1.0976,7.5,14.75,142,0
2921,2026-04-28,R6/2027,11.2867,11.25,1.0742,8.0,14.75,143,0
2923,2026-04-28,R5/2027,11.5104,11.5,1.0082,8.5,14.75,144,0
2925,2026-04-28,R4/2027,11.7639,11.75,0.9344,9.0,14.75,144,0
2943,2026-04-28,R3/2026,14.5032,14.5,0.0851,14.25,14.75,155,0
2929,2026-04-28,R2/2027,12.3924,12.5,0.7475,10.0,14.75,144,0
2931,2026-04-28,R1/2027,12.6649,12.75,0.6739,10.0,14.75,144,0
2933,2026-04-28,R8/2026,12.9327,13.0,0.5699,11.0,14.75,156,0
2935,2026-04-28,R7/2026,13.1623,13.25,0.4923,11.5,14.75,154,0
2937,2026-04-28,R6/2026,13.4371,13.5,0.4265,12.0,14.75,155,0
2939,2026-04-28,R5/2026,13.799,13.75,0.3219,12.75,14.75,155,0
2941,2026-04-28,R4/2026,14.1645,14.25,0.2017,13.5,14.75,155,0
2927,2026-04-28,R3/2027,12.0747,12.0,0.8349,9.5,14.75,144,0
2891,2026-04-29,R5/2027,11.5069,11.5,1.0056,8.5,14.75,145,0
2881,2026-04-29,R2/2028,10.6466,10.5,1.0448,7.0,13.5,116,0
2883,2026-04-29,R1/2028,10.8069,10.75,1.122,7.0,14.75,123,0
2885,2026-04-29,R8/2027,10.999,11.0,1.104,7.0,14.75,152,0
2887,2026-04-29,R7/2027,11.1084,11.0,1.095,7.5,14.75,143,0
2889,2026-04-29,R6/2027,11.2813,11.25,1.0724,8.0,14.75,144,0
2893,2026-04-29,R4/2027,11.7621,11.75,0.9314,9.0,14.75,145,0
2897,2026-04-29,R2/2027,12.3931,12.5,0.745,10.0,14.75,145,0
2899,2026-04-29,R1/2027,12.6638,12.75,0.6717,10.0,14.75,145,0
2901,2026-04-29,R8/2026,12.9299,13.0,0.5691,11.0,14.75,157,0
2903,2026-04-29,R7/2026,13.1613,13.25,0.4908,11.5,14.75,155,0
2905,2026-04-29,R6/2026,13.4375,13.5,0.4252,12.0,14.75,156,0
2907,2026-04-29,R5/2026,13.8003,13.875,0.3213,12.75,14.75,156,0
2909,2026-04-29,R4/2026,14.1651,14.25,0.2012,13.5,14.75,156,0
2895,2026-04-29,R3/2027,12.0741,12.0,0.8321,9.5,14.75,145,0
2911,2026-04-29,R3/2026,14.5032,14.5,0.0849,14.25,14.75,156,0
2855,2026-04-30,R8/2027,11.0371,11.0,1.1001,7.0,14.5,151,0
2851,2026-04-30,R2/2028,10.6746,10.5,1.0335,7.0,13.5,116,0
2853,2026-04-30,R1/2028,10.8381,10.75,1.1139,7.0,14.5,122,0
2857,2026-04-30,R7/2027,11.1312,11.0,1.0934,7.5,14.5,141,0
2859,2026-04-30,R6/2027,11.3011,11.25,1.0724,8.0,14.5,142,0
2861,2026-04-30,R5/2027,11.521,11.5,1.0072,8.5,14.5,143,0
2863,2026-04-30,R4/2027,11.778,11.75,0.9345,9.0,14.5,143,0
2865,2026-04-30,R3/2027,12.0857,12.0,0.8363,9.5,14.5,143,0
2867,2026-04-30,R2/2027,12.4108,12.5,0.7417,10.0,14.5,143,0
2869,2026-04-30,R1/2027,12.6906,12.75,0.6663,10.0,14.5,143,0
2871,2026-04-30,R8/2026,12.9694,13.0,0.5753,11.0,14.5,155,0
2873,2026-04-30,R7/2026,13.2062,13.25,0.487,11.5,14.75,154,0
2875,2026-04-30,R6/2026,13.4839,13.5,0.4083,12.0,14.75,155,0
2877,2026-04-30,R5/2026,13.8329,14.0,0.3038,12.75,14.75,155,0
2879,2026-04-30,R4/2026,14.1807,14.25,0.183,13.5,14.75,155,0
2819,2026-05-04,R2/2028,10.7004,10.5,1.0465,7.0,13.5,116,0
2821,2026-05-04,R1/2028,10.8648,10.75,1.1204,7.0,14.5,122,0
2823,2026-05-04,R8/2027,11.0657,11.0,1.1003,7.0,14.5,150,0
2825,2026-05-04,R7/2027,11.1661,11.0,1.0965,7.5,14.5,140,0
2827,2026-05-04,R6/2027,11.3404,11.5,1.0749,8.0,14.5,141,0
2829,2026-05-04,R5/2027,11.5634,11.5,1.0033,8.5,14.5,142,0
2831,2026-05-04,R4/2027,11.8239,12.0,0.923,9.0,14.5,142,0
2847,2026-05-04,R4/2026,14.1765,14.25,0.1664,13.5,14.5,153,0
2835,2026-05-04,R2/2027,12.4401,12.5,0.7267,10.0,14.5,142,0
2837,2026-05-04,R1/2027,12.7095,12.75,0.6505,10.0,14.5,142,0
2839,2026-05-04,R8/2026,12.9804,13.0,0.559,11.0,14.5,153,0
2841,2026-05-04,R7/2026,13.2105,13.25,0.4616,11.5,14.5,152,0
2843,2026-05-04,R6/2026,13.4902,13.5,0.3855,12.0,14.5,153,0
2845,2026-05-04,R5/2026,13.8356,14.0,0.2837,12.75,14.5,153,0
2833,2026-05-04,R3/2027,12.125,12.0,0.8232,9.5,14.5,142,0
2795,2026-05-05,R6/2027,11.368,11.5,1.0725,8.0,14.5,142,0
2793,2026-05-05,R7/2027,11.1933,11.25,1.0929,7.5,14.5,141,0
2797,2026-05-05,R5/2027,11.5909,11.75,1.0011,8.5,14.5,143,0
2789,2026-05-05,R1/2028,10.8923,10.75,1.1203,7.0,14.5,123,0
2787,2026-05-05,R2/2028,10.7286,10.5,1.0513,7.0,13.5,117,0
2791,2026-05-05,R8/2027,11.0884,11.0,1.0966,7.0,14.5,151,0
2799,2026-05-05,R4/2027,11.8479,12.0,0.9241,9.0,14.5,143,0
2801,2026-05-05,R3/2027,12.1416,12.25,0.8228,9.5,14.5,143,0
2803,2026-05-05,R2/2027,12.451,12.5,0.7256,10.0,14.5,143,0
2805,2026-05-05,R1/2027,12.7168,12.75,0.6479,10.0,14.5,143,0
2807,2026-05-05,R8/2026,12.9805,13.0,0.5587,11.0,14.5,154,0
2809,2026-05-05,R7/2026,13.2157,13.25,0.4609,11.5,14.5,153,0
2811,2026-05-05,R6/2026,13.4984,13.5,0.3817,12.0,14.5,154,0
2813,2026-05-05,R5/2026,13.8432,14.0,0.2781,12.75,14.5,154,0
2815,2026-05-05,R4/2026,14.1818,14.25,0.1619,13.5,14.5,154,0
2755,2026-05-06,R2/2028,10.7372,10.5,1.0402,7.0,13.5,117,0
2757,2026-05-06,R1/2028,10.9045,11.0,1.1146,7.0,14.5,123,0
2759,2026-05-06,R8/2027,11.0917,11.0,1.1031,7.0,14.5,151,0
2761,2026-05-06,R7/2027,11.2092,11.25,1.0955,7.5,14.5,141,0
2763,2026-05-06,R6/2027,11.3856,11.5,1.0786,8.0,14.5,142,0
2765,2026-05-06,R5/2027,11.6066,11.75,1.0093,8.5,14.5,143,0
2767,2026-05-06,R4/2027,11.8619,12.0,0.9339,9.0,14.5,143,0
2771,2026-05-06,R2/2027,12.458,12.5,0.7308,10.0,14.5,143,0
2773,2026-05-06,R1/2027,12.7238,12.75,0.6509,10.0,14.5,143,0
2775,2026-05-06,R8/2026,12.9854,13.0,0.5592,11.0,14.5,154,0
2777,2026-05-06,R7/2026,13.2239,13.25,0.4575,11.5,14.5,153,0
2779,2026-05-06,R6/2026,13.5081,13.625,0.3784,12.0,14.5,154,0
2781,2026-05-06,R5/2026,13.8513,14.0,0.2775,12.75,14.5,154,0
2783,2026-05-06,R4/2026,14.1867,14.25,0.1626,13.5,14.5,154,0
2769,2026-05-06,R3/2027,12.1521,12.25,0.8305,9.5,14.5,143,0
2733,2026-05-07,R5/2027,11.6133,11.75,1.0215,8.5,14.5,139,0
2723,2026-05-07,R2/2028,10.761,10.5,1.0463,7.0,13.5,114,0
2725,2026-05-07,R1/2028,10.916,11.0,1.1233,7.0,14.5,119,0
2727,2026-05-07,R8/2027,11.1027,11.0,1.1112,7.0,14.5,147,0
2729,2026-05-07,R7/2027,11.2208,11.25,1.1066,7.5,14.5,137,0
2731,2026-05-07,R6/2027,11.3949,11.5,1.0917,8.0,14.5,138,0
2735,2026-05-07,R4/2027,11.8669,12.0,0.9442,9.0,14.5,139,0
2751,2026-05-07,R4/2026,14.1917,14.25,0.1618,13.5,14.5,150,0
2739,2026-05-07,R2/2027,12.4622,12.5,0.7339,10.0,14.5,139,0
2741,2026-05-07,R1/2027,12.7302,13.0,0.6536,10.0,14.5,139,0
2743,2026-05-07,R8/2026,12.9933,13.0,0.5605,11.0,14.5,150,0
2745,2026-05-07,R7/2026,13.2332,13.25,0.4577,11.5,14.5,149,0
2747,2026-05-07,R6/2026,13.5183,13.75,0.3787,12.0,14.5,150,0
2749,2026-05-07,R5/2026,13.8607,14.0,0.2751,12.75,14.5,150,0
2737,2026-05-07,R3/2027,12.1565,12.25,0.8377,9.5,14.5,139,0
2699,2026-05-08,R6/2027,11.4701,11.5,1.0433,8.0,14.5,142,0
2689,2026-05-08,R3/2028,10.7621,10.625,1.0095,8.0,13.5,62,0
2691,2026-05-08,R2/2028,10.8642,11.0,1.0491,7.0,13.5,116,0
2693,2026-05-08,R1/2028,11.0145,11.0,1.1061,7.0,14.5,121,0
2695,2026-05-08,R8/2027,11.159,11.25,1.0742,7.0,14.5,150,0
2697,2026-05-08,R7/2027,11.2855,11.5,1.0605,7.5,14.5,141,0
2703,2026-05-08,R4/2027,11.9454,12.0,0.935,9.0,14.5,142,0
2701,2026-05-08,R5/2027,11.6919,11.75,0.9954,8.5,14.5,142,0
2707,2026-05-08,R2/2027,12.544,12.625,0.7443,10.0,14.5,142,0
2709,2026-05-08,R1/2027,12.8046,13.0,0.6528,10.5,14.5,142,0
2711,2026-05-08,R8/2026,13.0552,13.0,0.5628,11.0,14.5,154,0
2713,2026-05-08,R7/2026,13.3007,13.5,0.4585,11.5,14.5,153,0
2715,2026-05-08,R6/2026,13.5763,13.75,0.3619,12.0,14.5,154,0
2717,2026-05-08,R5/2026,13.8984,14.0,0.2432,12.75,14.5,154,0
2705,2026-05-08,R3/2027,12.2377,12.5,0.8378,9.5,14.5,142,0
2719,2026-05-08,R4/2026,14.2143,14.25,0.1379,13.5,14.5,154,0
2661,2026-05-11,R1/2028,11.0186,11.0,1.1051,7.0,14.5,121,0
2657,2026-05-11,R3/2028,10.7659,10.75,1.0019,8.0,13.5,63,0
2659,2026-05-11,R2/2028,10.8685,11.0,1.0486,7.0,13.5,116,0
2663,2026-05-11,R8/2027,11.1567,11.25,1.0743,7.0,14.5,149,0
2665,2026-05-11,R7/2027,11.2804,11.375,1.0583,7.5,14.5,140,0
2667,2026-05-11,R6/2027,11.4628,11.5,1.0382,8.0,14.5,141,0
2669,2026-05-11,R5/2027,11.6879,11.75,0.993,8.5,14.5,141,0
2671,2026-05-11,R4/2027,11.9415,12.0,0.9333,9.0,14.5,141,0
2673,2026-05-11,R3/2027,12.2358,12.5,0.8373,9.5,14.5,141,0
2675,2026-05-11,R2/2027,12.5426,12.5,0.7455,10.0,14.5,141,0
2677,2026-05-11,R1/2027,12.805,13.0,0.6551,10.5,14.5,141,0
2679,2026-05-11,R8/2026,13.0556,13.0,0.5654,11.0,14.5,153,0
2681,2026-05-11,R7/2026,13.301,13.5,0.4618,11.5,14.5,152,0
2683,2026-05-11,R6/2026,13.5768,13.75,0.363,12.0,14.5,153,0
2685,2026-05-11,R5/2026,13.8993,14.0,0.2386,12.75,14.5,153,0
2687,2026-05-11,R4/2026,14.2173,14.25,0.142,13.5,14.75,153,0
2625,2026-05-12,R3/2028,10.7692,10.75,1.006,8.0,13.5,65,0
2627,2026-05-12,R2/2028,10.8782,11.0,1.0493,7.0,13.5,117,0
2629,2026-05-12,R1/2028,11.0266,11.0,1.1041,7.0,14.5,122,0
2631,2026-05-12,R8/2027,11.164,11.25,1.0744,7.0,14.5,150,0
2633,2026-05-12,R7/2027,11.289,11.5,1.0595,7.5,14.5,141,0
2635,2026-05-12,R6/2027,11.4718,11.5,1.0402,8.0,14.5,142,0
2637,2026-05-12,R5/2027,11.6972,11.75,0.9955,8.5,14.5,142,0
2655,2026-05-12,R4/2026,14.2175,14.25,0.1416,13.5,14.75,154,0
2641,2026-05-12,R3/2027,12.2447,12.5,0.841,9.5,14.5,142,0
2643,2026-05-12,R2/2027,12.5511,12.625,0.7497,10.0,14.5,142,0
2645,2026-05-12,R1/2027,12.8134,13.0,0.6564,10.5,14.5,142,0
2647,2026-05-12,R8/2026,13.0633,13.0,0.5645,11.0,14.5,154,0
2649,2026-05-12,R7/2026,13.3088,13.5,0.4598,11.5,14.5,153,0
2651,2026-05-12,R6/2026,13.5812,13.75,0.3614,12.0,14.5,154,0
2653,2026-05-12,R5/2026,13.9016,14.0,0.2378,12.75,14.5,154,0
2639,2026-05-12,R4/2027,11.9507,12.0,0.9365,9.0,14.5,142,0
2601,2026-05-13,R7/2027,11.3032,11.5,1.0597,7.5,14.5,141,0
2599,2026-05-13,R8/2027,11.1757,11.25,1.0751,7.0,14.5,150,0
2605,2026-05-13,R5/2027,11.713,11.875,0.9907,8.5,14.5,142,0
2595,2026-05-13,R2/2028,10.8922,11.0,1.0567,7.0,13.5,116,0
2593,2026-05-13,R3/2028,10.7941,10.75,0.9944,8.0,13.5,68,0
2597,2026-05-13,R1/2028,11.0393,11.0,1.1111,7.0,14.5,121,0
2607,2026-05-13,R4/2027,11.9701,12.0,0.93,9.0,14.5,142,0
2603,2026-05-13,R6/2027,11.4859,11.5,1.0371,8.0,14.5,142,0
2611,2026-05-13,R2/2027,12.5704,12.75,0.7461,10.0,14.5,142,0
2621,2026-05-13,R5/2026,13.9032,14.0,0.2376,12.75,14.5,154,0
2619,2026-05-13,R6/2026,13.5844,13.75,0.3617,12.0,14.5,154,0
2617,2026-05-13,R7/2026,13.317,13.5,0.46,11.5,14.5,153,0
2609,2026-05-13,R3/2027,12.2658,12.5,0.8367,9.5,14.5,142,0
2613,2026-05-13,R1/2027,12.8292,13.0,0.6557,10.5,14.5,142,0
2623,2026-05-13,R4/2026,14.2192,14.25,0.1405,13.5,14.75,154,0
2615,2026-05-13,R8/2026,13.0698,13.0,0.5637,11.0,14.5,154,0
2561,2026-05-14,R3/2028,10.7804,10.75,0.9848,8.0,13.5,70,0
2563,2026-05-14,R2/2028,10.8898,11.0,1.0484,7.0,13.5,118,0
2565,2026-05-14,R1/2028,11.0386,11.0,1.102,7.0,14.5,123,0
2567,2026-05-14,R8/2027,11.1762,11.25,1.0715,7.0,14.5,151,0
2569,2026-05-14,R7/2027,11.3046,11.5,1.0561,7.5,14.5,142,0
2573,2026-05-14,R5/2027,11.7133,11.75,0.9872,8.5,14.5,143,0
2575,2026-05-14,R4/2027,11.9703,12.0,0.9267,9.0,14.5,143,0
2571,2026-05-14,R6/2027,11.486,11.5,1.0334,8.0,14.5,143,0
2579,2026-05-14,R2/2027,12.5708,12.75,0.7435,10.0,14.5,143,0
2581,2026-05-14,R1/2027,12.8304,13.0,0.6535,10.5,14.5,143,0
2583,2026-05-14,R8/2026,13.0694,13.0,0.5619,11.0,14.5,155,0
2585,2026-05-14,R7/2026,13.3182,13.5,0.4587,11.5,14.5,154,0
2587,2026-05-14,R6/2026,13.5855,13.75,0.3608,12.0,14.5,155,0
2589,2026-05-14,R5/2026,13.9039,14.0,0.237,12.75,14.5,155,0
2591,2026-05-14,R4/2026,14.2194,14.25,0.1401,13.5,14.75,155,0
2577,2026-05-14,R3/2027,12.2675,12.5,0.834,9.5,14.5,143,0
2539,2026-05-15,R6/2027,11.5156,11.75,1.0224,8.0,14.5,144,0
2529,2026-05-15,R3/2028,10.7648,10.75,1.0012,8.0,13.5,76,0
2531,2026-05-15,R2/2028,10.8813,11.0,1.0733,7.0,13.5,120,0
2533,2026-05-15,R1/2028,11.0544,11.0,1.1088,7.0,14.5,124,0
2535,2026-05-15,R8/2027,11.198,11.25,1.0794,7.0,14.5,152,0
2537,2026-05-15,R7/2027,11.3287,11.5,1.0588,7.5,14.5,143,0
2541,2026-05-15,R5/2027,11.75,12.0,0.957,9.0,14.5,144,0
2555,2026-05-15,R6/2026,13.6122,13.75,0.34,12.5,14.5,156,0
2545,2026-05-15,R3/2027,12.3073,12.5,0.7942,10.0,14.5,144,0
2547,2026-05-15,R2/2027,12.6155,12.75,0.7027,10.0,14.5,144,0
2549,2026-05-15,R1/2027,12.875,13.0,0.6173,10.5,14.5,144,0
2551,2026-05-15,R8/2026,13.1106,13.25,0.5373,11.0,14.5,156,0
2553,2026-05-15,R7/2026,13.35,13.5,0.4432,11.75,14.5,155,0
2557,2026-05-15,R5/2026,13.9189,14.0,0.2163,13.25,14.5,156,0
2559,2026-05-15,R4/2026,14.2276,14.25,0.1246,13.75,14.75,156,0
2543,2026-05-15,R4/2027,12.0087,12.0,0.8885,10.0,14.5,144,0
2497,2026-05-18,R3/2028,10.7648,10.75,1.0012,8.0,13.5,76,0
2499,2026-05-18,R2/2028,10.9418,11.0,1.0056,8.0,13.5,116,0
2501,2026-05-18,R1/2028,11.1176,11.0,1.0406,8.0,14.5,119,0
2503,2026-05-18,R8/2027,11.249,11.25,1.019,8.5,14.5,145,0
2505,2026-05-18,R7/2027,11.3814,11.5,0.9955,8.5,14.5,137,0
2509,2026-05-18,R5/2027,11.7935,12.0,0.9222,9.75,14.5,138,0
2507,2026-05-18,R6/2027,11.5707,11.75,0.9621,9.0,14.5,138,0
2511,2026-05-18,R4/2027,12.0435,12.125,0.8759,10.0,14.5,138,0
2515,2026-05-18,R2/2027,12.6313,12.75,0.7097,10.0,14.5,138,0
2517,2026-05-18,R1/2027,12.8859,13.0,0.6235,10.5,14.5,138,0
2519,2026-05-18,R8/2026,13.1199,13.25,0.5425,11.0,14.5,148,0
2521,2026-05-18,R7/2026,13.3588,13.5,0.448,11.75,14.5,147,0
2523,2026-05-18,R6/2026,13.6173,13.75,0.3442,12.5,14.5,147,0
2525,2026-05-18,R5/2026,13.919,14.0,0.217,13.25,14.5,147,0
2527,2026-05-18,R4/2026,14.2279,14.25,0.12,13.75,14.75,147,0
2513,2026-05-18,R3/2027,12.3315,12.5,0.7935,10.0,14.5,138,0
2467,2026-05-19,R2/2028,10.9526,11.0,1.0101,8.0,13.5,116,0
2469,2026-05-19,R1/2028,11.1261,11.0,1.0436,8.0,14.5,119,0
2471,2026-05-19,R8/2027,11.2593,11.25,1.0207,8.5,14.5,145,0
2473,2026-05-19,R7/2027,11.3923,11.5,0.9981,8.5,14.5,137,0
2475,2026-05-19,R6/2027,11.5815,11.75,0.9655,9.0,14.5,138,0
2477,2026-05-19,R5/2027,11.8043,12.0,0.926,9.75,14.5,138,0
2479,2026-05-19,R4/2027,12.0562,12.25,0.8811,10.0,14.5,138,0
2465,2026-05-19,R3/2028,10.7845,10.75,1.0106,8.0,13.5,76,0
2483,2026-05-19,R2/2027,12.6458,12.75,0.7164,10.0,14.5,138,0
2485,2026-05-19,R1/2027,12.8986,13.0,0.6289,10.5,14.5,138,0
2487,2026-05-19,R8/2026,13.1318,13.25,0.5471,11.0,14.5,148,0
2489,2026-05-19,R7/2026,13.3656,13.5,0.4501,11.75,14.5,147,0
2491,2026-05-19,R6/2026,13.6224,13.75,0.3443,12.5,14.5,147,0
2493,2026-05-19,R5/2026,13.9207,14.0,0.2166,13.25,14.5,147,0
2495,2026-05-19,R4/2026,14.2279,14.25,0.12,13.75,14.75,147,0
2481,2026-05-19,R3/2027,12.346,12.5,0.8004,10.0,14.5,138,0
2433,2026-05-20,R3/2028,10.7845,10.75,1.0106,8.0,13.5,76,0
2435,2026-05-20,R2/2028,10.9526,11.0,1.0101,8.0,13.5,116,0
2437,2026-05-20,R1/2028,11.1261,11.0,1.0436,8.0,14.5,119,0
2439,2026-05-20,R8/2027,11.2593,11.25,1.0207,8.5,14.5,145,0
2441,2026-05-20,R7/2027,11.3923,11.5,0.9981,8.5,14.5,137,0
2443,2026-05-20,R6/2027,11.5815,11.75,0.9655,9.0,14.5,138,0
2445,2026-05-20,R5/2027,11.8043,12.0,0.926,9.75,14.5,138,0
2447,2026-05-20,R4/2027,12.0562,12.25,0.8811,10.0,14.5,138,0
2451,2026-05-20,R2/2027,12.6458,12.75,0.7164,10.0,14.5,138,0
2453,2026-05-20,R1/2027,12.8986,13.0,0.6289,10.5,14.5,138,0
2455,2026-05-20,R8/2026,13.1318,13.25,0.5471,11.0,14.5,148,0
2457,2026-05-20,R7/2026,13.3656,13.5,0.4501,11.75,14.5,147,0
2459,2026-05-20,R6/2026,13.6224,13.75,0.3443,12.5,14.5,147,0
2461,2026-05-20,R5/2026,13.919,14.0,0.215,13.25,14.5,147,0
2463,2026-05-20,R4/2026,14.2262,14.25,0.1179,13.75,14.75,147,0
2449,2026-05-20,R3/2027,12.346,12.5,0.8004,10.0,14.5,138,0
2401,2026-05-21,R3/2028,10.7706,10.75,1.0003,8.0,13.5,79,0
2403,2026-05-21,R2/2028,10.9518,11.0,1.0103,8.0,13.5,114,0
2405,2026-05-21,R1/2028,11.1218,11.0,1.0488,8.0,14.5,117,0
2407,2026-05-21,R8/2027,11.2559,11.25,1.0257,8.5,14.5,143,0
2409,2026-05-21,R7/2027,11.3926,11.5,1.0035,8.5,14.5,135,0
2411,2026-05-21,R6/2027,11.5827,11.75,0.9725,9.0,14.5,136,0
2413,2026-05-21,R5/2027,11.8051,12.0,0.9338,9.75,14.5,136,0
2415,2026-05-21,R4/2027,12.0588,12.25,0.8902,10.0,14.5,136,0
2419,2026-05-21,R2/2027,12.6498,12.75,0.7246,10.0,14.5,136,0
2431,2026-05-21,R4/2026,14.2259,14.25,0.1186,13.75,14.75,145,0
2429,2026-05-21,R5/2026,13.9197,14.0,0.2159,13.25,14.5,145,0
2427,2026-05-21,R6/2026,13.6241,13.75,0.3463,12.5,14.5,145,0
2417,2026-05-21,R3/2027,12.3493,12.5,0.8103,10.0,14.5,136,0
2423,2026-05-21,R8/2026,13.1353,13.25,0.5514,11.0,14.5,146,0
2421,2026-05-21,R1/2027,12.9026,13.0,0.6353,10.5,14.5,136,0
2425,2026-05-21,R7/2026,13.3672,13.5,0.453,11.75,14.5,145,0
2369,2026-05-22,R3/2028,10.8725,10.75,1.0829,8.0,14.0,99,0
2371,2026-05-22,R2/2028,11.0413,11.0,1.0357,8.0,14.0,121,0
2373,2026-05-22,R1/2028,11.2177,11.125,1.0625,8.0,14.5,124,0
2375,2026-05-22,R8/2027,11.349,11.25,1.0416,8.5,14.5,150,0
2377,2026-05-22,R7/2027,11.5052,11.5,1.0282,8.5,14.5,143,0
2381,2026-05-22,R5/2027,11.9248,12.0,0.9599,9.75,14.5,143,0
2383,2026-05-22,R4/2027,12.1993,12.25,0.9173,10.0,14.5,143,0
2379,2026-05-22,R6/2027,11.6923,11.75,0.995,9.0,14.5,143,0
2387,2026-05-22,R2/2027,12.7806,12.75,0.7386,10.0,14.5,143,0
2389,2026-05-22,R1/2027,13.0227,13.0,0.6429,10.5,14.5,143,0
2391,2026-05-22,R8/2026,13.2404,13.25,0.5561,11.0,14.5,156,0
2393,2026-05-22,R7/2026,13.4532,13.5,0.4397,11.75,14.5,155,0
2395,2026-05-22,R6/2026,13.6903,13.75,0.3214,12.5,14.5,155,0
2397,2026-05-22,R5/2026,13.9571,14.0,0.1974,13.25,14.5,155,0
2399,2026-05-22,R4/2026,14.2307,14.25,0.1005,13.75,14.5,155,0
2385,2026-05-22,R3/2027,12.4878,12.5,0.8264,10.0,14.5,143,0
2347,2026-05-25,R6/2027,11.7181,11.75,0.9852,9.0,14.5,141,0
2337,2026-05-25,R3/2028,10.8642,10.75,1.0766,8.0,14.0,104,0
2339,2026-05-25,R2/2028,11.0537,11.0,1.0381,8.0,14.0,121,0
2341,2026-05-25,R1/2028,11.2297,11.0,1.0662,8.0,14.5,123,0
2343,2026-05-25,R8/2027,11.3648,11.25,1.0425,8.5,14.5,149,0
2345,2026-05-25,R7/2027,11.5266,11.5,1.024,8.5,14.5,141,0
2349,2026-05-25,R5/2027,11.9486,12.0,0.9549,9.75,14.5,141,0
2363,2026-05-25,R6/2026,13.7157,13.75,0.3039,12.5,14.5,153,0
2353,2026-05-25,R3/2027,12.5177,12.5,0.8233,10.0,14.5,141,0
2355,2026-05-25,R2/2027,12.8076,12.75,0.7335,10.0,14.5,141,0
2357,2026-05-25,R1/2027,13.0496,13.0,0.6332,10.5,14.5,141,0
2359,2026-05-25,R8/2026,13.2596,13.25,0.5422,11.0,14.5,156,0
2361,2026-05-25,R7/2026,13.4804,13.5,0.4264,11.75,14.5,153,0
2365,2026-05-25,R5/2026,13.9729,14.0,0.1845,13.25,14.5,153,0
2351,2026-05-25,R4/2027,12.227,12.25,0.9138,10.0,14.5,141,0
2367,2026-05-25,R4/2026,14.2386,14.25,0.0963,13.75,14.5,153,0
2317,2026-05-26,R5/2027,11.9384,12.0,0.9592,9.75,14.5,142,0
2305,2026-05-26,R3/2028,10.8655,10.75,1.0715,8.0,14.0,105,0
2307,2026-05-26,R2/2028,11.0537,11.0,1.0381,8.0,14.0,121,0
2309,2026-05-26,R1/2028,11.2297,11.0,1.0662,8.0,14.5,123,0
2311,2026-05-26,R8/2027,11.359,11.25,1.0414,8.5,14.5,150,0
2313,2026-05-26,R7/2027,11.5194,11.5,1.024,8.5,14.5,142,0
2315,2026-05-26,R6/2027,11.7095,11.75,0.987,9.0,14.5,142,0
2319,2026-05-26,R4/2027,12.2218,12.25,0.9126,10.0,14.5,142,0
2323,2026-05-26,R2/2027,12.8055,12.75,0.7314,10.0,14.5,142,0
2325,2026-05-26,R1/2027,13.0493,13.0,0.631,10.5,14.5,142,0
2327,2026-05-26,R8/2026,13.2659,13.25,0.5374,11.0,14.5,157,0
2329,2026-05-26,R7/2026,13.4854,13.5,0.4209,11.75,14.5,154,0
2331,2026-05-26,R6/2026,13.7192,13.75,0.3006,12.5,14.5,154,0
2333,2026-05-26,R5/2026,13.9747,14.0,0.1831,13.25,14.5,154,0
2335,2026-05-26,R4/2026,14.2386,14.25,0.0959,13.75,14.5,154,0
2321,2026-05-26,R3/2027,12.5141,12.5,0.8216,10.0,14.5,142,0
2273,2026-05-27,R3/2028,10.8644,10.75,1.0731,8.0,14.0,106,0
2275,2026-05-27,R2/2028,11.062,11.0,1.0416,8.0,14.0,121,0
2277,2026-05-27,R1/2028,11.2378,11.0,1.0701,8.0,14.5,123,0
2279,2026-05-27,R8/2027,11.3657,11.25,1.0454,8.5,14.5,150,0
2281,2026-05-27,R7/2027,11.5264,11.5,1.0259,8.5,14.5,142,0
2283,2026-05-27,R6/2027,11.7183,11.75,0.9889,9.0,14.5,142,0
2285,2026-05-27,R5/2027,11.9489,12.0,0.9612,9.75,14.5,142,0
2287,2026-05-27,R4/2027,12.2324,12.25,0.9143,10.0,14.5,142,0
2289,2026-05-27,R3/2027,12.5246,12.5,0.8229,10.0,14.5,142,0
2291,2026-05-27,R2/2027,12.816,12.75,0.7323,10.0,14.5,142,0
2293,2026-05-27,R1/2027,13.0599,13.0,0.6321,10.5,14.5,142,0
2295,2026-05-27,R8/2026,13.2723,13.25,0.5386,11.0,14.5,157,0
2297,2026-05-27,R7/2026,13.4886,13.5,0.4219,11.75,14.5,154,0
2299,2026-05-27,R6/2026,13.7208,13.75,0.3014,12.5,14.5,154,0
2301,2026-05-27,R5/2026,13.9747,14.0,0.1831,13.25,14.5,154,0
2303,2026-05-27,R4/2026,14.2386,14.25,0.0959,13.75,14.5,154,0
2241,2026-05-28,R3/2028,10.8644,10.75,1.0731,8.0,14.0,106,0
2243,2026-05-28,R2/2028,11.062,11.0,1.0416,8.0,14.0,121,0
2245,2026-05-28,R1/2028,11.2378,11.0,1.0701,8.0,14.5,123,0
2247,2026-05-28,R8/2027,11.3715,11.25,1.0465,8.5,14.5,149,0
2249,2026-05-28,R7/2027,11.5337,11.5,1.0259,8.5,14.5,141,0
2251,2026-05-28,R6/2027,11.727,11.75,0.987,9.0,14.5,141,0
2253,2026-05-28,R5/2027,11.9557,12.0,0.9613,9.75,14.5,141,0
2271,2026-05-28,R4/2026,14.2402,14.25,0.0943,13.75,14.5,153,0
2257,2026-05-28,R3/2027,12.5319,12.5,0.8213,10.0,14.5,141,0
2259,2026-05-28,R2/2027,12.8236,12.75,0.7293,10.0,14.5,141,0
2261,2026-05-28,R1/2027,13.0674,13.0,0.628,10.5,14.5,141,0
2263,2026-05-28,R8/2026,13.2788,13.25,0.5341,11.0,14.5,156,0
2265,2026-05-28,R7/2026,13.4951,13.5,0.4157,11.75,14.5,153,0
2267,2026-05-28,R6/2026,13.7255,13.75,0.2967,12.5,14.5,153,0
2269,2026-05-28,R5/2026,13.9778,14.0,0.1796,13.25,14.5,153,0
2255,2026-05-28,R4/2027,12.2394,12.25,0.9138,10.0,14.5,141,0
2219,2026-05-29,R6/2027,11.7324,11.75,0.9879,9.0,14.5,142,0
2209,2026-05-29,R3/2028,10.8692,10.75,1.0671,8.0,14.0,108,0
2211,2026-05-29,R2/2028,11.063,11.0,1.0362,8.0,14.0,123,0
2213,2026-05-29,R1/2028,11.236,11.0,1.0646,8.0,14.5,125,0
2215,2026-05-29,R8/2027,11.379,11.25,1.0475,8.5,14.5,150,0
2217,2026-05-29,R7/2027,11.5405,11.5,1.0268,8.5,14.5,142,0
2221,2026-05-29,R5/2027,11.9613,12.0,0.9597,9.75,14.5,142,0
2235,2026-05-29,R6/2026,13.7289,13.75,0.2933,12.5,14.5,154,0
2225,2026-05-29,R3/2027,12.5423,12.5,0.8109,10.0,14.5,142,0
2227,2026-05-29,R2/2027,12.8354,12.75,0.719,10.0,14.5,142,0
2229,2026-05-29,R1/2027,13.081,13.0,0.6192,10.5,14.5,142,0
2231,2026-05-29,R8/2026,13.2962,13.25,0.5171,11.0,14.5,157,0
2233,2026-05-29,R7/2026,13.5016,13.5,0.4084,11.75,14.5,154,0
2239,2026-05-29,R4/2026,14.2419,14.25,0.0874,13.75,14.5,154,0
2237,2026-05-29,R5/2026,13.9812,14.0,0.1748,13.25,14.5,154,0
2223,2026-05-29,R4/2027,12.2465,12.25,0.9072,10.0,14.5,142,0
2177,2026-06-01,R3/2028,10.8715,10.75,1.0671,8.0,14.0,108,0
2179,2026-06-01,R2/2028,11.0579,11.0,1.0399,8.0,14.0,121,0
2181,2026-06-01,R1/2028,11.2317,11.0,1.0679,8.0,14.5,123,0
2183,2026-06-01,R8/2027,11.3605,11.25,1.0435,8.5,14.5,148,0
2185,2026-06-01,R7/2027,11.5214,11.5,1.024,8.5,14.5,140,0
2187,2026-06-01,R6/2027,11.7179,11.75,0.9878,9.0,14.5,140,0
2189,2026-06-01,R5/2027,11.9482,12.0,0.9601,9.75,14.5,140,0
2191,2026-06-01,R4/2027,12.2321,12.25,0.9071,10.0,14.5,140,0
2193,2026-06-01,R3/2027,12.5321,12.5,0.8128,10.0,14.5,140,0
2195,2026-06-01,R2/2027,12.8259,12.75,0.7185,10.0,14.5,140,0
2197,2026-06-01,R1/2027,13.075,13.0,0.6187,10.5,14.5,140,0
2199,2026-06-01,R8/2026,13.2952,13.25,0.5162,11.0,14.5,155,0
2201,2026-06-01,R7/2026,13.5033,13.5,0.4045,11.75,14.5,152,0
2203,2026-06-01,R6/2026,13.7319,13.75,0.2898,12.5,14.5,152,0
2205,2026-06-01,R5/2026,13.9842,14.0,0.1715,13.25,14.5,152,0
2207,2026-06-01,R4/2026,14.2434,14.25,0.0858,13.75,14.5,152,0
2145,2026-06-02,R3/2028,10.8808,10.75,1.0763,8.0,14.0,108,0
2147,2026-06-02,R2/2028,11.0702,11.0,1.0451,8.0,14.0,121,0
2149,2026-06-02,R1/2028,11.2439,11.0,1.0695,8.0,14.5,123,0
2151,2026-06-02,R8/2027,11.3681,11.25,1.0425,8.5,14.5,149,0
2153,2026-06-02,R7/2027,11.5357,11.5,1.0258,8.5,14.5,140,0
2155,2026-06-02,R6/2027,11.7339,11.75,0.9907,9.0,14.5,140,0
2157,2026-06-02,R5/2027,11.9714,12.0,0.9618,9.75,14.5,140,0
2175,2026-06-02,R4/2026,14.2435,14.25,0.0855,13.75,14.5,153,0
2161,2026-06-02,R3/2027,12.5554,12.5,0.8151,10.0,14.5,140,0
2163,2026-06-02,R2/2027,12.8509,12.75,0.7229,10.0,14.5,140,0
2165,2026-06-02,R1/2027,13.0982,13.0,0.6237,10.5,14.5,140,0
2167,2026-06-02,R8/2026,13.3125,13.25,0.5178,11.0,14.5,156,0
2169,2026-06-02,R7/2026,13.5131,13.5,0.406,11.75,14.5,153,0
2171,2026-06-02,R6/2026,13.7353,13.75,0.2904,12.5,14.5,153,0
2173,2026-06-02,R5/2026,13.9843,14.0,0.171,13.25,14.5,153,0
2159,2026-06-02,R4/2027,12.2571,12.25,0.9102,10.0,14.5,140,0
2123,2026-06-03,R6/2027,11.7465,11.75,0.9848,9.0,14.5,141,0
2113,2026-06-03,R3/2028,10.8911,10.75,1.0766,8.0,14.0,109,0
2115,2026-06-03,R2/2028,11.0779,11.0,1.0441,8.0,14.0,122,0
2117,2026-06-03,R1/2028,11.25,11.125,1.0673,8.0,14.5,124,0
2119,2026-06-03,R8/2027,11.3823,11.25,1.0366,8.5,14.5,150,0
2121,2026-06-03,R7/2027,11.5496,11.5,1.0198,8.5,14.5,141,0
2125,2026-06-03,R5/2027,11.9823,12.0,0.9559,9.75,14.5,141,0
2127,2026-06-03,R4/2027,12.266,12.25,0.9042,10.0,14.5,141,0
2129,2026-06-03,R3/2027,12.5656,12.5,0.8081,10.0,14.5,141,0
2131,2026-06-03,R2/2027,12.8626,12.75,0.7151,10.0,14.5,141,0
2133,2026-06-03,R1/2027,13.1099,13.0,0.6155,10.5,14.5,141,0
2135,2026-06-03,R8/2026,13.3264,13.5,0.52,11.0,14.5,157,0
2137,2026-06-03,R7/2026,13.5227,13.5,0.4083,11.75,14.5,154,0
2139,2026-06-03,R6/2026,13.7403,13.75,0.2918,12.5,14.5,154,0
2141,2026-06-03,R5/2026,13.9877,14.0,0.1707,13.25,14.5,154,0
2143,2026-06-03,R4/2026,14.2451,14.25,0.0829,13.75,14.5,154,0
2081,2026-06-05,R3/2028,11.0195,11.0,1.0951,8.5,14.0,109,0
2083,2026-06-05,R2/2028,11.1777,11.0,1.0481,8.5,14.0,121,0
2085,2026-06-05,R1/2028,11.3496,11.25,1.0648,8.5,14.5,123,0
2087,2026-06-05,R8/2027,11.4638,11.5,1.0403,8.5,14.5,149,0
2089,2026-06-05,R7/2027,11.6321,11.5,1.0271,8.5,14.5,140,0
2091,2026-06-05,R6/2027,11.8232,12.0,0.9935,9.0,14.5,140,0
2093,2026-06-05,R5/2027,12.0625,12.0,0.9692,9.75,14.5,140,0
2095,2026-06-05,R4/2027,12.3464,12.25,0.9218,10.0,14.5,140,0
2097,2026-06-05,R3/2027,12.6482,12.5,0.8313,10.0,14.5,140,0
2099,2026-06-05,R2/2027,12.9438,13.0,0.7438,10.0,14.5,140,0
2101,2026-06-05,R1/2027,13.1821,13.25,0.6442,10.5,14.5,140,0
2103,2026-06-05,R8/2026,13.383,13.5,0.5455,11.0,14.5,156,0
2105,2026-06-05,R7/2026,13.5703,13.5,0.4349,11.75,14.5,153,0
2107,2026-06-05,R6/2026,13.7696,13.75,0.3125,12.5,14.5,153,0
2109,2026-06-05,R5/2026,13.999,14.0,0.1821,13.25,14.5,153,0
2111,2026-06-05,R4/2026,14.2467,14.25,0.0857,13.75,14.5,153,0
2049,2026-06-08,R3/2028,11.0649,11.0,1.1212,8.5,14.0,106,0
2051,2026-06-08,R2/2028,11.2201,11.0,1.0762,8.5,14.0,117,0
2053,2026-06-08,R1/2028,11.395,11.5,1.0945,8.5,14.5,119,0
2055,2026-06-08,R8/2027,11.5462,11.5,1.0391,8.5,14.5,143,0
2057,2026-06-08,R7/2027,11.7074,11.75,1.0415,8.5,14.5,135,0
2059,2026-06-08,R6/2027,11.8981,12.0,1.013,9.0,14.5,135,0
2061,2026-06-08,R5/2027,12.1315,12.25,0.9934,9.75,14.5,135,0
2079,2026-06-08,R4/2026,14.2517,14.25,0.0899,13.75,14.5,147,0
2065,2026-06-08,R3/2027,12.7111,12.75,0.859,10.0,14.5,135,0
2067,2026-06-08,R2/2027,13.0009,13.0,0.7705,10.0,14.5,135,0
2069,2026-06-08,R1/2027,13.2315,13.25,0.6657,10.5,14.5,135,0
2071,2026-06-08,R8/2026,13.425,13.5,0.5566,11.0,14.5,150,0
2073,2026-06-08,R7/2026,13.6003,13.5,0.4467,11.75,14.5,147,0
2075,2026-06-08,R6/2026,13.7891,13.75,0.3256,12.5,14.5,147,0
2077,2026-06-08,R5/2026,14.0126,14.0,0.1921,13.25,14.5,147,0
2063,2026-06-08,R4/2027,12.4111,12.5,0.9489,10.0,14.5,135,0
2027,2026-06-09,R6/2027,11.9142,12.0,1.0151,9.0,14.5,137,0
2017,2026-06-09,R3/2028,11.0891,11.0,1.1285,8.5,14.0,108,0
2019,2026-06-09,R2/2028,11.2458,11.25,1.0851,8.5,14.0,119,0
2021,2026-06-09,R1/2028,11.4236,11.5,1.1035,8.5,14.5,121,0
2023,2026-06-09,R8/2027,11.5697,11.5,1.048,8.5,14.5,145,0
2025,2026-06-09,R7/2027,11.7299,11.75,1.0486,8.5,14.5,137,0
2029,2026-06-09,R5/2027,12.1442,12.25,0.9948,9.75,14.5,137,0
2047,2026-06-09,R4/2026,14.2567,14.25,0.0958,13.75,14.5,149,0
2033,2026-06-09,R3/2027,12.7226,12.75,0.8622,10.0,14.5,137,0
2035,2026-06-09,R2/2027,13.0119,13.0,0.7742,10.0,14.5,137,0
2037,2026-06-09,R1/2027,13.2445,13.25,0.6703,10.5,14.5,137,0
2039,2026-06-09,R8/2026,13.4408,13.5,0.564,11.0,14.5,152,0
2041,2026-06-09,R7/2026,13.6191,13.5,0.4594,11.75,14.5,149,0
2043,2026-06-09,R6/2026,13.807,13.75,0.3379,12.5,14.5,149,0
2045,2026-06-09,R5/2026,14.0225,14.0,0.2027,13.25,14.5,149,0
2031,2026-06-09,R4/2027,12.4234,12.5,0.9512,10.0,14.5,137,0
1985,2026-06-10,R3/2028,11.0914,11.0,1.1275,8.5,14.0,108,0
1987,2026-06-10,R2/2028,11.25,11.25,1.0832,8.5,14.0,119,0
1989,2026-06-10,R1/2028,11.4298,11.5,1.1004,8.5,14.5,121,0
1991,2026-06-10,R8/2027,11.5869,11.5,1.0459,8.5,14.5,145,0
1993,2026-06-10,R7/2027,11.75,11.75,1.0442,8.5,14.5,137,0
1995,2026-06-10,R6/2027,11.938,12.0,1.0117,9.0,14.5,137,0
1997,2026-06-10,R5/2027,12.1697,12.25,0.9936,9.75,14.5,137,0
1999,2026-06-10,R4/2027,12.4434,12.5,0.9547,10.0,14.5,137,0
2001,2026-06-10,R3/2027,12.7409,12.75,0.8699,10.0,14.5,137,0
2003,2026-06-10,R2/2027,13.0265,13.0,0.7821,10.0,14.5,137,0
2005,2026-06-10,R1/2027,13.2573,13.25,0.6788,10.5,14.5,137,0
2007,2026-06-10,R8/2026,13.4507,13.5,0.5721,11.0,14.5,152,0
2009,2026-06-10,R7/2026,13.6309,13.5,0.4676,11.75,14.5,149,0
2011,2026-06-10,R6/2026,13.8171,13.75,0.3471,12.5,14.5,149,0
2013,2026-06-10,R5/2026,14.0292,14.0,0.21,13.25,14.5,149,0
2015,2026-06-10,R4/2026,14.2601,14.25,0.0998,13.75,14.5,149,0
1953,2026-06-11,R3/2028,11.142,11.0,1.1228,8.5,14.0,110,0
1955,2026-06-11,R2/2028,11.3037,11.25,1.0786,8.5,14.0,121,0
1957,2026-06-11,R1/2028,11.4837,11.5,1.101,8.5,14.5,123,0
1959,2026-06-11,R8/2027,11.6445,11.75,1.0547,8.5,14.5,146,0
1961,2026-06-11,R7/2027,11.8043,12.0,1.0618,8.5,14.5,138,0
1963,2026-06-11,R6/2027,11.9873,12.0,1.0287,9.0,14.5,138,0
1965,2026-06-11,R5/2027,12.2138,12.25,1.0084,9.75,14.5,138,0
1983,2026-06-11,R4/2026,14.2633,14.25,0.1032,13.75,14.5,150,0
1969,2026-06-11,R3/2027,12.7772,12.75,0.8804,10.0,14.5,138,0
1971,2026-06-11,R2/2027,13.0571,13.0,0.7912,10.0,14.5,138,0
1973,2026-06-11,R1/2027,13.2844,13.5,0.6891,10.5,14.5,138,0
1975,2026-06-11,R8/2026,13.4837,13.5,0.5869,11.0,14.5,153,0
1977,2026-06-11,R7/2026,13.6567,13.5,0.4818,11.75,14.5,150,0
1979,2026-06-11,R6/2026,13.8317,13.75,0.3577,12.5,14.5,150,0
1981,2026-06-11,R5/2026,14.039,14.0,0.2175,13.25,14.5,150,0
1967,2026-06-11,R4/2027,12.4819,12.5,0.9662,10.0,14.5,138,0
1931,2026-06-12,R6/2027,12.2676,12.25,0.9941,9.75,14.5,142,0
1921,2026-06-12,R3/2028,11.3162,11.25,1.1376,9.0,14.25,119,0
1923,2026-06-12,R2/2028,11.5079,11.5,1.0838,9.0,14.25,126,0
1925,2026-06-12,R1/2028,11.709,11.75,1.0901,9.0,14.5,128,0
1927,2026-06-12,R8/2027,11.89,12.0,1.0204,9.5,14.5,150,0
1929,2026-06-12,R7/2027,12.0704,12.0,1.0137,9.75,14.5,142,0
1933,2026-06-12,R5/2027,12.507,12.5,0.9795,10.0,14.5,142,0
1951,2026-06-12,R4/2026,14.2727,14.25,0.1041,13.75,14.5,154,0
1937,2026-06-12,R3/2027,13.0599,13.25,0.8475,10.5,14.5,142,0
1939,2026-06-12,R2/2027,13.321,13.5,0.7527,11.0,14.5,142,0
1941,2026-06-12,R1/2027,13.5243,13.625,0.6653,11.0,14.5,142,0
1943,2026-06-12,R8/2026,13.7006,13.75,0.573,11.5,14.5,157,0
1945,2026-06-12,R7/2026,13.8393,14.0,0.4722,12.0,14.5,154,0
1947,2026-06-12,R6/2026,13.9627,14.0,0.3498,12.75,14.5,154,0
1949,2026-06-12,R5/2026,14.1015,14.0,0.2159,13.25,14.5,154,0
1935,2026-06-12,R4/2027,12.7813,12.75,0.941,10.0,14.5,142,0
1889,2026-06-15,R3/2028,11.3355,11.25,1.1417,9.0,14.25,117,0
1891,2026-06-15,R2/2028,11.5242,11.5,1.083,9.0,14.25,124,0
1893,2026-06-15,R1/2028,11.7302,11.75,1.0877,9.0,14.5,126,0
1895,2026-06-15,R8/2027,11.9099,12.0,1.0231,9.5,14.5,147,0
1897,2026-06-15,R7/2027,12.0935,12.0,1.0153,9.75,14.5,139,0
1899,2026-06-15,R6/2027,12.2986,12.25,0.9932,9.75,14.5,139,0
1901,2026-06-15,R5/2027,12.545,12.5,0.9783,10.0,14.5,139,0
1903,2026-06-15,R4/2027,12.8216,12.75,0.9428,10.0,14.5,139,0
1907,2026-06-15,R2/2027,13.3468,13.5,0.7462,11.0,14.5,139,0
1909,2026-06-15,R1/2027,13.55,13.75,0.6561,11.0,14.5,139,0
1911,2026-06-15,R8/2026,13.7256,14.0,0.5574,11.5,14.5,154,0
1913,2026-06-15,R7/2026,13.8609,14.0,0.4555,12.0,14.5,151,0
1915,2026-06-15,R6/2026,13.9768,14.0,0.336,12.75,14.5,151,0
1917,2026-06-15,R5/2026,14.1068,14.0,0.2082,13.25,14.5,151,0
1919,2026-06-15,R4/2026,14.2732,14.25,0.1011,13.75,14.5,151,0
1905,2026-06-15,R3/2027,13.0953,13.25,0.8468,10.5,14.5,139,0
1869,2026-06-16,R5/2027,12.545,12.5,0.9783,10.0,14.5,139,0
1859,2026-06-16,R2/2028,11.5242,11.5,1.083,9.0,14.25,124,0
1861,2026-06-16,R1/2028,11.7302,11.75,1.0877,9.0,14.5,126,0
1863,2026-06-16,R8/2027,11.9099,12.0,1.0231,9.5,14.5,147,0
1865,2026-06-16,R7/2027,12.0935,12.0,1.0153,9.75,14.5,139,0
1867,2026-06-16,R6/2027,12.2986,12.25,0.9932,9.75,14.5,139,0
1871,2026-06-16,R4/2027,12.8216,12.75,0.9428,10.0,14.5,139,0
1857,2026-06-16,R3/2028,11.3355,11.25,1.1417,9.0,14.25,117,0
1875,2026-06-16,R2/2027,13.3468,13.5,0.7462,11.0,14.5,139,0
1887,2026-06-16,R4/2026,14.2732,14.25,0.1011,13.75,14.5,151,0
1885,2026-06-16,R5/2026,14.1068,14.0,0.2082,13.25,14.5,151,0
1883,2026-06-16,R6/2026,13.9768,14.0,0.336,12.75,14.5,151,0
1873,2026-06-16,R3/2027,13.0953,13.25,0.8468,10.5,14.5,139,0
1879,2026-06-16,R8/2026,13.7256,14.0,0.5574,11.5,14.5,154,0
1877,2026-06-16,R1/2027,13.55,13.75,0.6561,11.0,14.5,139,0
1881,2026-06-16,R7/2026,13.8609,14.0,0.4555,12.0,14.5,151,0
1825,2026-06-17,R3/2028,11.3355,11.25,1.1417,9.0,14.25,117,0
1827,2026-06-17,R2/2028,11.5242,11.5,1.083,9.0,14.25,124,0
1829,2026-06-17,R1/2028,11.7302,11.75,1.0877,9.0,14.5,126,0
1831,2026-06-17,R8/2027,11.915,12.0,1.0217,9.5,14.5,147,0
1833,2026-06-17,R7/2027,12.0935,12.0,1.0153,9.75,14.5,139,0
1837,2026-06-17,R5/2027,12.545,12.5,0.9783,10.0,14.5,139,0
1839,2026-06-17,R4/2027,12.8216,12.75,0.9428,10.0,14.5,139,0
1835,2026-06-17,R6/2027,12.2986,12.25,0.9932,9.75,14.5,139,0
1843,2026-06-17,R2/2027,13.3468,13.5,0.7462,11.0,14.5,139,0
1845,2026-06-17,R1/2027,13.55,13.75,0.6561,11.0,14.5,139,0
1847,2026-06-17,R8/2026,13.7289,14.0,0.5561,11.5,14.5,154,0
1849,2026-06-17,R7/2026,13.8609,14.0,0.4555,12.0,14.5,151,0
1851,2026-06-17,R6/2026,13.9768,14.0,0.336,12.75,14.5,151,0
1853,2026-06-17,R5/2026,14.1068,14.0,0.2082,13.25,14.5,151,0
1855,2026-06-17,R4/2026,14.2732,14.25,0.1011,13.75,14.5,151,0
1841,2026-06-17,R3/2027,13.0953,13.25,0.8468,10.5,14.5,139,0
1805,2026-06-18,R6/2027,12.3129,12.5,0.9819,9.75,14.25,139,0
1795,2026-06-18,R3/2028,11.344,11.25,1.1354,9.0,14.25,117,0
1797,2026-06-18,R2/2028,11.528,11.5,1.0739,9.0,14.25,125,0
1799,2026-06-18,R1/2028,11.7343,11.75,1.0735,9.0,14.25,127,0
1801,2026-06-18,R8/2027,11.9269,12.0,1.0102,9.5,14.25,147,0
1803,2026-06-18,R7/2027,12.1079,12.0,1.0018,9.75,14.25,139,0
1807,2026-06-18,R5/2027,12.5576,12.5,0.97,10.0,14.25,139,0
1821,2026-06-18,R6/2026,13.9834,14.0,0.3251,12.75,14.5,151,0
1811,2026-06-18,R3/2027,13.1079,13.25,0.8397,10.5,14.5,139,0
1813,2026-06-18,R2/2027,13.3576,13.5,0.7417,11.0,14.5,139,0
1815,2026-06-18,R1/2027,13.559,13.75,0.6509,11.0,14.5,139,0
1817,2026-06-18,R8/2026,13.737,14.0,0.5479,11.5,14.5,154,0
1819,2026-06-18,R7/2026,13.8692,14.0,0.4456,12.0,14.5,151,0
1823,2026-06-18,R5/2026,14.1101,14.0,0.2003,13.25,14.5,151,0
1809,2026-06-18,R4/2027,12.8342,13.0,0.9348,10.0,14.5,139,0
1771,2026-06-19,R7/2027,12.1843,12.0,0.9812,9.75,14.25,137,0
1761,2026-06-19,R4/2028,11.2866,11.25,1.2117,9.0,14.25,41,0
1763,2026-06-19,R3/2028,11.3962,11.5,1.1365,9.0,14.25,118,0
1765,2026-06-19,R2/2028,11.5685,11.5,1.0797,9.0,14.25,124,0
1767,2026-06-19,R1/2028,11.7778,12.0,1.077,9.0,14.25,126,0
1773,2026-06-19,R6/2027,12.3923,12.5,0.9474,9.75,14.25,137,0
1769,2026-06-19,R8/2027,11.9966,12.0,0.9931,9.5,14.25,145,0
1775,2026-06-19,R5/2027,12.6332,12.75,0.9197,10.0,14.25,137,0
1779,2026-06-19,R3/2027,13.1715,13.25,0.761,11.0,14.5,137,0
1781,2026-06-19,R2/2027,13.4161,13.5,0.662,11.5,14.5,137,0
1783,2026-06-19,R1/2027,13.6204,13.75,0.5579,11.75,14.5,137,0
1785,2026-06-19,R8/2026,13.7829,14.0,0.4657,12.25,14.5,152,0
1787,2026-06-19,R7/2026,13.8983,14.0,0.3863,12.5,14.5,150,0
1789,2026-06-19,R6/2026,13.995,14.0,0.2879,12.75,14.5,150,0
1791,2026-06-19,R5/2026,14.1083,14.0,0.1812,13.25,14.5,150,0
1777,2026-06-19,R4/2027,12.9033,13.0,0.8635,10.5,14.25,137,0
1731,2026-06-22,R3/2028,11.45,11.5,1.1293,9.0,14.25,115,0
1733,2026-06-22,R2/2028,11.6188,11.75,1.0738,9.0,14.25,120,0
1735,2026-06-22,R1/2028,11.8299,12.0,1.0694,9.0,14.25,122,0
1737,2026-06-22,R8/2027,12.0514,12.0,0.9796,9.75,14.25,141,0
1739,2026-06-22,R7/2027,12.2407,12.25,0.9631,9.75,14.25,134,0
1741,2026-06-22,R6/2027,12.444,12.5,0.9307,9.75,14.25,134,0
1743,2026-06-22,R5/2027,12.6828,12.75,0.8999,10.0,14.25,134,0
1729,2026-06-22,R4/2028,11.3011,11.25,1.1901,9.0,14.25,44,0
1747,2026-06-22,R3/2027,13.2127,13.25,0.7352,11.0,14.5,134,0
1749,2026-06-22,R2/2027,13.4496,13.5,0.6434,11.5,14.5,134,0
1751,2026-06-22,R1/2027,13.6474,13.75,0.544,11.75,14.5,134,0
1753,2026-06-22,R8/2026,13.801,14.0,0.4592,12.25,14.5,147,0
1755,2026-06-22,R7/2026,13.9086,14.0,0.3792,12.5,14.5,145,0
1757,2026-06-22,R6/2026,14.0,14.0,0.2816,12.75,14.5,145,0
1759,2026-06-22,R5/2026,14.1052,14.0,0.1778,13.25,14.5,145,0
1745,2026-06-22,R4/2027,12.9478,13.0,0.8359,10.5,14.25,134,0
1697,2026-06-23,R4/2028,11.4583,11.5,1.2367,9.0,14.25,48,0
1699,2026-06-23,R3/2028,11.4761,11.5,1.1444,9.0,14.25,115,0
1701,2026-06-23,R2/2028,11.6417,11.75,1.0877,9.0,14.25,120,0
1703,2026-06-23,R1/2028,11.8545,12.0,1.0807,9.0,14.25,122,0
1705,2026-06-23,R8/2027,12.0638,12.0,0.9917,9.75,14.25,141,0
1707,2026-06-23,R7/2027,12.2556,12.25,0.9757,9.75,14.25,134,0
1709,2026-06-23,R6/2027,12.4608,12.5,0.9428,9.75,14.25,134,0
1711,2026-06-23,R5/2027,12.7034,12.75,0.9102,10.0,14.25,134,0
1715,2026-06-23,R3/2027,13.2351,13.25,0.7392,11.0,14.5,134,0
1717,2026-06-23,R2/2027,13.4701,13.5,0.6443,11.5,14.5,134,0
1719,2026-06-23,R1/2027,13.6642,13.75,0.543,11.75,14.5,134,0
1721,2026-06-23,R8/2026,13.8129,14.0,0.4581,12.25,14.5,147,0
1723,2026-06-23,R7/2026,13.9138,14.0,0.3753,12.5,14.5,145,0
1725,2026-06-23,R6/2026,14.0034,14.0,0.277,12.75,14.5,145,0
1727,2026-06-23,R5/2026,14.1052,14.0,0.1729,13.25,14.5,145,0
1713,2026-06-23,R4/2027,12.9701,13.0,0.8448,10.5,14.25,134,0
1665,2026-06-24,R4/2028,11.445,11.5,1.2443,9.0,14.25,50,0
1667,2026-06-24,R3/2028,11.4761,11.5,1.1444,9.0,14.25,115,0
1669,2026-06-24,R2/2028,11.6417,11.75,1.0877,9.0,14.25,120,0
1671,2026-06-24,R1/2028,11.8566,12.0,1.0779,9.0,14.25,122,0
1673,2026-06-24,R8/2027,12.0687,12.0,0.9827,9.75,14.25,142,0
1675,2026-06-24,R7/2027,12.2648,12.25,0.9607,9.75,14.25,135,0
1677,2026-06-24,R6/2027,12.4759,12.5,0.9224,9.75,14.25,135,0
1679,2026-06-24,R5/2027,12.7204,12.75,0.8893,10.0,14.25,135,0
1683,2026-06-24,R3/2027,13.25,13.25,0.7156,11.0,14.5,135,0
1695,2026-06-24,R5/2026,14.1062,14.0,0.1727,13.25,14.5,146,0
1693,2026-06-24,R6/2026,14.0068,14.0,0.276,12.75,14.5,146,0
1691,2026-06-24,R7/2026,13.9212,14.0,0.371,12.5,14.5,146,0
1681,2026-06-24,R4/2027,12.987,13.0,0.8206,10.5,14.25,135,0
1687,2026-06-24,R1/2027,13.6759,13.75,0.5262,11.75,14.5,135,0
1685,2026-06-24,R2/2027,13.4833,13.5,0.6238,11.5,14.5,135,0
1689,2026-06-24,R8/2026,13.8226,14.0,0.4486,12.25,14.5,148,0
1633,2026-06-25,R4/2028,11.45,11.5,1.251,9.0,14.25,50,0
1635,2026-06-25,R3/2028,11.4783,11.5,1.1495,9.0,14.25,115,0
1637,2026-06-25,R2/2028,11.6576,11.75,1.0885,9.0,14.25,119,0
1639,2026-06-25,R1/2028,11.874,12.0,1.0771,9.0,14.25,121,0
1641,2026-06-25,R8/2027,12.0816,12.0,0.971,9.75,14.25,141,0
1645,2026-06-25,R6/2027,12.4907,12.5,0.8964,9.75,14.25,134,0
1647,2026-06-25,R5/2027,12.7369,12.75,0.8564,10.25,14.25,134,0
1643,2026-06-25,R7/2027,12.278,12.25,0.9402,9.75,14.25,134,0
1651,2026-06-25,R3/2027,13.2631,13.25,0.6872,11.25,14.5,134,0
1653,2026-06-25,R2/2027,13.4944,13.5,0.5989,11.75,14.5,134,0
1655,2026-06-25,R1/2027,13.6847,13.75,0.5055,11.75,14.5,134,0
1657,2026-06-25,R8/2026,13.8288,14.0,0.4347,12.25,14.5,146,0
1659,2026-06-25,R7/2026,13.9224,14.0,0.3626,12.5,14.5,145,0
1661,2026-06-25,R6/2026,14.0052,14.0,0.273,12.75,14.5,145,0
1663,2026-06-25,R5/2026,14.1034,14.0,0.1727,13.25,14.5,145,0
1649,2026-06-25,R4/2027,13.0019,13.0,0.7903,10.75,14.25,134,0
1611,2026-06-26,R7/2027,12.3078,12.25,0.9354,9.75,14.25,134,0
1601,2026-06-26,R4/2028,11.3485,11.25,1.1497,9.0,14.25,66,0
1603,2026-06-26,R3/2028,11.4936,11.5,1.1202,9.0,14.25,117,0
1605,2026-06-26,R2/2028,11.6756,11.75,1.0634,9.0,14.25,121,0
1607,2026-06-26,R1/2028,11.8963,12.0,1.0601,9.0,14.25,123,0
1609,2026-06-26,R8/2027,12.1099,12.0,0.9696,9.75,14.25,141,0
1613,2026-06-26,R6/2027,12.5224,12.5,0.8849,9.75,14.25,134,0
1627,2026-06-26,R7/2026,13.9345,14.0,0.3176,12.5,14.5,145,0
1617,2026-06-26,R4/2027,13.0354,13.0,0.7581,10.75,14.25,134,0
1619,2026-06-26,R3/2027,13.2985,13.25,0.6582,11.25,14.5,134,0
1621,2026-06-26,R2/2027,13.5317,13.5,0.5652,11.75,14.5,134,0
1623,2026-06-26,R1/2027,13.7183,13.75,0.4666,11.75,14.5,134,0
1625,2026-06-26,R8/2026,13.851,14.0,0.3932,12.25,14.5,146,0
1629,2026-06-26,R6/2026,14.0052,14.0,0.2321,13.0,14.5,145,0
1615,2026-06-26,R5/2027,12.7687,12.75,0.8295,10.25,14.25,134,0
1631,2026-06-26,R5/2026,14.094,14.0,0.1522,13.5,14.5,145,0
1581,2026-06-29,R6/2027,12.5395,12.5,0.8884,9.75,14.25,133,0
1569,2026-06-29,R4/2028,11.3545,11.5,1.1413,9.0,14.25,67,0
1571,2026-06-29,R3/2028,11.4978,11.5,1.1129,9.0,14.25,115,0
1573,2026-06-29,R2/2028,11.6807,11.75,1.0537,9.0,14.25,119,0
1575,2026-06-29,R1/2028,11.9029,12.0,1.053,9.0,14.25,121,0
1577,2026-06-29,R8/2027,12.1367,12.0,0.9686,9.75,14.25,139,0
1579,2026-06-29,R7/2027,12.3252,12.25,0.9374,9.75,14.25,133,0
1583,2026-06-29,R5/2027,12.7857,12.75,0.8329,10.25,14.25,133,0
1587,2026-06-29,R3/2027,13.312,13.5,0.6571,11.25,14.5,133,0
1589,2026-06-29,R2/2027,13.5432,13.5,0.5632,11.75,14.5,133,0
1591,2026-06-29,R1/2027,13.7256,13.75,0.4658,11.75,14.5,133,0
1593,2026-06-29,R8/2026,13.8594,14.0,0.3735,12.25,14.5,144,0
1595,2026-06-29,R7/2026,13.9406,14.0,0.2896,12.75,14.5,143,0
1597,2026-06-29,R6/2026,14.007,14.0,0.2131,13.25,14.5,143,0
1599,2026-06-29,R5/2026,14.0935,14.0,0.1406,13.75,14.5,143,0
1585,2026-06-29,R4/2027,13.0508,13.0,0.7589,10.75,14.25,133,0
1537,2026-06-30,R4/2028,11.3545,11.5,1.1413,9.0,14.25,67,0
1539,2026-06-30,R3/2028,11.4978,11.5,1.1129,9.0,14.25,115,0
1541,2026-06-30,R2/2028,11.6807,11.75,1.0537,9.0,14.25,119,0
1543,2026-06-30,R1/2028,11.9029,12.0,1.053,9.0,14.25,121,0
1545,2026-06-30,R8/2027,12.1367,12.0,0.9686,9.75,14.25,139,0
1547,2026-06-30,R7/2027,12.3252,12.25,0.9374,9.75,14.25,133,0
1549,2026-06-30,R6/2027,12.5395,12.5,0.8884,9.75,14.25,133,0
1551,2026-06-30,R5/2027,12.7857,12.75,0.8329,10.25,14.25,133,0
1553,2026-06-30,R4/2027,13.0508,13.0,0.7589,10.75,14.25,133,0
1555,2026-06-30,R3/2027,13.312,13.5,0.6571,11.25,14.5,133,0
1557,2026-06-30,R2/2027,13.5432,13.5,0.5632,11.75,14.5,133,0
1559,2026-06-30,R1/2027,13.7256,13.75,0.4658,11.75,14.5,133,0
1561,2026-06-30,R8/2026,13.8594,14.0,0.3735,12.25,14.5,144,0
1563,2026-06-30,R7/2026,13.9406,14.0,0.2896,12.75,14.5,143,0
1565,2026-06-30,R6/2026,14.007,14.0,0.2131,13.25,14.5,143,0
1567,2026-06-30,R5/2026,14.0935,14.0,0.1406,13.75,14.5,143,0
1505,2026-07-01,R4/2028,11.3657,11.5,1.1316,9.0,14.25,67,0
1507,2026-07-01,R3/2028,11.5043,11.5,1.1063,9.0,14.25,115,0
1509,2026-07-01,R2/2028,11.6828,11.75,1.0516,9.0,14.25,119,0
1511,2026-07-01,R1/2028,11.905,12.0,1.0505,9.0,14.25,121,0
1513,2026-07-01,R8/2027,12.1375,12.0,0.9624,9.75,14.25,140,0
1515,2026-07-01,R7/2027,12.3265,12.25,0.9315,9.75,14.25,134,0
1517,2026-07-01,R6/2027,12.541,12.5,0.8832,9.75,14.25,134,0
1535,2026-07-01,R5/2026,14.0929,14.0,0.1403,13.75,14.5,144,0
1521,2026-07-01,R4/2027,13.0522,13.0,0.755,10.75,14.25,134,0
1523,2026-07-01,R3/2027,13.3134,13.375,0.6541,11.25,14.5,134,0
1525,2026-07-01,R2/2027,13.5448,13.5,0.5597,11.75,14.5,134,0
1527,2026-07-01,R1/2027,13.7276,13.75,0.4616,11.75,14.5,134,0
1529,2026-07-01,R8/2026,13.8621,14.0,0.369,12.25,14.5,145,0
1531,2026-07-01,R7/2026,13.941,14.0,0.2887,12.75,14.5,144,0
1533,2026-07-01,R6/2026,14.0069,14.0,0.2123,13.25,14.5,144,0
1519,2026-07-01,R5/2027,12.7873,12.75,0.8283,10.25,14.25,134,0
1473,2026-07-02,R4/2028,11.3643,11.5,1.1242,9.0,14.25,70,0
1475,2026-07-02,R3/2028,11.4957,11.5,1.1113,9.0,14.25,116,0
1477,2026-07-02,R2/2028,11.6708,11.75,1.0587,9.0,14.25,120,0
1479,2026-07-02,R1/2028,11.8975,12.0,1.0542,9.0,14.25,122,0
1483,2026-07-02,R7/2027,12.3259,12.25,0.9311,9.75,14.25,135,0
1481,2026-07-02,R8/2027,12.1348,12.0,0.9637,9.75,14.25,141,0
1485,2026-07-02,R6/2027,12.5389,12.5,0.8824,9.75,14.25,135,0
1495,2026-07-02,R1/2027,13.7222,13.75,0.4611,11.75,14.5,135,0
1489,2026-07-02,R4/2027,13.0481,13.0,0.7549,10.75,14.25,135,0
1491,2026-07-02,R3/2027,13.3111,13.25,0.6537,11.25,14.5,135,0
1493,2026-07-02,R2/2027,13.5389,13.5,0.5585,11.75,14.5,135,0
1497,2026-07-02,R8/2026,13.8579,14.0,0.3689,12.25,14.5,146,0
1499,2026-07-02,R7/2026,13.9379,14.0,0.2885,12.75,14.5,145,0
1501,2026-07-02,R6/2026,14.0052,14.0,0.2106,13.25,14.5,145,0
1503,2026-07-02,R5/2026,14.0905,14.0,0.1396,13.75,14.5,145,0
1487,2026-07-02,R5/2027,12.7833,12.75,0.8276,10.25,14.25,135,0
1441,2026-07-03,R4/2028,11.3264,11.375,1.1431,9.0,14.25,72,0
1443,2026-07-03,R3/2028,11.4765,11.5,1.1256,9.0,14.25,117,0
1445,2026-07-03,R2/2028,11.6529,11.75,1.0725,9.0,14.25,121,0
1447,2026-07-03,R1/2028,11.8801,12.0,1.0675,9.0,14.25,123,0
1449,2026-07-03,R8/2027,12.1197,12.0,0.969,9.75,14.25,142,0
1451,2026-07-03,R7/2027,12.3107,12.25,0.9312,9.75,14.25,136,0
1453,2026-07-03,R6/2027,12.5239,12.5,0.8781,9.75,14.25,136,0
1455,2026-07-03,R5/2027,12.7684,12.75,0.82,10.25,14.25,136,0
1457,2026-07-03,R4/2027,13.0331,13.0,0.7462,10.75,14.25,136,0
1459,2026-07-03,R3/2027,13.2978,13.25,0.6442,11.25,14.5,136,0
1461,2026-07-03,R2/2027,13.5294,13.5,0.5499,11.75,14.5,136,0
1463,2026-07-03,R1/2027,13.7132,13.75,0.4553,11.75,14.5,136,0
1465,2026-07-03,R8/2026,13.8503,14.0,0.365,12.25,14.5,147,0
1467,2026-07-03,R7/2026,13.9298,14.0,0.2863,12.75,14.5,146,0
1469,2026-07-03,R6/2026,13.9983,14.0,0.2079,13.25,14.5,146,0
1471,2026-07-03,R5/2026,14.0865,14.0,0.1385,13.75,14.5,146,0
1409,2026-07-06,R4/2028,11.3059,11.375,1.1425,9.0,14.25,76,0
1411,2026-07-06,R3/2028,11.4746,11.5,1.1286,9.0,14.25,118,0
1413,2026-07-06,R2/2028,11.6508,11.75,1.0792,9.0,14.25,121,0
1415,2026-07-06,R1/2028,11.8841,12.0,1.0741,9.0,14.25,123,0
1417,2026-07-06,R8/2027,12.1268,12.0,0.9736,9.75,14.25,142,0
1419,2026-07-06,R7/2027,12.3162,12.25,0.9365,9.75,14.25,136,0
1421,2026-07-06,R6/2027,12.5276,12.5,0.8842,9.75,14.25,136,0
1439,2026-07-06,R5/2026,14.0916,14.0,0.1398,13.75,14.5,146,0
1425,2026-07-06,R4/2027,13.0368,13.0,0.7497,10.75,14.25,136,0
1427,2026-07-06,R3/2027,13.3015,13.375,0.6468,11.25,14.5,136,0
1429,2026-07-06,R2/2027,13.5331,13.5,0.5514,11.75,14.5,136,0
1431,2026-07-06,R1/2027,13.7188,13.75,0.4532,11.75,14.5,136,0
1433,2026-07-06,R8/2026,13.8537,14.0,0.364,12.25,14.5,147,0
1435,2026-07-06,R7/2026,13.9349,14.0,0.2853,12.75,14.5,146,0
1437,2026-07-06,R6/2026,14.0034,14.0,0.2089,13.25,14.5,146,0
1423,2026-07-06,R5/2027,12.7702,12.75,0.8275,10.25,14.25,136,0
1387,2026-07-07,R7/2027,12.3162,12.25,0.9365,9.75,14.25,136,0
1377,2026-07-07,R4/2028,11.3059,11.375,1.1425,9.0,14.25,76,0
1379,2026-07-07,R3/2028,11.4746,11.5,1.1286,9.0,14.25,118,0
1381,2026-07-07,R2/2028,11.6508,11.75,1.0792,9.0,14.25,121,0
1383,2026-07-07,R1/2028,11.8841,12.0,1.0741,9.0,14.25,123,0
1385,2026-07-07,R8/2027,12.1303,12.0,0.9758,9.75,14.25,142,0
1389,2026-07-07,R6/2027,12.5276,12.5,0.8842,9.75,14.25,136,0
1391,2026-07-07,R5/2027,12.7702,12.75,0.8275,10.25,14.25,136,0
1393,2026-07-07,R4/2027,13.0368,13.0,0.7497,10.75,14.25,136,0
1395,2026-07-07,R3/2027,13.3015,13.375,0.6468,11.25,14.5,136,0
1397,2026-07-07,R2/2027,13.5331,13.5,0.5514,11.75,14.5,136,0
1399,2026-07-07,R1/2027,13.7188,13.75,0.4532,11.75,14.5,136,0
1401,2026-07-07,R8/2026,13.8537,14.0,0.364,12.25,14.5,147,0
1403,2026-07-07,R7/2026,13.9349,14.0,0.2853,12.75,14.5,146,0
1405,2026-07-07,R6/2026,14.0034,14.0,0.2089,13.25,14.5,146,0
1407,2026-07-07,R5/2026,14.0916,14.0,0.1398,13.75,14.5,146,0
1345,2026-07-08,R4/2028,11.3059,11.375,1.1425,9.0,14.25,76,0
1347,2026-07-08,R3/2028,11.4746,11.5,1.1286,9.0,14.25,118,0
1349,2026-07-08,R2/2028,11.6508,11.75,1.0792,9.0,14.25,121,0
1351,2026-07-08,R1/2028,11.8841,12.0,1.0741,9.0,14.25,123,0
1353,2026-07-08,R8/2027,12.1303,12.0,0.9758,9.75,14.25,142,0
1355,2026-07-08,R7/2027,12.3162,12.25,0.9365,9.75,14.25,136,0
1357,2026-07-08,R6/2027,12.5276,12.5,0.8842,9.75,14.25,136,0
1359,2026-07-08,R5/2027,12.7702,12.75,0.8275,10.25,14.25,136,0
1361,2026-07-08,R4/2027,13.0368,13.0,0.7497,10.75,14.25,136,0
1363,2026-07-08,R3/2027,13.3015,13.375,0.6468,11.25,14.5,136,0
1365,2026-07-08,R2/2027,13.5313,13.5,0.5536,11.75,14.5,136,0
1367,2026-07-08,R1/2027,13.7151,13.75,0.4569,11.75,14.5,136,0
1369,2026-07-08,R8/2026,13.8486,14.0,0.3672,12.25,14.5,147,0
1371,2026-07-08,R7/2026,13.9315,14.0,0.2875,12.75,14.5,146,0
1373,2026-07-08,R6/2026,14.0017,14.0,0.21,13.25,14.5,146,0
1375,2026-07-08,R5/2026,14.0916,14.0,0.1398,13.75,14.5,146,0
1313,2026-07-09,R4/2028,11.3059,11.375,1.1425,9.0,14.25,76,0
1315,2026-07-09,R3/2028,11.4763,11.5,1.1371,9.0,14.25,116,0
1317,2026-07-09,R2/2028,11.6492,11.75,1.0877,9.0,14.25,119,0
1319,2026-07-09,R1/2028,11.8802,12.0,1.0824,9.0,14.25,121,0
1321,2026-07-09,R8/2027,12.125,12.0,0.9818,9.75,14.25,140,0
1323,2026-07-09,R7/2027,12.3097,12.25,0.9415,9.75,14.25,134,0
1325,2026-07-09,R6/2027,12.5224,12.5,0.8886,9.75,14.25,134,0
1343,2026-07-09,R5/2026,14.0894,14.0,0.1395,13.75,14.5,144,0
1329,2026-07-09,R4/2027,13.0317,13.0,0.7527,10.75,14.25,134,0
1331,2026-07-09,R3/2027,13.2966,13.375,0.6487,11.25,14.5,134,0
1333,2026-07-09,R2/2027,13.5261,13.5,0.5542,11.75,14.5,134,0
1335,2026-07-09,R1/2027,13.7108,13.75,0.458,11.75,14.5,134,0
1337,2026-07-09,R8/2026,13.8448,14.0,0.368,12.25,14.5,145,0
1339,2026-07-09,R7/2026,13.9271,14.0,0.287,12.75,14.5,144,0
1341,2026-07-09,R6/2026,13.9983,14.0,0.2094,13.25,14.5,144,0
1327,2026-07-09,R5/2027,12.7649,12.75,0.8313,10.25,14.25,134,0
1291,2026-07-10,R7/2027,12.2941,12.25,0.9299,9.75,14.25,136,0
1281,2026-07-10,R4/2028,11.311,11.5,1.1036,9.0,14.25,86,0
1283,2026-07-10,R3/2028,11.4597,11.5,1.1099,9.0,14.25,118,0
1285,2026-07-10,R2/2028,11.6343,11.75,1.0665,9.0,14.25,121,0
1287,2026-07-10,R1/2028,11.8659,12.0,1.0641,9.0,14.25,123,0
1289,2026-07-10,R8/2027,12.1074,12.0,0.9693,9.75,14.25,142,0
1293,2026-07-10,R6/2027,12.5092,12.5,0.8794,9.75,14.25,136,0
1295,2026-07-10,R5/2027,12.75,12.75,0.8236,10.25,14.25,136,0
1297,2026-07-10,R4/2027,13.0184,13.0,0.7479,10.75,14.25,136,0
1299,2026-07-10,R3/2027,13.2776,13.25,0.6472,11.25,14.5,136,0
1301,2026-07-10,R2/2027,13.5037,13.5,0.5499,11.75,14.5,136,0
1303,2026-07-10,R1/2027,13.6893,13.75,0.4593,11.75,14.5,136,0
1305,2026-07-10,R8/2026,13.8282,14.0,0.3698,12.25,14.5,147,0
1307,2026-07-10,R7/2026,13.9127,14.0,0.2861,12.75,14.5,146,0
1309,2026-07-10,R6/2026,13.9846,14.0,0.2115,13.25,14.5,146,0
1311,2026-07-10,R5/2026,14.0865,14.0,0.1385,13.75,14.5,146,0
1249,2026-07-13,R4/2028,11.3125,11.5,1.0951,9.0,14.25,88,0
1251,2026-07-13,R3/2028,11.4234,11.5,1.0563,9.0,14.25,111,0
1253,2026-07-13,R2/2028,11.6009,11.625,1.0221,9.0,14.25,114,0
1255,2026-07-13,R1/2028,11.8384,12.0,1.0325,9.0,14.25,116,0
1257,2026-07-13,R8/2027,12.0754,12.0,0.9449,9.75,14.25,136,0
1259,2026-07-13,R7/2027,12.2595,12.25,0.9113,9.75,14.25,131,0
1261,2026-07-13,R6/2027,12.4771,12.5,0.8723,9.75,14.25,131,0
1263,2026-07-13,R5/2027,12.7252,12.75,0.8213,10.25,14.25,131,0
1265,2026-07-13,R4/2027,12.9962,13.0,0.7458,10.75,14.25,131,0
1267,2026-07-13,R3/2027,13.2634,13.25,0.6452,11.25,14.25,131,0
1269,2026-07-13,R2/2027,13.4943,13.5,0.5469,11.75,14.25,131,0
1271,2026-07-13,R1/2027,13.6775,13.75,0.4535,11.75,14.25,131,0
1273,2026-07-13,R8/2026,13.8227,14.0,0.3542,12.25,14.25,141,0
1275,2026-07-13,R7/2026,13.9054,14.0,0.273,12.75,14.25,140,0
1277,2026-07-13,R6/2026,13.975,14.0,0.1989,13.25,14.5,140,0
1279,2026-07-13,R5/2026,14.0777,14.0,0.1263,13.75,14.5,140,0
1217,2026-07-14,R4/2028,11.3125,11.5,1.0951,9.0,14.25,88,0
1219,2026-07-14,R3/2028,11.4234,11.5,1.0563,9.0,14.25,111,0
1221,2026-07-14,R2/2028,11.6009,11.625,1.0221,9.0,14.25,114,0
1223,2026-07-14,R1/2028,11.8384,12.0,1.0325,9.0,14.25,116,0
1225,2026-07-14,R8/2027,12.0894,12.0,0.9556,9.75,14.25,137,0
1227,2026-07-14,R7/2027,12.2727,12.25,0.9203,9.75,14.25,132,0
1229,2026-07-14,R6/2027,12.4886,12.5,0.879,9.75,14.25,132,0
1247,2026-07-14,R5/2026,14.0771,14.0,0.126,13.75,14.5,141,0
1233,2026-07-14,R4/2027,13.0038,13.0,0.7481,10.75,14.25,132,0
1235,2026-07-14,R3/2027,13.2689,13.25,0.646,11.25,14.25,132,0
1237,2026-07-14,R2/2027,13.4981,13.5,0.5466,11.75,14.25,132,0
1239,2026-07-14,R1/2027,13.6799,13.75,0.4526,11.75,14.25,132,0
1241,2026-07-14,R8/2026,13.8257,14.0,0.3535,12.25,14.25,142,0
1243,2026-07-14,R7/2026,13.906,14.0,0.2721,12.75,14.25,141,0
1245,2026-07-14,R6/2026,13.9752,14.0,0.1982,13.25,14.5,141,0
1231,2026-07-14,R5/2027,12.7348,12.75,0.8256,10.25,14.25,132,0
1195,2026-07-15,R7/2027,12.2632,12.25,0.9234,9.75,14.25,133,0
1185,2026-07-15,R4/2028,11.2865,11.5,1.1159,9.0,14.25,89,0
1187,2026-07-15,R3/2028,11.4063,11.5,1.067,9.0,14.25,112,0
1189,2026-07-15,R2/2028,11.587,11.5,1.0284,9.0,14.25,115,0
1191,2026-07-15,R1/2028,11.8269,12.0,1.0354,9.0,14.25,117,0
1193,2026-07-15,R8/2027,12.0815,12.0,0.9566,9.75,14.25,138,0
1197,2026-07-15,R6/2027,12.4774,12.5,0.8851,9.75,14.25,133,0
1199,2026-07-15,R5/2027,12.7256,12.75,0.8294,10.25,14.25,133,0
1201,2026-07-15,R4/2027,12.9962,13.0,0.7503,10.75,14.25,133,0
1203,2026-07-15,R3/2027,13.2632,13.25,0.6469,11.25,14.25,133,0
1205,2026-07-15,R2/2027,13.4944,13.5,0.5462,11.75,14.25,133,0
1207,2026-07-15,R1/2027,13.6786,13.75,0.4512,11.75,14.25,133,0
1209,2026-07-15,R8/2026,13.8269,14.0,0.3526,12.25,14.25,143,0
1211,2026-07-15,R7/2026,13.9067,14.0,0.2713,12.75,14.25,142,0
1213,2026-07-15,R6/2026,13.9754,14.0,0.1975,13.25,14.5,142,0
1215,2026-07-15,R5/2026,14.0748,14.0,0.1251,13.75,14.5,142,0
1153,2026-07-16,R4/2028,11.2865,11.5,1.1159,9.0,14.25,89,0
1155,2026-07-16,R3/2028,11.4099,11.5,1.0711,9.0,14.25,111,0
1157,2026-07-16,R2/2028,11.5921,11.625,1.0314,9.0,14.25,114,0
1159,2026-07-16,R1/2028,11.8319,12.0,1.0385,9.0,14.25,116,0
1161,2026-07-16,R8/2027,12.0894,12.0,0.9584,9.75,14.25,137,0
1163,2026-07-16,R7/2027,12.2708,12.25,0.9258,9.75,14.25,132,0
1165,2026-07-16,R6/2027,12.4848,12.5,0.8875,9.75,14.25,132,0
1167,2026-07-16,R5/2027,12.733,12.75,0.8315,10.25,14.25,132,0
1169,2026-07-16,R4/2027,13.0038,13.0,0.7519,10.75,14.25,132,0
1171,2026-07-16,R3/2027,13.2689,13.25,0.6489,11.25,14.25,132,0
1173,2026-07-16,R2/2027,13.4981,13.5,0.5483,11.75,14.25,132,0
1175,2026-07-16,R1/2027,13.6818,13.75,0.4513,11.75,14.25,132,0
1177,2026-07-16,R8/2026,13.8292,14.0,0.3503,12.25,14.25,142,0
1179,2026-07-16,R7/2026,13.9078,14.0,0.2703,12.75,14.25,141,0
1181,2026-07-16,R6/2026,13.9752,14.0,0.1982,13.25,14.5,141,0
1183,2026-07-16,R5/2026,14.0754,14.0,0.1253,13.75,14.5,141,0
1121,2026-07-17,R4/2028,11.3333,11.5,1.1308,9.0,14.25,93,0
1123,2026-07-17,R3/2028,11.4646,11.5,1.0653,9.25,14.25,113,0
1125,2026-07-17,R2/2028,11.6444,11.75,1.0166,9.5,14.25,116,0
1127,2026-07-17,R1/2028,11.8835,12.0,1.0125,9.75,14.25,118,0
1129,2026-07-17,R8/2027,12.1061,12.0,0.9488,9.75,14.25,139,0
1131,2026-07-17,R7/2027,12.2836,12.25,0.9167,9.75,14.25,134,0
1133,2026-07-17,R6/2027,12.4907,12.5,0.8801,9.75,14.25,134,0
1151,2026-07-17,R5/2026,14.0699,14.0,0.1198,13.75,14.5,143,0
1137,2026-07-17,R4/2027,13.0112,13.0,0.7456,10.75,14.25,134,0
1139,2026-07-17,R3/2027,13.278,13.25,0.6426,11.25,14.25,134,0
1141,2026-07-17,R2/2027,13.5093,13.5,0.539,11.75,14.25,134,0
1143,2026-07-17,R1/2027,13.694,13.75,0.4433,11.75,14.25,134,0
1145,2026-07-17,R8/2026,13.8368,14.0,0.344,12.25,14.25,144,0
1147,2026-07-17,R7/2026,13.9108,14.0,0.2635,12.75,14.25,143,0
1149,2026-07-17,R6/2026,13.972,14.0,0.1918,13.25,14.25,143,0
1135,2026-07-17,R5/2027,12.7388,12.75,0.824,10.25,14.25,134,0
1099,2026-07-20,R7/2027,12.2913,12.25,0.862,9.75,14.25,121,0
1089,2026-07-20,R4/2028,11.3373,11.5,1.0531,9.0,14.25,83,0
1091,2026-07-20,R3/2028,11.4755,11.5,1.0009,9.25,14.25,102,0
1093,2026-07-20,R2/2028,11.6683,11.75,0.9485,9.5,14.25,104,0
1095,2026-07-20,R1/2028,11.9,12.0,0.9152,9.75,14.25,105,0
1097,2026-07-20,R8/2027,12.1091,12.0,0.8783,9.75,14.25,126,0
1101,2026-07-20,R6/2027,12.5041,12.5,0.8455,9.75,14.25,121,0
1119,2026-07-20,R5/2026,14.0538,14.0,0.116,13.75,14.5,130,0
1105,2026-07-20,R4/2027,13.0248,13.0,0.7183,10.75,14.25,121,0
1107,2026-07-20,R3/2027,13.2893,13.5,0.6241,11.25,14.25,121,0
1109,2026-07-20,R2/2027,13.5145,13.75,0.5274,11.75,14.25,121,0
1111,2026-07-20,R1/2027,13.688,13.75,0.4339,11.75,14.25,121,0
1113,2026-07-20,R8/2026,13.8302,14.0,0.3359,12.25,14.25,131,0
1115,2026-07-20,R7/2026,13.9019,14.0,0.2585,12.75,14.25,130,0
1117,2026-07-20,R6/2026,13.9577,14.0,0.189,13.25,14.25,130,0
1103,2026-07-20,R5/2027,12.7562,12.75,0.7928,10.25,14.25,121,0
1057,2026-07-21,R4/2028,11.3313,11.5,1.0508,9.0,14.25,83,0
1059,2026-07-21,R3/2028,11.473,11.5,0.9999,9.25,14.25,102,0
1061,2026-07-21,R2/2028,11.6659,11.75,0.9479,9.5,14.25,104,0
1063,2026-07-21,R1/2028,11.8976,12.0,0.9146,9.75,14.25,105,0
1065,2026-07-21,R8/2027,12.1131,12.0,0.8755,9.75,14.25,126,0
1067,2026-07-21,R7/2027,12.2934,12.25,0.861,9.75,14.25,121,0
1069,2026-07-21,R6/2027,12.5062,12.5,0.8452,9.75,14.25,121,0
1071,2026-07-21,R5/2027,12.7583,12.75,0.7918,10.25,14.25,121,0
1073,2026-07-21,R4/2027,13.0248,13.0,0.7154,10.75,14.25,121,0
1075,2026-07-21,R3/2027,13.2893,13.5,0.6208,11.25,14.25,121,0
1077,2026-07-21,R2/2027,13.5145,13.75,0.5235,11.75,14.25,121,0
1079,2026-07-21,R1/2027,13.688,13.75,0.4316,11.75,14.25,121,0
1081,2026-07-21,R8/2026,13.8302,14.0,0.3345,12.25,14.25,131,0
1083,2026-07-21,R7/2026,13.9019,14.0,0.2566,12.75,14.25,130,0
1085,2026-07-21,R6/2026,13.9577,14.0,0.189,13.25,14.25,130,0
1087,2026-07-21,R5/2026,14.05,14.0,0.1177,13.75,14.5,130,0
1025,2026-07-22,R4/2028,11.3169,11.5,1.0506,9.0,14.25,86,0
1027,2026-07-22,R3/2028,11.4567,11.5,1.0015,9.25,14.25,104,0
1029,2026-07-22,R2/2028,11.6486,11.75,0.9503,9.5,14.25,106,0
1031,2026-07-22,R1/2028,11.8785,12.0,0.9186,9.75,14.25,107,0
1033,2026-07-22,R8/2027,12.0977,12.0,0.8785,9.75,14.25,128,0
1035,2026-07-22,R7/2027,12.2805,12.25,0.8605,9.75,14.25,123,0
1037,2026-07-22,R6/2027,12.4959,12.5,0.8422,9.75,14.25,123,0
1055,2026-07-22,R5/2026,14.0492,14.0,0.1169,13.75,14.5,132,0
1041,2026-07-22,R4/2027,13.0203,13.0,0.7111,10.75,14.25,123,0
1043,2026-07-22,R3/2027,13.2866,13.5,0.6179,11.25,14.25,123,0
1045,2026-07-22,R2/2027,13.5122,13.5,0.5198,11.75,14.25,123,0
1047,2026-07-22,R1/2027,13.685,13.75,0.4287,11.75,14.25,123,0
1049,2026-07-22,R8/2026,13.8271,14.0,0.3333,12.25,14.25,133,0
1051,2026-07-22,R7/2026,13.8977,14.0,0.2574,12.75,14.25,132,0
1053,2026-07-22,R6/2026,13.9545,14.0,0.1892,13.25,14.25,132,0
1039,2026-07-22,R5/2027,12.752,12.75,0.787,10.25,14.25,123,0
1003,2026-07-23,R7/2027,12.2787,12.25,0.8506,9.75,14.25,122,0
993,2026-07-23,R4/2028,11.3153,11.5,1.0366,9.0,14.25,88,0
995,2026-07-23,R3/2028,11.4543,11.5,0.9902,9.25,14.25,104,0
997,2026-07-23,R2/2028,11.6462,11.75,0.9366,9.5,14.25,106,0
999,2026-07-23,R1/2028,11.8785,12.0,0.9058,9.75,14.25,107,0
1001,2026-07-23,R8/2027,12.0945,12.0,0.8705,9.75,14.25,127,0
1005,2026-07-23,R6/2027,12.4939,12.5,0.8301,9.75,14.25,122,0
1007,2026-07-23,R5/2027,12.7541,12.75,0.7715,10.25,14.25,122,0
1009,2026-07-23,R4/2027,13.0266,13.0,0.699,10.75,14.25,122,0
1011,2026-07-23,R3/2027,13.2951,13.5,0.6073,11.25,14.25,122,0
1013,2026-07-23,R2/2027,13.5246,13.75,0.5155,11.75,14.25,122,0
1015,2026-07-23,R1/2027,13.6926,13.75,0.422,11.75,14.25,122,0
1017,2026-07-23,R8/2026,13.8314,14.0,0.3249,12.25,14.25,132,0
1019,2026-07-23,R7/2026,13.8969,14.0,0.2526,12.75,14.25,131,0
1021,2026-07-23,R6/2026,13.9523,14.0,0.1856,13.25,14.25,131,0
1023,2026-07-23,R5/2026,14.0458,14.0,0.1148,13.75,14.5,131,0
961,2026-07-24,R4/2028,11.3238,11.5,0.9916,9.0,14.0,105,0
963,2026-07-24,R3/2028,11.4643,11.5,0.9445,9.25,14.0,119,0
965,2026-07-24,R2/2028,11.6467,11.75,0.9061,9.5,14.0,121,0
967,2026-07-24,R1/2028,11.873,12.0,0.8814,9.75,14.25,122,0
969,2026-07-24,R8/2027,12.0833,12.0,0.8595,9.75,14.25,144,0
971,2026-07-24,R7/2027,12.2701,12.25,0.8442,9.75,14.25,137,0
973,2026-07-24,R6/2027,12.4891,12.5,0.8222,9.75,14.25,137,0
975,2026-07-24,R5/2027,12.7482,12.75,0.7674,10.25,14.25,137,0
977,2026-07-24,R4/2027,13.0237,13.0,0.7012,10.75,14.25,137,0
979,2026-07-24,R3/2027,13.2883,13.25,0.5941,11.25,14.25,137,0
981,2026-07-24,R2/2027,13.5146,13.5,0.4934,11.75,14.25,137,0
983,2026-07-24,R1/2027,13.683,13.75,0.3976,11.75,14.25,138,0
985,2026-07-24,R8/2026,13.8238,14.0,0.3017,12.5,14.25,149,0
987,2026-07-24,R7/2026,13.8895,14.0,0.2371,13.0,14.25,147,0
989,2026-07-24,R6/2026,13.9459,14.0,0.1733,13.5,14.25,148,0
991,2026-07-24,R5/2026,14.0439,14.0,0.1036,13.75,14.5,148,0
929,2026-07-27,R4/2028,11.3243,11.5,1.0108,9.0,14.0,101,0
931,2026-07-27,R3/2028,11.4554,11.5,0.9521,9.25,14.0,112,0
933,2026-07-27,R2/2028,11.6382,11.75,0.9069,9.5,14.0,114,0
935,2026-07-27,R1/2028,11.8609,12.0,0.8774,9.75,14.25,115,0
937,2026-07-27,R8/2027,12.0754,12.0,0.8496,9.75,14.25,136,0
939,2026-07-27,R7/2027,12.2635,12.25,0.8299,9.75,14.25,130,0
941,2026-07-27,R6/2027,12.4769,12.5,0.8142,9.75,14.25,130,0
959,2026-07-27,R5/2026,14.036,14.0,0.0927,13.75,14.25,139,0
945,2026-07-27,R4/2027,13.0058,13.0,0.7101,10.75,14.25,130,0
947,2026-07-27,R3/2027,13.2673,13.25,0.6006,11.25,14.25,130,0
949,2026-07-27,R2/2027,13.4962,13.5,0.5,11.75,14.25,131,0
951,2026-07-27,R1/2027,13.6667,13.75,0.402,11.75,14.25,132,0
953,2026-07-27,R8/2026,13.8107,14.0,0.306,12.5,14.25,140,0
955,2026-07-27,R7/2026,13.8759,14.0,0.2368,13.0,14.25,139,0
957,2026-07-27,R6/2026,13.9353,14.0,0.1679,13.5,14.25,139,0
943,2026-07-27,R5/2027,12.7327,12.75,0.7672,10.25,14.25,130,0
907,2026-07-28,R7/2027,12.265,12.25,0.819,9.75,14.25,133,0
897,2026-07-28,R4/2028,11.318,11.5,1.0025,9.0,14.0,103,0
899,2026-07-28,R3/2028,11.4496,11.5,0.9431,9.25,14.0,114,0
901,2026-07-28,R2/2028,11.6358,11.75,0.8974,9.5,14.0,116,0
903,2026-07-28,R1/2028,11.8611,12.0,0.8681,9.75,14.25,117,0
905,2026-07-28,R8/2027,12.0779,12.0,0.8399,9.75,14.25,138,0
909,2026-07-28,R6/2027,12.4756,12.5,0.8064,9.75,14.25,133,0
927,2026-07-28,R5/2026,14.0337,14.0,0.0854,14.0,14.25,141,0
913,2026-07-28,R4/2027,13.0038,13.0,0.7031,10.75,14.25,133,0
915,2026-07-28,R3/2027,13.2707,13.25,0.5945,11.25,14.25,133,0
917,2026-07-28,R2/2027,13.5,13.5,0.4972,11.75,14.25,134,0
919,2026-07-28,R1/2027,13.6704,13.75,0.3963,11.75,14.25,135,0
921,2026-07-28,R8/2026,13.8151,14.0,0.3036,12.5,14.25,142,0
923,2026-07-28,R7/2026,13.8741,14.0,0.2356,13.0,14.25,141,0
925,2026-07-28,R6/2026,13.9291,14.0,0.164,13.5,14.25,141,0
911,2026-07-28,R5/2027,12.7293,12.75,0.7603,10.25,14.25,133,0
865,2026-07-29,R4/2028,11.3286,11.5,0.996,9.0,14.0,105,0
867,2026-07-29,R3/2028,11.4612,11.5,0.9392,9.25,14.0,116,0
869,2026-07-29,R2/2028,11.6483,11.75,0.8962,9.5,14.0,118,0
871,2026-07-29,R1/2028,11.8739,12.0,0.8702,9.75,14.25,119,0
873,2026-07-29,R8/2027,12.0993,12.0,0.8644,9.5,14.25,141,0
875,2026-07-29,R7/2027,12.2868,12.25,0.8421,9.75,14.25,136,0
877,2026-07-29,R6/2027,12.4945,12.5,0.8261,9.75,14.25,136,0
879,2026-07-29,R5/2027,12.7426,12.75,0.7747,10.25,14.25,136,0
881,2026-07-29,R4/2027,13.011,13.0,0.7135,10.75,14.25,136,0
883,2026-07-29,R3/2027,13.2721,13.25,0.6044,11.25,14.25,136,0
885,2026-07-29,R2/2027,13.4964,13.5,0.5054,11.75,14.25,137,0
887,2026-07-29,R1/2027,13.6649,13.75,0.4032,11.75,14.25,138,0
889,2026-07-29,R8/2026,13.8069,14.0,0.3104,12.5,14.25,145,0
891,2026-07-29,R7/2026,13.8681,14.0,0.2356,13.0,14.25,144,0
893,2026-07-29,R6/2026,13.9253,14.0,0.1616,13.5,14.25,144,0
895,2026-07-29,R5/2026,14.0313,14.0,0.0827,14.0,14.25,144,0
833,2026-07-30,R4/2028,11.3341,11.5,0.9858,9.0,14.0,107,0
835,2026-07-30,R3/2028,11.4637,11.5,0.9287,9.25,14.0,117,0
837,2026-07-30,R2/2028,11.6534,11.75,0.8847,9.5,14.0,119,0
839,2026-07-30,R1/2028,11.8771,12.0,0.8576,9.75,14.25,120,0
841,2026-07-30,R8/2027,12.1039,12.0,0.8539,9.5,14.25,142,0
843,2026-07-30,R7/2027,12.292,12.25,0.833,9.75,14.25,137,0
845,2026-07-30,R6/2027,12.5,12.5,0.8184,9.75,14.25,137,0
863,2026-07-30,R5/2026,14.0293,14.0,0.0804,14.0,14.25,145,0
849,2026-07-30,R4/2027,13.0146,13.0,0.7095,10.75,14.25,137,0
851,2026-07-30,R3/2027,13.2682,13.25,0.6001,11.25,14.25,137,0
853,2026-07-30,R2/2027,13.4928,13.5,0.5018,11.75,14.25,138,0
855,2026-07-30,R1/2027,13.6619,13.75,0.3999,11.75,14.25,139,0
857,2026-07-30,R8/2026,13.8048,14.0,0.309,12.5,14.25,146,0
859,2026-07-30,R7/2026,13.8638,14.0,0.2349,13.0,14.25,145,0
861,2026-07-30,R6/2026,13.919,14.0,0.1605,13.5,14.25,145,0
847,2026-07-30,R5/2027,12.7482,12.75,0.768,10.25,14.25,137,0
811,2026-07-31,R7/2027,12.2764,12.25,0.8124,9.75,14.0,142,0
801,2026-07-31,R4/2028,11.3391,11.5,0.9759,9.0,14.0,115,0
803,2026-07-31,R3/2028,11.4695,11.5,0.9149,9.25,14.0,123,0
805,2026-07-31,R2/2028,11.664,11.75,0.8718,9.5,14.0,125,0
807,2026-07-31,R1/2028,11.8849,12.0,0.8373,9.75,14.0,126,0
809,2026-07-31,R8/2027,12.1003,12.0,0.8262,9.5,14.0,147,0
813,2026-07-31,R6/2027,12.4806,12.5,0.7984,9.75,14.0,142,0
831,2026-07-31,R5/2026,14.0166,14.0,0.0685,13.75,14.25,151,0
817,2026-07-31,R4/2027,12.9965,13.0,0.6901,10.75,14.25,142,0
819,2026-07-31,R3/2027,13.2482,13.25,0.5885,11.25,14.25,142,0
821,2026-07-31,R2/2027,13.472,13.5,0.4966,11.75,14.25,143,0
823,2026-07-31,R1/2027,13.6354,13.75,0.3962,11.75,14.25,144,0
825,2026-07-31,R8/2026,13.778,13.75,0.3029,12.5,14.25,152,0
827,2026-07-31,R7/2026,13.8336,13.75,0.2241,13.0,14.25,151,0
829,2026-07-31,R6/2026,13.8882,14.0,0.1537,13.5,14.25,151,0
815,2026-07-31,R5/2027,12.7271,12.75,0.7523,10.25,14.25,142,0
769,2026-08-03,R4/2028,11.3596,11.5,0.9552,9.0,14.0,114,0
771,2026-08-03,R3/2028,11.4877,11.5,0.8962,9.25,14.0,122,0
773,2026-08-03,R2/2028,11.6835,11.75,0.8496,9.5,14.0,124,0
775,2026-08-03,R1/2028,11.902,12.0,0.8185,9.75,14.0,125,0
777,2026-08-03,R8/2027,12.1062,12.0,0.8218,9.5,14.0,146,0
779,2026-08-03,R7/2027,12.2784,12.25,0.8155,9.75,14.0,141,0
781,2026-08-03,R6/2027,12.4805,12.5,0.8062,9.75,14.0,141,0
783,2026-08-03,R5/2027,12.7252,12.75,0.7645,10.25,14.25,141,0
787,2026-08-03,R3/2027,13.2411,13.25,0.6119,11.0,14.25,141,0
789,2026-08-03,R2/2027,13.4665,13.5,0.5226,11.0,14.25,142,0
791,2026-08-03,R1/2027,13.6364,13.75,0.4051,11.5,14.25,143,0
793,2026-08-03,R8/2026,13.7798,13.75,0.3084,12.25,14.25,151,0
795,2026-08-03,R7/2026,13.8358,13.8125,0.2232,13.0,14.25,150,0
797,2026-08-03,R6/2026,13.8892,14.0,0.1538,13.5,14.25,150,0
799,2026-08-03,R5/2026,14.0167,14.0,0.0687,13.75,14.25,150,0
785,2026-08-03,R4/2027,12.9929,13.0,0.7071,10.75,14.25,141,0
737,2026-08-04,R4/2028,11.3565,11.5,0.947,9.0,14.0,115,0
739,2026-08-04,R3/2028,11.4878,11.5,0.8857,9.25,14.0,123,0
741,2026-08-04,R2/2028,11.686,11.75,0.8396,9.5,14.0,125,0
743,2026-08-04,R1/2028,11.9048,12.0,0.8109,9.75,14.0,126,0
745,2026-08-04,R8/2027,12.1054,12.0,0.8191,9.5,14.0,147,0
747,2026-08-04,R7/2027,12.2764,12.25,0.8135,9.75,14.0,142,0
751,2026-08-04,R5/2027,12.7254,12.75,0.7618,10.25,14.25,142,0
749,2026-08-04,R6/2027,12.4806,12.5,0.8033,9.75,14.0,142,0
755,2026-08-04,R3/2027,13.2412,13.25,0.6098,11.0,14.25,142,0
767,2026-08-04,R5/2026,14.0183,14.0,0.0652,14.0,14.25,150,0
765,2026-08-04,R6/2026,13.8908,14.0,0.1509,13.5,14.25,150,0
763,2026-08-04,R7/2026,13.8375,13.8125,0.2216,13.0,14.25,150,0
753,2026-08-04,R4/2027,12.993,13.0,0.7046,10.75,14.25,142,0
759,2026-08-04,R1/2027,13.6372,13.75,0.4049,11.5,14.25,144,0
757,2026-08-04,R2/2027,13.4668,13.5,0.5216,11.0,14.25,143,0
761,2026-08-04,R8/2026,13.7798,13.75,0.3098,12.25,14.25,151,0
705,2026-08-05,R4/2028,11.3664,11.5,0.9488,9.0,14.0,116,0
707,2026-08-05,R3/2028,11.496,11.5,0.8867,9.25,14.0,124,0
709,2026-08-05,R2/2028,11.6905,11.75,0.8383,9.5,14.0,126,0
711,2026-08-05,R1/2028,11.9055,12.0,0.8078,9.75,14.0,127,0
713,2026-08-05,R8/2027,12.1047,12.0,0.8163,9.5,14.0,148,0
717,2026-08-05,R6/2027,12.4808,12.5,0.8027,9.75,14.0,143,0
719,2026-08-05,R5/2027,12.7273,12.75,0.7641,10.25,14.25,143,0
715,2026-08-05,R7/2027,12.278,12.25,0.813,9.75,14.0,143,0
723,2026-08-05,R3/2027,13.243,13.25,0.6102,11.0,14.25,143,0
725,2026-08-05,R2/2027,13.4688,13.5,0.5203,11.0,14.25,144,0
727,2026-08-05,R1/2027,13.6397,13.75,0.4035,11.5,14.25,145,0
729,2026-08-05,R8/2026,13.7796,13.75,0.3088,12.25,14.25,152,0
731,2026-08-05,R7/2026,13.8369,13.75,0.221,13.0,14.25,151,0
733,2026-08-05,R6/2026,13.8916,14.0,0.1507,13.5,14.25,151,0
735,2026-08-05,R5/2026,14.0182,14.0,0.065,14.0,14.25,151,0
721,2026-08-05,R4/2027,12.993,13.0,0.7058,10.75,14.25,143,0
685,2026-08-06,R7/2027,12.2606,12.25,0.8206,9.75,14.0,142,0
675,2026-08-06,R4/2028,11.3513,11.375,0.944,9.0,14.0,116,0
677,2026-08-06,R3/2028,11.4778,11.5,0.8822,9.25,14.0,124,0
679,2026-08-06,R2/2028,11.6687,11.75,0.8344,9.5,14.0,126,0
681,2026-08-06,R1/2028,11.8799,12.0,0.8047,9.75,14.0,127,0
683,2026-08-06,R8/2027,12.0867,12.0,0.8179,9.5,14.0,147,0
687,2026-08-06,R6/2027,12.4595,12.5,0.8102,9.75,14.0,142,0
701,2026-08-06,R7/2026,13.8267,13.75,0.2235,13.0,14.25,150,0
691,2026-08-06,R4/2027,12.9736,13.0,0.71,10.75,14.25,142,0
693,2026-08-06,R3/2027,13.2236,13.25,0.6129,11.0,14.25,142,0
695,2026-08-06,R2/2027,13.4493,13.5,0.521,11.0,14.25,143,0
697,2026-08-06,R1/2027,13.625,13.75,0.404,11.5,14.25,144,0
699,2026-08-06,R8/2026,13.7682,13.75,0.3113,12.25,14.25,151,0
703,2026-08-06,R6/2026,13.8867,13.875,0.1516,13.5,14.25,150,0
689,2026-08-06,R5/2027,12.7077,12.75,0.7703,10.25,14.25,142,0
651,2026-08-07,R8/2027,12.0867,12.0,0.8184,9.5,14.0,147,0
643,2026-08-07,R4/2028,11.3513,11.375,0.9451,9.0,14.0,116,0
645,2026-08-07,R3/2028,11.4778,11.5,0.8833,9.25,14.0,124,0
647,2026-08-07,R2/2028,11.6687,11.75,0.8356,9.5,14.0,126,0
649,2026-08-07,R1/2028,11.8799,12.0,0.8059,9.75,14.0,127,0
655,2026-08-07,R6/2027,12.4577,12.5,0.8109,9.75,14.0,142,0
653,2026-08-07,R7/2027,12.2588,12.25,0.8214,9.75,14.0,142,0
659,2026-08-07,R4/2027,12.9683,13.0,0.712,10.75,14.25,142,0
671,2026-08-07,R6/2026,13.88,13.75,0.1547,13.5,14.25,150,0
661,2026-08-07,R3/2027,13.2183,13.25,0.6159,11.0,14.25,142,0
663,2026-08-07,R2/2027,13.4441,13.5,0.5251,11.0,14.25,143,0
665,2026-08-07,R1/2027,13.6181,13.75,0.4093,11.5,14.25,144,0
667,2026-08-07,R8/2026,13.7566,13.75,0.3151,12.25,14.25,151,0
669,2026-08-07,R7/2026,13.8167,13.75,0.2248,13.0,14.25,150,0
657,2026-08-07,R5/2027,12.7042,12.75,0.7718,10.25,14.25,142,0
613,2026-08-10,R3/2028,11.4793,11.5,0.8858,9.25,14.0,121,0
615,2026-08-10,R2/2028,11.6728,11.75,0.8381,9.5,14.0,123,0
617,2026-08-10,R1/2028,11.8871,12.0,0.8078,9.75,14.0,124,0
619,2026-08-10,R8/2027,12.081,12.0,0.8268,9.5,14.0,145,0
621,2026-08-10,R7/2027,12.25,12.25,0.8302,9.75,14.0,140,0
623,2026-08-10,R6/2027,12.45,12.5,0.8228,9.75,14.0,140,0
611,2026-08-10,R4/2028,11.3413,11.25,0.9431,9.0,14.0,115,0
627,2026-08-10,R4/2027,12.9643,13.0,0.7304,10.75,14.25,140,0
629,2026-08-10,R3/2027,13.2161,13.25,0.6269,11.0,14.25,140,0
631,2026-08-10,R2/2027,13.445,13.5,0.5268,11.0,14.25,141,0
633,2026-08-10,R1/2027,13.6162,13.75,0.4086,11.5,14.25,142,0
635,2026-08-10,R8/2026,13.7534,13.75,0.3133,12.25,14.25,149,0
637,2026-08-10,R7/2026,13.8125,13.75,0.223,13.0,14.25,148,0
639,2026-08-10,R6/2026,13.875,13.75,0.1524,13.5,14.25,148,0
625,2026-08-10,R5/2027,12.6982,12.75,0.7869,10.25,14.25,140,0
579,2026-08-11,R4/2028,11.3435,11.25,0.9409,9.0,14.0,115,0
581,2026-08-11,R3/2028,11.4814,11.5,0.8838,9.25,14.0,121,0
583,2026-08-11,R2/2028,11.6748,11.75,0.8361,9.5,14.0,123,0
585,2026-08-11,R1/2028,11.8871,12.0,0.8078,9.75,14.0,124,0
587,2026-08-11,R8/2027,12.0897,12.0,0.8219,9.5,14.0,145,0
589,2026-08-11,R7/2027,12.2589,12.25,0.8234,9.75,14.0,140,0
591,2026-08-11,R6/2027,12.4589,12.5,0.8137,9.75,14.0,140,0
593,2026-08-11,R5/2027,12.7054,12.75,0.7776,10.25,14.25,140,0
597,2026-08-11,R3/2027,13.2232,13.25,0.6041,11.25,14.25,140,0
599,2026-08-11,R2/2027,13.4539,13.5,0.4907,11.75,14.25,141,0
601,2026-08-11,R1/2027,13.6232,13.75,0.3726,12.25,14.25,142,0
603,2026-08-11,R8/2026,13.7567,13.75,0.2896,12.75,14.25,149,0
605,2026-08-11,R7/2026,13.8125,13.75,0.2133,13.25,14.25,148,0
607,2026-08-11,R6/2026,13.8733,13.75,0.1496,13.5,14.25,148,0
595,2026-08-11,R4/2027,12.9714,13.0,0.7166,10.75,14.25,140,0
547,2026-08-12,R4/2028,11.3319,11.25,0.945,9.0,14.0,116,0
549,2026-08-12,R3/2028,11.4897,11.5,0.8698,9.25,14.0,121,0
551,2026-08-12,R2/2028,11.6829,11.75,0.8246,9.5,14.0,123,0
559,2026-08-12,R6/2027,12.4625,12.5,0.8084,9.75,14.0,140,0
555,2026-08-12,R8/2027,12.0897,12.0,0.8219,9.5,14.0,145,0
561,2026-08-12,R5/2027,12.7071,12.75,0.7717,10.25,14.25,140,0
553,2026-08-12,R1/2028,11.8911,12.0,0.8021,9.75,14.0,124,0
565,2026-08-12,R3/2027,13.2232,13.25,0.6019,11.25,14.25,140,0
563,2026-08-12,R4/2027,12.9714,13.0,0.7134,10.75,14.25,140,0
575,2026-08-12,R6/2026,13.8666,13.75,0.1494,13.5,14.25,148,0
573,2026-08-12,R7/2026,13.8057,13.75,0.2112,13.25,14.25,148,0
557,2026-08-12,R7/2027,12.2589,12.25,0.8234,9.75,14.0,140,0
569,2026-08-12,R1/2027,13.6197,13.75,0.3726,12.25,14.25,142,0
567,2026-08-12,R2/2027,13.4521,13.5,0.4883,11.75,14.25,141,0
571,2026-08-12,R8/2026,13.7483,13.75,0.2889,12.75,14.25,149,0
515,2026-08-13,R4/2028,11.3419,11.25,0.9465,9.0,14.0,117,0
517,2026-08-13,R3/2028,11.498,11.5,0.8734,9.25,14.0,122,0
519,2026-08-13,R2/2028,11.6895,11.75,0.8288,9.5,14.0,124,0
521,2026-08-13,R1/2028,11.9,12.0,0.8124,9.75,14.0,125,0
525,2026-08-13,R7/2027,12.2768,12.25,0.8033,9.75,14.0,140,0
527,2026-08-13,R6/2027,12.4768,12.5,0.7877,9.75,14.0,140,0
523,2026-08-13,R8/2027,12.1121,12.0,0.7997,9.75,14.0,145,0
531,2026-08-13,R4/2027,12.9768,13.0,0.6911,10.75,14.0,140,0
533,2026-08-13,R3/2027,13.2214,13.25,0.5848,11.25,14.0,140,0
535,2026-08-13,R2/2027,13.445,13.5,0.4765,11.75,14.0,141,0
537,2026-08-13,R1/2027,13.6092,13.75,0.3651,12.25,14.0,142,0
539,2026-08-13,R8/2026,13.7349,13.75,0.2826,12.75,14.25,149,0
541,2026-08-13,R7/2026,13.7939,13.75,0.207,13.25,14.25,148,0
543,2026-08-13,R6/2026,13.8598,13.75,0.146,13.5,14.25,148,0
529,2026-08-13,R5/2027,12.7179,12.75,0.7481,10.25,14.0,140,0
491,2026-08-14,R8/2027,12.1017,12.0,0.7837,9.75,14.0,145,0
481,2026-08-14,R5/2028,11.1509,11.0,1.061,8.75,13.75,53,0
483,2026-08-14,R4/2028,11.3305,11.25,0.9291,9.0,14.0,118,0
485,2026-08-14,R3/2028,11.4837,11.5,0.8547,9.25,14.0,123,0
487,2026-08-14,R2/2028,11.678,11.75,0.8074,9.5,14.0,125,0
489,2026-08-14,R1/2028,11.8889,12.0,0.7884,9.75,14.0,126,0
493,2026-08-14,R7/2027,12.2606,12.25,0.7849,9.75,14.0,141,0
507,2026-08-14,R8/2026,13.7078,13.75,0.2717,12.75,14.25,148,0
497,2026-08-14,R5/2027,12.7092,12.75,0.7327,10.25,14.0,141,0
499,2026-08-14,R4/2027,12.9628,13.0,0.6717,10.75,14.0,141,0
501,2026-08-14,R3/2027,13.2057,13.25,0.5636,11.25,14.0,141,0
503,2026-08-14,R2/2027,13.4278,13.5,0.4564,11.75,14.0,142,0
505,2026-08-14,R1/2027,13.5892,13.75,0.3528,12.25,14.0,143,0
509,2026-08-14,R7/2026,13.7635,13.75,0.1923,13.25,14.25,148,0
511,2026-08-14,R6/2026,13.8311,13.75,0.1307,13.5,14.25,148,0
495,2026-08-14,R6/2027,12.4628,12.5,0.7689,9.75,14.0,141,0
459,2026-08-17,R8/2027,12.1039,12.0,0.7896,9.75,14.0,142,0
449,2026-08-17,R5/2028,11.1273,11.0,1.0584,8.75,13.75,55,0
451,2026-08-17,R4/2028,11.3319,11.25,0.9318,9.0,14.0,116,0
453,2026-08-17,R3/2028,11.4835,11.5,0.8593,9.25,14.0,121,0
455,2026-08-17,R2/2028,11.6768,11.75,0.8132,9.5,14.0,123,0
461,2026-08-17,R7/2027,12.2663,12.25,0.7901,9.75,14.0,138,0
457,2026-08-17,R1/2028,11.8891,12.0,0.7933,9.75,14.0,124,0
463,2026-08-17,R6/2027,12.4728,12.5,0.7718,9.75,14.0,138,0
467,2026-08-17,R4/2027,12.9692,13.0,0.674,10.75,14.0,138,0
469,2026-08-17,R3/2027,13.2083,13.25,0.5659,11.25,14.0,138,0
471,2026-08-17,R2/2027,13.4281,13.5,0.459,11.75,14.0,139,0
473,2026-08-17,R1/2027,13.5857,13.75,0.3545,12.25,14.0,140,0
475,2026-08-17,R8/2026,13.7017,13.75,0.2712,12.75,14.25,145,0
477,2026-08-17,R7/2026,13.7586,13.75,0.1912,13.25,14.25,145,0
479,2026-08-17,R6/2026,13.8276,13.75,0.1297,13.5,14.25,145,0
465,2026-08-17,R5/2027,12.7192,12.75,0.7332,10.25,14.0,138,0
419,2026-08-18,R4/2028,11.3319,11.25,0.9318,9.0,14.0,116,0
421,2026-08-18,R3/2028,11.4835,11.5,0.8593,9.25,14.0,121,0
423,2026-08-18,R2/2028,11.6768,11.75,0.8132,9.5,14.0,123,0
425,2026-08-18,R1/2028,11.8891,12.0,0.7933,9.75,14.0,124,0
427,2026-08-18,R8/2027,12.1039,12.0,0.7896,9.75,14.0,142,0
429,2026-08-18,R7/2027,12.2663,12.25,0.7901,9.75,14.0,138,0
431,2026-08-18,R6/2027,12.4728,12.5,0.7718,9.75,14.0,138,0
417,2026-08-18,R5/2028,11.1273,11.0,1.0584,8.75,13.75,55,0
435,2026-08-18,R4/2027,12.9692,13.0,0.674,10.75,14.0,138,0
437,2026-08-18,R3/2027,13.2083,13.25,0.5659,11.25,14.0,138,0
439,2026-08-18,R2/2027,13.4281,13.5,0.459,11.75,14.0,139,0
441,2026-08-18,R1/2027,13.5857,13.75,0.3545,12.25,14.0,140,0
443,2026-08-18,R8/2026,13.7017,13.75,0.2712,12.75,14.25,145,0
445,2026-08-18,R7/2026,13.7586,13.75,0.1912,13.25,14.25,145,0
447,2026-08-18,R6/2026,13.8276,13.75,0.1297,13.5,14.25,145,0
433,2026-08-18,R5/2027,12.7192,12.75,0.7332,10.25,14.0,138,0
385,2026-08-19,R5/2028,11.1272,11.0,1.0525,8.75,13.75,57,0
387,2026-08-19,R4/2028,11.319,11.25,0.9329,9.0,14.0,116,0
389,2026-08-19,R3/2028,11.4711,11.5,0.8553,9.25,14.0,121,0
391,2026-08-19,R2/2028,11.6667,11.75,0.8075,9.5,14.0,123,0
393,2026-08-19,R1/2028,11.881,12.0,0.787,9.75,14.0,124,0
395,2026-08-19,R8/2027,12.0986,12.0,0.7861,9.75,14.0,142,0
397,2026-08-19,R7/2027,12.2627,12.25,0.7879,9.75,14.0,138,0
399,2026-08-19,R6/2027,12.4692,12.5,0.7693,9.75,14.0,138,0
403,2026-08-19,R4/2027,12.9656,13.0,0.6711,10.75,14.0,138,0
405,2026-08-19,R3/2027,13.2047,13.25,0.5656,11.25,14.0,138,0
407,2026-08-19,R2/2027,13.4227,13.5,0.4596,11.75,14.0,139,0
409,2026-08-19,R1/2027,13.5804,13.75,0.3552,12.25,14.0,140,0
411,2026-08-19,R8/2026,13.6966,13.75,0.271,12.75,14.25,145,0
413,2026-08-19,R7/2026,13.7534,13.75,0.1925,13.25,14.25,145,0
415,2026-08-19,R6/2026,13.8259,13.75,0.1291,13.5,14.25,145,0
401,2026-08-19,R5/2027,12.7156,12.75,0.7305,10.25,14.0,138,0
353,2026-08-20,R5/2028,11.1228,11.0,1.0452,8.75,13.75,57,0
355,2026-08-20,R4/2028,11.3217,11.25,0.9318,9.0,14.0,115,0
357,2026-08-20,R3/2028,11.4729,11.5,0.8544,9.25,14.0,120,0
359,2026-08-20,R2/2028,11.668,11.75,0.8069,9.5,14.0,122,0
361,2026-08-20,R1/2028,11.878,12.0,0.7798,9.75,14.0,123,0
363,2026-08-20,R8/2027,12.0982,12.0,0.7859,9.75,14.0,140,0
365,2026-08-20,R7/2027,12.2573,12.25,0.783,9.75,14.0,137,0
369,2026-08-20,R5/2027,12.7135,12.75,0.7291,10.25,14.0,137,0
371,2026-08-20,R4/2027,12.9635,13.0,0.6697,10.75,14.0,137,0
373,2026-08-20,R3/2027,13.2026,13.25,0.5639,11.25,14.0,137,0
375,2026-08-20,R2/2027,13.4185,13.5,0.4586,11.75,14.0,138,0
377,2026-08-20,R1/2027,13.5755,13.75,0.3531,12.25,14.0,139,0
379,2026-08-20,R8/2026,13.6914,13.75,0.2689,12.75,14.25,143,0
381,2026-08-20,R7/2026,13.75,13.75,0.1893,13.25,14.25,143,0
383,2026-08-20,R6/2026,13.8217,13.75,0.1276,13.5,14.25,143,0
367,2026-08-20,R6/2027,12.4653,12.5,0.7649,9.75,14.0,137,0
321,2026-08-21,R5/2028,11.1286,11.25,1.0087,8.75,13.75,70,0
323,2026-08-21,R4/2028,11.2987,11.25,0.9103,9.0,14.0,118,0
325,2026-08-21,R3/2028,11.457,11.5,0.8363,9.25,14.0,122,0
327,2026-08-21,R2/2028,11.6545,11.75,0.7903,9.5,14.0,123,0
329,2026-08-21,R1/2028,11.869,12.0,0.7656,9.75,14.0,124,0
331,2026-08-21,R8/2027,12.0845,12.0,0.7725,9.75,14.0,142,0
333,2026-08-21,R7/2027,12.2482,12.25,0.7764,9.75,14.0,138,0
335,2026-08-21,R6/2027,12.4529,12.5,0.7641,9.75,14.0,138,0
337,2026-08-21,R5/2027,12.7011,12.75,0.7322,10.25,14.0,138,0
339,2026-08-21,R4/2027,12.9568,13.0,0.6685,10.75,14.0,139,0
341,2026-08-21,R3/2027,13.1978,13.25,0.5614,11.25,14.0,139,0
343,2026-08-21,R2/2027,13.4143,13.5,0.4539,11.75,14.0,140,0
345,2026-08-21,R1/2027,13.5727,13.75,0.3479,12.25,14.0,141,0
347,2026-08-21,R8/2026,13.6871,13.75,0.2651,12.75,14.25,145,0
349,2026-08-21,R7/2026,13.7448,13.75,0.1868,13.25,14.25,145,0
351,2026-08-21,R6/2026,13.8172,13.75,0.1254,13.5,14.25,145,0
289,2026-08-24,R5/2028,11.0877,11.0,1.0143,8.75,13.75,77,0
291,2026-08-24,R4/2028,11.2671,11.25,0.9214,9.0,14.0,117,0
293,2026-08-24,R3/2028,11.4318,11.5,0.8461,9.25,14.0,121,0
295,2026-08-24,R2/2028,11.6405,11.75,0.8009,9.5,14.0,121,0
297,2026-08-24,R1/2028,11.8586,12.0,0.7749,9.75,14.0,122,0
299,2026-08-24,R8/2027,12.0845,12.0,0.7783,9.75,14.0,139,0
301,2026-08-24,R7/2027,12.2556,12.25,0.7796,9.75,14.0,135,0
319,2026-08-24,R6/2026,13.7993,13.75,0.108,13.5,14.25,142,0
305,2026-08-24,R5/2027,12.7056,12.75,0.734,10.25,14.0,135,0
307,2026-08-24,R4/2027,12.9632,13.0,0.6701,10.75,14.0,136,0
309,2026-08-24,R3/2027,13.2004,13.25,0.5638,11.25,14.0,136,0
311,2026-08-24,R2/2027,13.4088,13.5,0.455,11.75,14.0,137,0
313,2026-08-24,R1/2027,13.5598,13.75,0.3439,12.25,14.0,138,0
315,2026-08-24,R8/2026,13.6664,13.75,0.2547,12.75,14.25,142,0
317,2026-08-24,R7/2026,13.7236,13.75,0.1723,13.25,14.25,142,0
303,2026-08-24,R6/2027,12.4593,12.5,0.7639,9.75,14.0,135,0
267,2026-08-25,R8/2027,12.0816,12.0,0.7733,9.75,14.0,141,0
257,2026-08-25,R5/2028,11.0791,11.0,1.0036,8.75,13.75,79,0
259,2026-08-25,R4/2028,11.2626,11.25,0.9149,9.0,14.0,119,0
261,2026-08-25,R3/2028,11.4289,11.5,0.8401,9.25,14.0,123,0
263,2026-08-25,R2/2028,11.6382,11.75,0.7952,9.5,14.0,123,0
265,2026-08-25,R1/2028,11.8569,12.0,0.7694,9.75,14.0,124,0
269,2026-08-25,R7/2027,12.2555,12.25,0.7739,9.75,14.0,137,0
271,2026-08-25,R6/2027,12.4617,12.5,0.7587,9.75,14.0,137,0
273,2026-08-25,R5/2027,12.708,12.75,0.7291,10.25,14.0,137,0
275,2026-08-25,R4/2027,12.9656,13.0,0.6657,10.75,14.0,138,0
277,2026-08-25,R3/2027,13.2029,13.25,0.5603,11.25,14.0,138,0
279,2026-08-25,R2/2027,13.4119,13.5,0.4527,11.75,14.0,139,0
281,2026-08-25,R1/2027,13.5643,13.75,0.3438,12.25,14.0,140,0
283,2026-08-25,R8/2026,13.6693,13.75,0.2545,12.75,14.25,144,0
285,2026-08-25,R7/2026,13.7257,13.75,0.1726,13.25,14.25,144,0
287,2026-08-25,R6/2026,13.8003,13.75,0.1086,13.5,14.25,144,0
225,2026-08-26,R5/2028,11.0656,11.0,1.0045,8.75,13.75,80,0
227,2026-08-26,R4/2028,11.2626,11.25,0.9149,9.0,14.0,119,0
229,2026-08-26,R3/2028,11.4289,11.5,0.8401,9.25,14.0,123,0
231,2026-08-26,R2/2028,11.6382,11.75,0.7952,9.5,14.0,123,0
233,2026-08-26,R1/2028,11.8569,12.0,0.7694,9.75,14.0,124,0
235,2026-08-26,R8/2027,12.0739,12.0,0.7758,9.75,14.0,142,0
237,2026-08-26,R7/2027,12.2464,12.25,0.7784,9.75,14.0,138,0
239,2026-08-26,R6/2027,12.4511,12.5,0.766,9.75,14.0,138,0
241,2026-08-26,R5/2027,12.6993,12.75,0.7336,10.25,14.0,138,0
243,2026-08-26,R4/2027,12.9586,13.0,0.6683,10.75,14.0,139,0
245,2026-08-26,R3/2027,13.1978,13.25,0.5614,11.25,14.0,139,0
247,2026-08-26,R2/2027,13.4089,13.5,0.4524,11.75,14.0,140,0
249,2026-08-26,R1/2027,13.5638,13.75,0.3426,12.25,14.0,141,0
251,2026-08-26,R8/2026,13.6716,13.75,0.2551,12.75,14.25,145,0
253,2026-08-26,R7/2026,13.7276,13.75,0.1735,13.25,14.25,145,0
255,2026-08-26,R6/2026,13.8017,13.75,0.1095,13.5,14.25,145,0
193,2026-08-27,R5/2028,11.037,11.0,0.9727,8.75,13.75,81,0
195,2026-08-27,R4/2028,11.2521,11.25,0.8932,9.0,14.0,119,0
197,2026-08-27,R3/2028,11.4187,11.5,0.8193,9.25,14.0,123,0
199,2026-08-27,R2/2028,11.628,11.75,0.7759,9.5,14.0,123,0
201,2026-08-27,R1/2028,11.8468,12.0,0.7525,9.75,14.0,124,0
203,2026-08-27,R8/2027,12.0651,12.0,0.7638,9.75,14.0,142,0
205,2026-08-27,R7/2027,12.2391,12.25,0.769,9.75,14.0,138,0
223,2026-08-27,R6/2026,13.8017,13.75,0.1095,13.5,14.25,145,0
209,2026-08-27,R5/2027,12.6957,12.75,0.7296,10.25,14.0,138,0
211,2026-08-27,R4/2027,12.9568,13.0,0.6665,10.75,14.0,139,0
213,2026-08-27,R3/2027,13.1978,13.25,0.5614,11.25,14.0,139,0
215,2026-08-27,R2/2027,13.4089,13.5,0.4524,11.75,14.0,140,0
217,2026-08-27,R1/2027,13.5638,13.75,0.3426,12.25,14.0,141,0
219,2026-08-27,R8/2026,13.6716,13.75,0.2551,12.75,14.25,145,0
221,2026-08-27,R7/2026,13.7276,13.75,0.1735,13.25,14.25,145,0
207,2026-08-27,R6/2027,12.4457,12.5,0.7594,9.75,14.0,138,0
161,2026-08-28,R5/2028,11.0265,11.0,0.9702,8.75,13.75,85,0
163,2026-08-28,R4/2028,11.2436,11.25,0.9017,9.0,14.0,118,0
165,2026-08-28,R3/2028,11.4078,11.5,0.8287,9.25,14.0,122,0
167,2026-08-28,R2/2028,11.6189,11.625,0.7855,9.5,14.0,122,0
171,2026-08-28,R8/2027,12.0571,12.0,0.7765,9.75,14.0,140,0
169,2026-08-28,R1/2028,11.8394,12.0,0.7632,9.75,14.0,123,0
173,2026-08-28,R7/2027,12.2353,12.25,0.774,9.75,14.0,136,0
183,2026-08-28,R2/2027,13.4004,13.5,0.453,11.75,14.0,138,0
177,2026-08-28,R5/2027,12.6949,12.75,0.7337,10.25,14.0,136,0
179,2026-08-28,R4/2027,12.9544,13.0,0.6708,10.75,14.0,137,0
181,2026-08-28,R3/2027,13.1934,13.25,0.5651,11.25,14.0,137,0
185,2026-08-28,R1/2027,13.5576,13.75,0.3423,12.25,14.0,139,0
187,2026-08-28,R8/2026,13.6652,13.75,0.2507,12.75,14.0,143,0
189,2026-08-28,R7/2026,13.7203,13.75,0.1659,13.25,14.0,143,0
191,2026-08-28,R6/2026,13.7972,13.75,0.1022,13.5,14.0,143,0
175,2026-08-28,R6/2027,12.4449,12.5,0.7638,9.75,14.0,136,0
129,2026-08-31,R5/2028,11.0489,11.0,0.97,8.75,13.75,87,0
131,2026-08-31,R4/2028,11.2212,11.25,0.8703,9.0,13.75,113,0
133,2026-08-31,R3/2028,11.3846,11.5,0.7977,9.25,13.75,117,0
135,2026-08-31,R2/2028,11.5962,11.5,0.7559,9.5,13.75,117,0
137,2026-08-31,R1/2028,11.8157,12.0,0.7346,9.75,13.75,118,0
139,2026-08-31,R8/2027,12.0407,12.0,0.7547,9.75,14.0,135,0
141,2026-08-31,R7/2027,12.2195,12.25,0.7516,9.75,14.0,131,0
143,2026-08-31,R6/2027,12.4275,12.5,0.7494,9.75,14.0,131,0
145,2026-08-31,R5/2027,12.6775,12.75,0.7261,10.25,14.0,131,0
147,2026-08-31,R4/2027,12.9356,13.0,0.6654,10.75,14.0,132,0
149,2026-08-31,R3/2027,13.1761,13.25,0.5655,11.25,14.0,132,0
151,2026-08-31,R2/2027,13.3845,13.5,0.4548,11.75,14.0,132,0
153,2026-08-31,R1/2027,13.5451,13.75,0.3425,12.25,14.0,133,0
155,2026-08-31,R8/2026,13.6535,13.75,0.25,12.75,14.0,136,0
157,2026-08-31,R7/2026,13.7093,13.75,0.1616,13.25,14.0,135,0
159,2026-08-31,R6/2026,13.7907,13.75,0.0972,13.5,14.0,135,0
97,2026-09-01,R5/2028,11.0489,11.0,0.97,8.75,13.75,87,0
99,2026-09-01,R4/2028,11.2212,11.25,0.8703,9.0,13.75,113,0
101,2026-09-01,R3/2028,11.3846,11.5,0.7977,9.25,13.75,117,0
103,2026-09-01,R2/2028,11.5962,11.5,0.7559,9.5,13.75,117,0
105,2026-09-01,R1/2028,11.8157,12.0,0.7346,9.75,13.75,118,0
107,2026-09-01,R8/2027,12.0407,12.0,0.7547,9.75,14.0,135,0
109,2026-09-01,R7/2027,12.2195,12.25,0.7516,9.75,14.0,131,0
127,2026-09-01,R6/2026,13.7907,13.75,0.0972,13.5,14.0,135,0
113,2026-09-01,R5/2027,12.6775,12.75,0.7261,10.25,14.0,131,0
115,2026-09-01,R4/2027,12.9356,13.0,0.6654,10.75,14.0,132,0
117,2026-09-01,R3/2027,13.1761,13.25,0.5655,11.25,14.0,132,0
119,2026-09-01,R2/2027,13.3845,13.5,0.4548,11.75,14.0,132,0
121,2026-09-01,R1/2027,13.5451,13.75,0.3425,12.25,14.0,133,0
123,2026-09-01,R8/2026,13.6535,13.75,0.25,12.75,14.0,136,0
125,2026-09-01,R7/2026,13.7093,13.75,0.1616,13.25,14.0,135,0
111,2026-09-01,R6/2027,12.4275,12.5,0.7494,9.75,14.0,131,0
65,2026-09-02,R5/2028,11.0431,11.0,0.9762,8.75,13.75,87,0
67,2026-09-02,R4/2028,11.2146,11.25,0.8767,9.0,13.75,113,0
69,2026-09-02,R3/2028,11.3782,11.5,0.8017,9.25,13.75,117,0
71,2026-09-02,R2/2028,11.5897,11.5,0.7578,9.5,13.75,117,0
75,2026-09-02,R8/2027,12.0441,12.0,0.7554,9.75,14.0,136,0
73,2026-09-02,R1/2028,11.8093,12.0,0.7341,9.75,13.75,118,0
77,2026-09-02,R7/2027,12.2235,12.25,0.7514,9.75,14.0,132,0
87,2026-09-02,R2/2027,13.3797,13.5,0.4533,11.75,14.0,133,0
81,2026-09-02,R5/2027,12.678,12.75,0.7233,10.25,14.0,132,0
83,2026-09-02,R4/2027,12.9342,13.0,0.6624,10.75,14.0,133,0
85,2026-09-02,R3/2027,13.1729,13.25,0.5629,11.25,14.0,133,0
89,2026-09-02,R1/2027,13.541,13.75,0.3417,12.25,14.0,134,0
91,2026-09-02,R8/2026,13.6505,13.75,0.2496,12.75,14.0,137,0
93,2026-09-02,R7/2026,13.7077,13.75,0.162,13.25,14.0,136,0
95,2026-09-02,R6/2026,13.7923,13.75,0.0985,13.5,14.0,136,0
79,2026-09-02,R6/2027,12.4299,12.5,0.7477,9.75,14.0,132,0
33,2026-09-03,R5/2028,11.0722,11.0,1.0016,8.75,13.75,90,0
35,2026-09-03,R4/2028,11.2349,11.25,0.8968,9.0,13.75,116,0
37,2026-09-03,R3/2028,11.3958,11.5,0.8207,9.25,13.75,120,0
41,2026-09-03,R1/2028,11.8202,12.0,0.7477,9.75,13.75,121,0
43,2026-09-03,R8/2027,12.0507,12.0,0.7668,9.75,14.0,138,0
45,2026-09-03,R7/2027,12.2295,12.25,0.7599,9.75,14.0,134,0
47,2026-09-03,R6/2027,12.4328,12.5,0.7594,9.75,14.0,134,0
39,2026-09-03,R2/2028,11.6042,11.5,0.7743,9.5,13.75,120,0
51,2026-09-03,R4/2027,12.9352,13.0,0.6639,10.75,14.0,135,0
53,2026-09-03,R3/2027,13.1741,13.25,0.5588,11.25,14.0,135,0
55,2026-09-03,R2/2027,13.3796,13.5,0.4491,11.75,14.0,135,0
57,2026-09-03,R1/2027,13.5404,13.75,0.3379,12.25,14.0,136,0
59,2026-09-03,R8/2026,13.652,13.75,0.2463,12.75,14.0,139,0
61,2026-09-03,R7/2026,13.7083,13.75,0.1609,13.25,14.0,138,0
63,2026-09-03,R6/2026,13.7899,13.75,0.0963,13.5,14.0,138,0
49,2026-09-03,R5/2027,12.6791,12.75,0.7321,10.25,14.0,134,0
3,2026-09-04,R4/2028,11.235,11.25,0.8929,9.0,13.75,117,0
5,2026-09-04,R3/2028,11.3967,11.5,0.8173,9.25,13.75,121,0
7,2026-09-04,R2/2028,11.6054,11.5,0.7712,9.5,13.75,121,0
9,2026-09-04,R1/2028,11.8238,12.0,0.7457,9.75,13.75,122,0
11,2026-09-04,R8/2027,12.054,12.0,0.7638,9.75,14.0,139,0
13,2026-09-04,R7/2027,12.2296,12.25,0.7583,9.75,14.0,135,0
15,2026-09-04,R6/2027,12.4333,12.5,0.759,9.75,14.0,135,0
23,2026-09-04,R2/2027,13.3732,13.5,0.4568,11.75,14.0,136,0
19,2026-09-04,R4/2027,12.9301,13.0,0.6723,10.75,14.0,136,0
21,2026-09-04,R3/2027,13.1691,13.25,0.5679,11.25,14.0,136,0
25,2026-09-04,R1/2027,13.5328,13.75,0.3428,12.25,14.0,137,0
27,2026-09-04,R8/2026,13.642,13.75,0.2465,12.75,14.0,140,0
29,2026-09-04,R7/2026,13.7014,13.75,0.1583,13.25,14.0,139,0
31,2026-09-04,R6/2026,13.786,13.75,0.0927,13.5,14.0,139,0
17,2026-09-04,R5/2027,12.6778,12.75,0.7334,10.25,14.0,135,0
1,2026-09-04,R5/2028,11.0815,11.0,0.9953,8.75,13.75,92,0
