,Media,Data
2,0.526,2025-03-01
3,0.5111,2025-03-01
4,0.4754,2025-04-01
5,0.4932,2025-04-01
6,0.3568,2025-05-01
7,0.3516,2025-05-01
8,0.3292,2025-06-01
9,0.318,2025-06-01
10,0.3257,2025-07-01
11,0.3361,2025-07-01
12,0.2361,2025-08-01
13,0.2551,2025-08-01
14,0.3283,2025-09-01
15,0.3399,2025-09-01
16,0.4038,2025-10-01
17,0.4253,2025-10-01
18,0.3585,2025-11-01
19,0.3685,2025-11-01
20,0.5843,2025-12-01
21,0.5889,2025-12-01
22,0.4361,2026-01-01
23,0.4461,2026-01-01
24,0.5672,2026-02-01
25,0.6082,2026-02-01
26,0.3833,2026-03-01
27,0.3867,2026-03-01
28,0.3826,2026-04-01
29,0.3943,2026-04-01
30,0.2985,2026-05-01
31,0.2976,2026-05-01
32,0.2584,2026-06-01
33,0.2481,2026-06-01
34,0.1984,2026-07-01
35,0.2384,2026-07-01
36,0.185,2026-08-01
37,0.1968,2026-08-01
38,0.284,2026-09-01
39,0.2927,2026-09-01
52,0.5367,2025-03-01
53,0.5112,2025-03-01
54,0.4733,2025-04-01
55,0.4935,2025-04-01
56,0.3581,2025-05-01
57,0.3519,2025-05-01
58,0.3386,2025-06-01
59,0.3185,2025-06-01
60,0.3395,2025-07-01
61,0.3367,2025-07-01
62,0.2462,2025-08-01
63,0.2533,2025-08-01
64,0.3354,2025-09-01
65,0.3402,2025-09-01
66,0.4062,2025-10-01
67,0.4255,2025-10-01
68,0.3546,2025-11-01
69,0.3682,2025-11-01
70,0.5778,2025-12-01
71,0.5906,2025-12-01
72,0.4324,2026-01-01
73,0.4469,2026-01-01
74,0.5682,2026-02-01
75,0.6086,2026-02-01
76,0.3903,2026-03-01
77,0.3865,2026-03-01
78,0.3941,2026-04-01
79,0.3953,2026-04-01
80,0.2982,2026-05-01
81,0.2976,2026-05-01
82,0.2661,2026-06-01
83,0.2481,2026-06-01
84,0.2047,2026-07-01
85,0.2387,2026-07-01
86,0.1964,2026-08-01
87,0.1959,2026-08-01
88,0.2934,2026-09-01
89,0.2931,2026-09-01
102,0.5311,2025-03-01
103,0.5109,2025-03-01
104,0.4563,2025-04-01
105,0.4914,2025-04-01
106,0.3626,2025-05-01
107,0.3558,2025-05-01
108,0.3402,2025-06-01
109,0.3208,2025-06-01
110,0.3391,2025-07-01
111,0.3389,2025-07-01
112,0.2424,2025-08-01
113,0.2562,2025-08-01
114,0.3388,2025-09-01
115,0.3405,2025-09-01
116,0.4103,2025-10-01
117,0.4242,2025-10-01
118,0.3498,2025-11-01
119,0.3674,2025-11-01
120,0.5799,2025-12-01
121,0.5888,2025-12-01
122,0.421,2026-01-01
123,0.4476,2026-01-01
124,0.5916,2026-02-01
125,0.6107,2026-02-01
126,0.3866,2026-03-01
127,0.3851,2026-03-01
128,0.3574,2026-04-01
129,0.3935,2026-04-01
130,0.2961,2026-05-01
131,0.2976,2026-05-01
132,0.2488,2026-06-01
133,0.2481,2026-06-01
134,0.1985,2026-07-01
135,0.2386,2026-07-01
136,0.1859,2026-08-01
137,0.1961,2026-08-01
138,0.2822,2026-09-01
139,0.2933,2026-09-01
152,0.5282,2025-03-01
153,0.5122,2025-03-01
154,0.4608,2025-04-01
155,0.4899,2025-04-01
156,0.3703,2025-05-01
157,0.3559,2025-05-01
158,0.3445,2025-06-01
159,0.3199,2025-06-01
160,0.3451,2025-07-01
161,0.3397,2025-07-01
162,0.246,2025-08-01
163,0.2556,2025-08-01
164,0.3474,2025-09-01
165,0.3404,2025-09-01
166,0.4158,2025-10-01
167,0.4243,2025-10-01
168,0.3485,2025-11-01
169,0.3673,2025-11-01
170,0.5837,2025-12-01
171,0.5883,2025-12-01
172,0.4337,2026-01-01
173,0.4475,2026-01-01
174,0.6049,2026-02-01
175,0.6101,2026-02-01
176,0.3937,2026-03-01
177,0.3849,2026-03-01
178,0.3708,2026-04-01
179,0.3947,2026-04-01
180,0.3006,2026-05-01
181,0.2976,2026-05-01
182,0.257,2026-06-01
183,0.249,2026-06-01
184,0.2182,2026-07-01
185,0.239,2026-07-01
186,0.1874,2026-08-01
187,0.1946,2026-08-01
188,0.2853,2026-09-01
189,0.2926,2026-09-01
202,0.5276,2025-03-01
203,0.5127,2025-03-01
204,0.4559,2025-04-01
205,0.4892,2025-04-01
206,0.3669,2025-05-01
207,0.356,2025-05-01
208,0.3306,2025-06-01
209,0.32,2025-06-01
210,0.3344,2025-07-01
211,0.3401,2025-07-01
212,0.2374,2025-08-01
213,0.2557,2025-08-01
214,0.3422,2025-09-01
215,0.341,2025-09-01
216,0.4197,2025-10-01
217,0.4242,2025-10-01
218,0.3497,2025-11-01
219,0.3672,2025-11-01
220,0.5738,2025-12-01
221,0.5887,2025-12-01
222,0.4358,2026-01-01
223,0.4472,2026-01-01
224,0.6044,2026-02-01
225,0.6105,2026-02-01
226,0.389,2026-03-01
227,0.3855,2026-03-01
228,0.3587,2026-04-01
229,0.3941,2026-04-01
230,0.296,2026-05-01
231,0.2975,2026-05-01
232,0.2595,2026-06-01
233,0.2489,2026-06-01
234,0.2149,2026-07-01
235,0.2392,2026-07-01
236,0.1761,2026-08-01
237,0.1942,2026-08-01
238,0.2817,2026-09-01
239,0.2924,2026-09-01
250,0.5383,2025-03-01
251,0.517,2025-03-01
252,0.4752,2025-04-01
253,0.4917,2025-04-01
254,0.3624,2025-05-01
255,0.3565,2025-05-01
256,0.3188,2025-06-01
257,0.3196,2025-06-01
258,0.3393,2025-07-01
259,0.3424,2025-07-01
260,0.2277,2025-08-01
261,0.2536,2025-08-01
262,0.351,2025-09-01
263,0.3415,2025-09-01
264,0.4305,2025-10-01
265,0.4232,2025-10-01
266,0.3566,2025-11-01
267,0.3672,2025-11-01
268,0.5919,2025-12-01
269,0.5907,2025-12-01
270,0.4421,2026-01-01
271,0.4482,2026-01-01
272,0.6252,2026-02-01
273,0.6115,2026-02-01
274,0.3926,2026-03-01
275,0.3864,2026-03-01
276,0.3679,2026-04-01
277,0.3947,2026-04-01
278,0.2978,2026-05-01
279,0.2977,2026-05-01
280,0.2598,2026-06-01
281,0.2502,2026-06-01
282,0.2125,2026-07-01
283,0.2402,2026-07-01
284,0.1685,2026-08-01
285,0.1946,2026-08-01
286,0.2854,2026-09-01
287,0.2924,2026-09-01
300,0.5391,2025-03-01
301,0.5199,2025-03-01
302,0.4774,2025-04-01
303,0.4912,2025-04-01
304,0.3638,2025-05-01
305,0.358,2025-05-01
306,0.3195,2025-06-01
307,0.3212,2025-06-01
308,0.3419,2025-07-01
309,0.343,2025-07-01
310,0.2324,2025-08-01
311,0.2544,2025-08-01
312,0.3528,2025-09-01
313,0.3426,2025-09-01
314,0.4275,2025-10-01
315,0.4234,2025-10-01
316,0.3551,2025-11-01
317,0.3684,2025-11-01
318,0.5862,2025-12-01
319,0.5908,2025-12-01
320,0.4342,2026-01-01
321,0.4502,2026-01-01
322,0.6301,2026-02-01
323,0.6079,2026-02-01
324,0.3846,2026-03-01
325,0.3855,2026-03-01
326,0.3625,2026-04-01
327,0.3947,2026-04-01
328,0.2883,2026-05-01
329,0.2973,2026-05-01
330,0.2539,2026-06-01
331,0.2505,2026-06-01
332,0.2207,2026-07-01
333,0.2419,2026-07-01
334,0.1687,2026-08-01
335,0.1932,2026-08-01
336,0.2832,2026-09-01
337,0.2928,2026-09-01
350,0.5582,2025-03-01
351,0.5483,2025-03-01
352,0.4826,2025-04-01
353,0.4818,2025-04-01
354,0.3686,2025-05-01
355,0.3696,2025-05-01
356,0.3247,2025-06-01
357,0.3266,2025-06-01
358,0.3441,2025-07-01
359,0.3419,2025-07-01
360,0.2805,2025-08-01
361,0.2789,2025-08-01
362,0.3354,2025-09-01
363,0.3328,2025-09-01
364,0.4137,2025-10-01
365,0.4127,2025-10-01
366,0.3575,2025-11-01
367,0.3593,2025-11-01
368,0.5818,2025-12-01
369,0.577,2025-12-01
370,0.4567,2026-01-01
371,0.4522,2026-01-01
372,0.6235,2026-02-01
373,0.6095,2026-02-01
374,0.3867,2026-03-01
375,0.387,2026-03-01
376,0.4026,2026-04-01
377,0.398,2026-04-01
378,0.3022,2026-05-01
379,0.3007,2026-05-01
380,0.2538,2026-06-01
381,0.2506,2026-06-01
382,0.2483,2026-07-01
383,0.2454,2026-07-01
384,0.1971,2026-08-01
385,0.1952,2026-08-01
386,0.2957,2026-09-01
387,0.2913,2026-09-01
400,0.5591,2025-03-01
401,0.5485,2025-03-01
402,0.4817,2025-04-01
403,0.48,2025-04-01
404,0.3689,2025-05-01
405,0.3704,2025-05-01
406,0.3217,2025-06-01
407,0.3266,2025-06-01
408,0.3408,2025-07-01
409,0.3421,2025-07-01
410,0.2793,2025-08-01
411,0.2791,2025-08-01
412,0.3324,2025-09-01
413,0.3333,2025-09-01
414,0.4113,2025-10-01
415,0.4124,2025-10-01
416,0.3572,2025-11-01
417,0.3591,2025-11-01
418,0.5802,2025-12-01
419,0.5753,2025-12-01
420,0.4578,2026-01-01
421,0.4522,2026-01-01
422,0.6252,2026-02-01
423,0.6095,2026-02-01
424,0.3892,2026-03-01
425,0.387,2026-03-01
426,0.4051,2026-04-01
427,0.398,2026-04-01
428,0.3015,2026-05-01
429,0.3007,2026-05-01
430,0.2541,2026-06-01
431,0.2506,2026-06-01
432,0.248,2026-07-01
433,0.2454,2026-07-01
434,0.1965,2026-08-01
435,0.1952,2026-08-01
436,0.2953,2026-09-01
437,0.2913,2026-09-01
450,0.5589,2025-03-01
451,0.5485,2025-03-01
452,0.4808,2025-04-01
453,0.4791,2025-04-01
454,0.3692,2025-05-01
455,0.37,2025-05-01
456,0.3226,2025-06-01
457,0.3272,2025-06-01
458,0.3397,2025-07-01
459,0.342,2025-07-01
460,0.2797,2025-08-01
461,0.2793,2025-08-01
462,0.3317,2025-09-01
463,0.3335,2025-09-01
464,0.4099,2025-10-01
465,0.4115,2025-10-01
466,0.3567,2025-11-01
467,0.3593,2025-11-01
468,0.5789,2025-12-01
469,0.5748,2025-12-01
470,0.4596,2026-01-01
471,0.4533,2026-01-01
472,0.6244,2026-02-01
473,0.6093,2026-02-01
474,0.3877,2026-03-01
475,0.386,2026-03-01
476,0.4037,2026-04-01
477,0.3967,2026-04-01
478,0.3002,2026-05-01
479,0.3002,2026-05-01
480,0.2535,2026-06-01
481,0.2507,2026-06-01
482,0.2474,2026-07-01
483,0.2458,2026-07-01
484,0.1971,2026-08-01
485,0.1965,2026-08-01
486,0.2952,2026-09-01
487,0.2915,2026-09-01
500,0.5591,2025-03-01
501,0.5487,2025-03-01
502,0.4776,2025-04-01
503,0.4791,2025-04-01
504,0.3717,2025-05-01
505,0.37,2025-05-01
506,0.3268,2025-06-01
507,0.3272,2025-06-01
508,0.3393,2025-07-01
509,0.342,2025-07-01
510,0.2864,2025-08-01
511,0.2793,2025-08-01
512,0.3288,2025-09-01
513,0.3335,2025-09-01
514,0.4068,2025-10-01
515,0.4115,2025-10-01
516,0.3546,2025-11-01
517,0.3593,2025-11-01
518,0.5776,2025-12-01
519,0.5748,2025-12-01
520,0.4606,2026-01-01
521,0.4533,2026-01-01
522,0.6301,2026-02-01
523,0.6093,2026-02-01
524,0.3864,2026-03-01
525,0.386,2026-03-01
526,0.4039,2026-04-01
527,0.3967,2026-04-01
528,0.2995,2026-05-01
529,0.3002,2026-05-01
530,0.2529,2026-06-01
531,0.2507,2026-06-01
532,0.2508,2026-07-01
533,0.2458,2026-07-01
534,0.2007,2026-08-01
535,0.1965,2026-08-01
536,0.2964,2026-09-01
537,0.2915,2026-09-01
550,0.5645,2025-03-01
551,0.5517,2025-03-01
552,0.4776,2025-04-01
553,0.4794,2025-04-01
554,0.3733,2025-05-01
555,0.3698,2025-05-01
556,0.3304,2025-06-01
557,0.3266,2025-06-01
558,0.3401,2025-07-01
559,0.3416,2025-07-01
560,0.2878,2025-08-01
561,0.2794,2025-08-01
562,0.3294,2025-09-01
563,0.3335,2025-09-01
564,0.4019,2025-10-01
565,0.4111,2025-10-01
566,0.3509,2025-11-01
567,0.3594,2025-11-01
568,0.5808,2025-12-01
569,0.5749,2025-12-01
570,0.463,2026-01-01
571,0.4528,2026-01-01
572,0.6219,2026-02-01
573,0.6103,2026-02-01
574,0.3879,2026-03-01
575,0.3864,2026-03-01
576,0.4051,2026-04-01
577,0.3963,2026-04-01
578,0.3027,2026-05-01
579,0.2997,2026-05-01
580,0.2538,2026-06-01
581,0.25,2026-06-01
582,0.2465,2026-07-01
583,0.245,2026-07-01
584,0.2018,2026-08-01
585,0.1965,2026-08-01
586,0.2986,2026-09-01
587,0.2919,2026-09-01
600,0.5731,2025-03-01
601,0.5607,2025-03-01
602,0.4792,2025-04-01
603,0.482,2025-04-01
604,0.3787,2025-05-01
605,0.3721,2025-05-01
606,0.3558,2025-06-01
607,0.3334,2025-06-01
608,0.3459,2025-07-01
609,0.3496,2025-07-01
610,0.2885,2025-08-01
611,0.2818,2025-08-01
612,0.3179,2025-09-01
613,0.3252,2025-09-01
614,0.4054,2025-10-01
615,0.4081,2025-10-01
616,0.3207,2025-11-01
617,0.3477,2025-11-01
618,0.5561,2025-12-01
619,0.566,2025-12-01
620,0.4501,2026-01-01
621,0.4548,2026-01-01
622,0.6086,2026-02-01
623,0.6082,2026-02-01
624,0.3849,2026-03-01
625,0.3856,2026-03-01
626,0.4069,2026-04-01
627,0.4016,2026-04-01
628,0.2954,2026-05-01
629,0.2984,2026-05-01
630,0.2632,2026-06-01
631,0.2499,2026-06-01
632,0.2469,2026-07-01
633,0.2471,2026-07-01
634,0.2002,2026-08-01
635,0.1965,2026-08-01
636,0.2995,2026-09-01
637,0.2927,2026-09-01
650,0.5755,2025-03-01
651,0.5636,2025-03-01
652,0.4787,2025-04-01
653,0.4798,2025-04-01
654,0.3773,2025-05-01
655,0.3707,2025-05-01
656,0.3553,2025-06-01
657,0.3342,2025-06-01
658,0.3432,2025-07-01
659,0.3483,2025-07-01
660,0.2892,2025-08-01
661,0.2794,2025-08-01
662,0.3173,2025-09-01
663,0.3226,2025-09-01
664,0.404,2025-10-01
665,0.4069,2025-10-01
666,0.3217,2025-11-01
667,0.3443,2025-11-01
668,0.554,2025-12-01
669,0.5626,2025-12-01
670,0.4474,2026-01-01
671,0.454,2026-01-01
672,0.6106,2026-02-01
673,0.6085,2026-02-01
674,0.3882,2026-03-01
675,0.3871,2026-03-01
676,0.4067,2026-04-01
677,0.4021,2026-04-01
678,0.2922,2026-05-01
679,0.298,2026-05-01
680,0.2583,2026-06-01
681,0.2514,2026-06-01
682,0.2474,2026-07-01
683,0.2491,2026-07-01
684,0.1967,2026-08-01
685,0.1976,2026-08-01
686,0.2956,2026-09-01
687,0.2929,2026-09-01
700,0.5705,2025-03-01
701,0.5611,2025-03-01
702,0.4766,2025-04-01
703,0.4782,2025-04-01
704,0.3757,2025-05-01
705,0.3695,2025-05-01
706,0.3505,2025-06-01
707,0.3311,2025-06-01
708,0.3479,2025-07-01
709,0.3509,2025-07-01
710,0.2926,2025-08-01
711,0.281,2025-08-01
712,0.3176,2025-09-01
713,0.3242,2025-09-01
714,0.409,2025-10-01
715,0.4092,2025-10-01
716,0.3305,2025-11-01
717,0.3474,2025-11-01
718,0.5588,2025-12-01
719,0.5666,2025-12-01
720,0.4454,2026-01-01
721,0.4539,2026-01-01
722,0.6059,2026-02-01
723,0.6056,2026-02-01
724,0.3877,2026-03-01
725,0.3866,2026-03-01
726,0.4079,2026-04-01
727,0.4024,2026-04-01
728,0.2964,2026-05-01
729,0.3,2026-05-01
730,0.2649,2026-06-01
731,0.2562,2026-06-01
732,0.2502,2026-07-01
733,0.2508,2026-07-01
734,0.1974,2026-08-01
735,0.1987,2026-08-01
736,0.2949,2026-09-01
737,0.2926,2026-09-01
750,0.5715,2025-03-01
751,0.5611,2025-03-01
752,0.4764,2025-04-01
753,0.4782,2025-04-01
754,0.3754,2025-05-01
755,0.3695,2025-05-01
756,0.35,2025-06-01
757,0.3311,2025-06-01
758,0.3471,2025-07-01
759,0.3509,2025-07-01
760,0.2928,2025-08-01
761,0.281,2025-08-01
762,0.3171,2025-09-01
763,0.3242,2025-09-01
764,0.4085,2025-10-01
765,0.4092,2025-10-01
766,0.3294,2025-11-01
767,0.3474,2025-11-01
768,0.5582,2025-12-01
769,0.5666,2025-12-01
770,0.4454,2026-01-01
771,0.4539,2026-01-01
772,0.6061,2026-02-01
773,0.6056,2026-02-01
774,0.3878,2026-03-01
775,0.3866,2026-03-01
776,0.4079,2026-04-01
777,0.4024,2026-04-01
778,0.2964,2026-05-01
779,0.3,2026-05-01
780,0.2642,2026-06-01
781,0.2562,2026-06-01
782,0.2499,2026-07-01
783,0.2508,2026-07-01
784,0.1974,2026-08-01
785,0.1987,2026-08-01
786,0.2949,2026-09-01
787,0.2926,2026-09-01
800,0.5686,2025-03-01
801,0.5618,2025-03-01
802,0.4743,2025-04-01
803,0.4766,2025-04-01
804,0.3752,2025-05-01
805,0.3708,2025-05-01
806,0.347,2025-06-01
807,0.3324,2025-06-01
808,0.3444,2025-07-01
809,0.3489,2025-07-01
810,0.2932,2025-08-01
811,0.2818,2025-08-01
812,0.3169,2025-09-01
813,0.3249,2025-09-01
814,0.4111,2025-10-01
815,0.4074,2025-10-01
816,0.3353,2025-11-01
817,0.3472,2025-11-01
818,0.5665,2025-12-01
819,0.5675,2025-12-01
820,0.447,2026-01-01
821,0.4539,2026-01-01
822,0.6123,2026-02-01
823,0.606,2026-02-01
824,0.3873,2026-03-01
825,0.3874,2026-03-01
826,0.411,2026-04-01
827,0.4021,2026-04-01
828,0.2969,2026-05-01
829,0.2992,2026-05-01
830,0.2661,2026-06-01
831,0.2559,2026-06-01
832,0.2551,2026-07-01
833,0.2501,2026-07-01
834,0.1972,2026-08-01
835,0.1983,2026-08-01
836,0.2956,2026-09-01
837,0.292,2026-09-01
850,0.5465,2025-03-01
851,0.5543,2025-03-01
852,0.467,2025-04-01
853,0.4748,2025-04-01
854,0.3777,2025-05-01
855,0.3739,2025-05-01
856,0.3299,2025-06-01
857,0.3345,2025-06-01
858,0.3564,2025-07-01
859,0.3487,2025-07-01
860,0.2869,2025-08-01
861,0.2891,2025-08-01
862,0.3114,2025-09-01
863,0.3251,2025-09-01
864,0.4117,2025-10-01
865,0.4061,2025-10-01
866,0.3467,2025-11-01
867,0.3448,2025-11-01
868,0.5849,2025-12-01
869,0.5677,2025-12-01
870,0.4549,2026-01-01
871,0.455,2026-01-01
872,0.6272,2026-02-01
873,0.6061,2026-02-01
874,0.3802,2026-03-01
875,0.3868,2026-03-01
876,0.3981,2026-04-01
877,0.402,2026-04-01
878,0.2913,2026-05-01
879,0.2999,2026-05-01
880,0.2504,2026-06-01
881,0.2545,2026-06-01
882,0.2347,2026-07-01
883,0.2493,2026-07-01
884,0.1764,2026-08-01
885,0.1994,2026-08-01
886,0.2784,2026-09-01
887,0.2924,2026-09-01
900,0.5443,2025-03-01
901,0.5529,2025-03-01
902,0.4653,2025-04-01
903,0.4731,2025-04-01
904,0.3802,2025-05-01
905,0.3748,2025-05-01
906,0.3338,2025-06-01
907,0.3354,2025-06-01
908,0.3701,2025-07-01
909,0.3491,2025-07-01
910,0.2882,2025-08-01
911,0.2894,2025-08-01
912,0.3141,2025-09-01
913,0.3237,2025-09-01
914,0.4134,2025-10-01
915,0.407,2025-10-01
916,0.3464,2025-11-01
917,0.3447,2025-11-01
918,0.5847,2025-12-01
919,0.5686,2025-12-01
920,0.4536,2026-01-01
921,0.4542,2026-01-01
922,0.6307,2026-02-01
923,0.6076,2026-02-01
924,0.3784,2026-03-01
925,0.3866,2026-03-01
926,0.3981,2026-04-01
927,0.4013,2026-04-01
928,0.299,2026-05-01
929,0.3005,2026-05-01
930,0.2576,2026-06-01
931,0.2549,2026-06-01
932,0.2363,2026-07-01
933,0.2499,2026-07-01
934,0.182,2026-08-01
935,0.1979,2026-08-01
936,0.287,2026-09-01
937,0.2915,2026-09-01
950,0.5527,2025-03-01
951,0.5528,2025-03-01
952,0.4673,2025-04-01
953,0.4731,2025-04-01
954,0.3843,2025-05-01
955,0.3748,2025-05-01
956,0.3409,2025-06-01
957,0.3354,2025-06-01
958,0.3557,2025-07-01
959,0.3491,2025-07-01
960,0.2895,2025-08-01
961,0.2894,2025-08-01
962,0.313,2025-09-01
963,0.3237,2025-09-01
964,0.4073,2025-10-01
965,0.407,2025-10-01
966,0.3246,2025-11-01
967,0.3447,2025-11-01
968,0.5783,2025-12-01
969,0.5686,2025-12-01
970,0.4474,2026-01-01
971,0.4546,2026-01-01
972,0.636,2026-02-01
973,0.608,2026-02-01
974,0.3767,2026-03-01
975,0.3866,2026-03-01
976,0.3992,2026-04-01
977,0.4013,2026-04-01
978,0.2935,2026-05-01
979,0.301,2026-05-01
980,0.2456,2026-06-01
981,0.2549,2026-06-01
982,0.2286,2026-07-01
983,0.2495,2026-07-01
984,0.1793,2026-08-01
985,0.1979,2026-08-01
986,0.2892,2026-09-01
987,0.2915,2026-09-01
1000,0.5545,2025-03-01
1001,0.5528,2025-03-01
1002,0.4679,2025-04-01
1003,0.4723,2025-04-01
1004,0.3874,2025-05-01
1005,0.3748,2025-05-01
1006,0.3354,2025-06-01
1007,0.3354,2025-06-01
1008,0.3614,2025-07-01
1009,0.3491,2025-07-01
1010,0.2907,2025-08-01
1011,0.2894,2025-08-01
1012,0.3128,2025-09-01
1013,0.3237,2025-09-01
1014,0.4062,2025-10-01
1015,0.407,2025-10-01
1016,0.327,2025-11-01
1017,0.3447,2025-11-01
1018,0.58,2025-12-01
1019,0.5693,2025-12-01
1020,0.4508,2026-01-01
1021,0.4546,2026-01-01
1022,0.6374,2026-02-01
1023,0.608,2026-02-01
1024,0.3783,2026-03-01
1025,0.3866,2026-03-01
1026,0.3981,2026-04-01
1027,0.4013,2026-04-01
1028,0.2947,2026-05-01
1029,0.301,2026-05-01
1030,0.2468,2026-06-01
1031,0.2549,2026-06-01
1032,0.2302,2026-07-01
1033,0.2495,2026-07-01
1034,0.1831,2026-08-01
1035,0.1979,2026-08-01
1036,0.2906,2026-09-01
1037,0.2915,2026-09-01
1050,0.555,2025-03-01
1051,0.5528,2025-03-01
1052,0.4668,2025-04-01
1053,0.4723,2025-04-01
1054,0.3934,2025-05-01
1055,0.3748,2025-05-01
1056,0.3473,2025-06-01
1057,0.3354,2025-06-01
1058,0.3793,2025-07-01
1059,0.3491,2025-07-01
1060,0.301,2025-08-01
1061,0.2894,2025-08-01
1062,0.3072,2025-09-01
1063,0.3237,2025-09-01
1064,0.4073,2025-10-01
1065,0.407,2025-10-01
1066,0.3124,2025-11-01
1067,0.3447,2025-11-01
1068,0.5672,2025-12-01
1069,0.5693,2025-12-01
1070,0.4475,2026-01-01
1071,0.4546,2026-01-01
1072,0.6385,2026-02-01
1073,0.608,2026-02-01
1074,0.3841,2026-03-01
1075,0.3866,2026-03-01
1076,0.4035,2026-04-01
1077,0.4013,2026-04-01
1078,0.2949,2026-05-01
1079,0.301,2026-05-01
1080,0.2461,2026-06-01
1081,0.2549,2026-06-01
1082,0.2299,2026-07-01
1083,0.2495,2026-07-01
1084,0.18,2026-08-01
1085,0.1979,2026-08-01
1086,0.289,2026-09-01
1087,0.2915,2026-09-01
1100,0.5525,2025-03-01
1101,0.5496,2025-03-01
1102,0.4453,2025-04-01
1103,0.4683,2025-04-01
1104,0.3887,2025-05-01
1105,0.377,2025-05-01
1106,0.3284,2025-06-01
1107,0.3365,2025-06-01
1108,0.3617,2025-07-01
1109,0.3562,2025-07-01
1110,0.2944,2025-08-01
1111,0.2919,2025-08-01
1112,0.2778,2025-09-01
1113,0.3212,2025-09-01
1114,0.3805,2025-10-01
1115,0.4048,2025-10-01
1116,0.3108,2025-11-01
1117,0.3418,2025-11-01
1118,0.5467,2025-12-01
1119,0.5685,2025-12-01
1120,0.4256,2026-01-01
1121,0.4557,2026-01-01
1122,0.6013,2026-02-01
1123,0.606,2026-02-01
1124,0.3825,2026-03-01
1125,0.3845,2026-03-01
1126,0.3885,2026-04-01
1127,0.4029,2026-04-01
1128,0.311,2026-05-01
1129,0.303,2026-05-01
1130,0.2463,2026-06-01
1131,0.2579,2026-06-01
1132,0.2158,2026-07-01
1133,0.2516,2026-07-01
1134,0.1827,2026-08-01
1135,0.2006,2026-08-01
1136,0.279,2026-09-01
1137,0.2923,2026-09-01
1150,0.5503,2025-03-01
1151,0.5488,2025-03-01
1152,0.4438,2025-04-01
1153,0.4682,2025-04-01
1154,0.3876,2025-05-01
1155,0.3768,2025-05-01
1156,0.3314,2025-06-01
1157,0.3366,2025-06-01
1158,0.3558,2025-07-01
1159,0.354,2025-07-01
1160,0.2953,2025-08-01
1161,0.2925,2025-08-01
1162,0.2839,2025-09-01
1163,0.32,2025-09-01
1164,0.3729,2025-10-01
1165,0.4047,2025-10-01
1166,0.3054,2025-11-01
1167,0.3416,2025-11-01
1168,0.539,2025-12-01
1169,0.5709,2025-12-01
1170,0.4261,2026-01-01
1171,0.4561,2026-01-01
1172,0.5843,2026-02-01
1173,0.6064,2026-02-01
1174,0.381,2026-03-01
1175,0.3849,2026-03-01
1176,0.3809,2026-04-01
1177,0.4033,2026-04-01
1178,0.3096,2026-05-01
1179,0.303,2026-05-01
1180,0.2483,2026-06-01
1181,0.2579,2026-06-01
1182,0.2137,2026-07-01
1183,0.2516,2026-07-01
1184,0.1853,2026-08-01
1185,0.201,2026-08-01
1186,0.28,2026-09-01
1187,0.2928,2026-09-01
1200,0.5488,2025-03-01
1201,0.5489,2025-03-01
1202,0.4476,2025-04-01
1203,0.4685,2025-04-01
1204,0.3843,2025-05-01
1205,0.3772,2025-05-01
1206,0.3283,2025-06-01
1207,0.3362,2025-06-01
1208,0.3654,2025-07-01
1209,0.3528,2025-07-01
1210,0.2852,2025-08-01
1211,0.2927,2025-08-01
1212,0.2877,2025-09-01
1213,0.3205,2025-09-01
1214,0.3751,2025-10-01
1215,0.4045,2025-10-01
1216,0.3114,2025-11-01
1217,0.3409,2025-11-01
1218,0.5353,2025-12-01
1219,0.5698,2025-12-01
1220,0.4334,2026-01-01
1221,0.4559,2026-01-01
1222,0.5936,2026-02-01
1223,0.6075,2026-02-01
1224,0.3861,2026-03-01
1225,0.386,2026-03-01
1226,0.386,2026-04-01
1227,0.4039,2026-04-01
1228,0.3065,2026-05-01
1229,0.3022,2026-05-01
1230,0.2438,2026-06-01
1231,0.2567,2026-06-01
1232,0.2142,2026-07-01
1233,0.2497,2026-07-01
1234,0.1789,2026-08-01
1235,0.2002,2026-08-01
1236,0.2794,2026-09-01
1237,0.293,2026-09-01
1250,0.5462,2025-03-01
1251,0.5489,2025-03-01
1252,0.4463,2025-04-01
1253,0.4685,2025-04-01
1254,0.38,2025-05-01
1255,0.3772,2025-05-01
1256,0.3356,2025-06-01
1257,0.3362,2025-06-01
1258,0.3579,2025-07-01
1259,0.3528,2025-07-01
1260,0.2835,2025-08-01
1261,0.2927,2025-08-01
1262,0.2874,2025-09-01
1263,0.3205,2025-09-01
1264,0.3758,2025-10-01
1265,0.4045,2025-10-01
1266,0.3077,2025-11-01
1267,0.3409,2025-11-01
1268,0.532,2025-12-01
1269,0.5698,2025-12-01
1270,0.4285,2026-01-01
1271,0.4559,2026-01-01
1272,0.5905,2026-02-01
1273,0.6075,2026-02-01
1274,0.3843,2026-03-01
1275,0.386,2026-03-01
1276,0.3871,2026-04-01
1277,0.4039,2026-04-01
1278,0.3052,2026-05-01
1279,0.3022,2026-05-01
1280,0.2421,2026-06-01
1281,0.2567,2026-06-01
1282,0.2116,2026-07-01
1283,0.2497,2026-07-01
1284,0.1738,2026-08-01
1285,0.2002,2026-08-01
1286,0.2774,2026-09-01
1287,0.293,2026-09-01
1300,0.5471,2025-03-01
1301,0.5496,2025-03-01
1302,0.4457,2025-04-01
1303,0.4681,2025-04-01
1304,0.379,2025-05-01
1305,0.3771,2025-05-01
1306,0.3362,2025-06-01
1307,0.3363,2025-06-01
1308,0.3587,2025-07-01
1309,0.353,2025-07-01
1310,0.2853,2025-08-01
1311,0.2934,2025-08-01
1312,0.2886,2025-09-01
1313,0.3203,2025-09-01
1314,0.3771,2025-10-01
1315,0.4041,2025-10-01
1316,0.3092,2025-11-01
1317,0.3408,2025-11-01
1318,0.5336,2025-12-01
1319,0.5694,2025-12-01
1320,0.4295,2026-01-01
1321,0.4561,2026-01-01
1322,0.5919,2026-02-01
1323,0.6075,2026-02-01
1324,0.3848,2026-03-01
1325,0.386,2026-03-01
1326,0.3871,2026-04-01
1327,0.4038,2026-04-01
1328,0.3055,2026-05-01
1329,0.3021,2026-05-01
1330,0.2433,2026-06-01
1331,0.2567,2026-06-01
1332,0.2135,2026-07-01
1333,0.2499,2026-07-01
1334,0.174,2026-08-01
1335,0.2001,2026-08-01
1336,0.2787,2026-09-01
1337,0.2929,2026-09-01
1350,0.4513,2025-04-01
1351,0.4627,2025-04-01
1352,0.3762,2025-05-01
1353,0.3739,2025-05-01
1354,0.353,2025-06-01
1355,0.3397,2025-06-01
1356,0.3225,2025-07-01
1357,0.347,2025-07-01
1358,0.3199,2025-08-01
1359,0.3031,2025-08-01
1360,0.3134,2025-09-01
1361,0.3197,2025-09-01
1362,0.3807,2025-10-01
1363,0.4034,2025-10-01
1364,0.3214,2025-11-01
1365,0.339,2025-11-01
1366,0.5303,2025-12-01
1367,0.5665,2025-12-01
1368,0.4383,2026-01-01
1369,0.4554,2026-01-01
1370,0.6247,2026-02-01
1371,0.6077,2026-02-01
1372,0.3887,2026-03-01
1373,0.3865,2026-03-01
1374,0.3777,2026-04-01
1375,0.4007,2026-04-01
1376,0.2977,2026-05-01
1377,0.3033,2026-05-01
1378,0.2467,2026-06-01
1379,0.2576,2026-06-01
1380,0.2271,2026-07-01
1381,0.2522,2026-07-01
1382,0.1903,2026-08-01
1383,0.2009,2026-08-01
1384,0.2896,2026-09-01
1385,0.2934,2026-09-01
1400,0.4469,2025-04-01
1401,0.4561,2025-04-01
1402,0.3782,2025-05-01
1403,0.3783,2025-05-01
1404,0.353,2025-06-01
1405,0.3485,2025-06-01
1406,0.328,2025-07-01
1407,0.3412,2025-07-01
1408,0.3279,2025-08-01
1409,0.3101,2025-08-01
1410,0.3058,2025-09-01
1411,0.3132,2025-09-01
1412,0.3881,2025-10-01
1413,0.403,2025-10-01
1414,0.321,2025-11-01
1415,0.3308,2025-11-01
1416,0.5368,2025-12-01
1417,0.5608,2025-12-01
1418,0.4407,2026-01-01
1419,0.4496,2026-01-01
1420,0.6397,2026-02-01
1421,0.6109,2026-02-01
1422,0.3944,2026-03-01
1423,0.3864,2026-03-01
1424,0.3861,2026-04-01
1425,0.4003,2026-04-01
1426,0.3,2026-05-01
1427,0.3036,2026-05-01
1428,0.2499,2026-06-01
1429,0.2632,2026-06-01
1430,0.2374,2026-07-01
1431,0.2505,2026-07-01
1432,0.1964,2026-08-01
1433,0.2007,2026-08-01
1434,0.297,2026-09-01
1435,0.2939,2026-09-01
1450,0.4428,2025-04-01
1451,0.4551,2025-04-01
1452,0.3742,2025-05-01
1453,0.3774,2025-05-01
1454,0.3549,2025-06-01
1455,0.3481,2025-06-01
1456,0.3321,2025-07-01
1457,0.3418,2025-07-01
1458,0.3273,2025-08-01
1459,0.3104,2025-08-01
1460,0.307,2025-09-01
1461,0.3139,2025-09-01
1462,0.3873,2025-10-01
1463,0.4031,2025-10-01
1464,0.3212,2025-11-01
1465,0.3311,2025-11-01
1466,0.5396,2025-12-01
1467,0.5605,2025-12-01
1468,0.4351,2026-01-01
1469,0.4488,2026-01-01
1470,0.6411,2026-02-01
1471,0.6121,2026-02-01
1472,0.3916,2026-03-01
1473,0.3855,2026-03-01
1474,0.38,2026-04-01
1475,0.3987,2026-04-01
1476,0.2965,2026-05-01
1477,0.302,2026-05-01
1478,0.2493,2026-06-01
1479,0.2621,2026-06-01
1480,0.2368,2026-07-01
1481,0.2495,2026-07-01
1482,0.1966,2026-08-01
1483,0.2,2026-08-01
1484,0.2944,2026-09-01
1485,0.2932,2026-09-01
1500,0.4394,2025-04-01
1501,0.4524,2025-04-01
1502,0.3746,2025-05-01
1503,0.3778,2025-05-01
1504,0.3536,2025-06-01
1505,0.3477,2025-06-01
1506,0.3214,2025-07-01
1507,0.3397,2025-07-01
1508,0.3325,2025-08-01
1509,0.3122,2025-08-01
1510,0.3139,2025-09-01
1511,0.3144,2025-09-01
1512,0.3865,2025-10-01
1513,0.4029,2025-10-01
1514,0.3239,2025-11-01
1515,0.3324,2025-11-01
1516,0.5436,2025-12-01
1517,0.5605,2025-12-01
1518,0.4356,2026-01-01
1519,0.4488,2026-01-01
1520,0.6398,2026-02-01
1521,0.6121,2026-02-01
1522,0.392,2026-03-01
1523,0.3856,2026-03-01
1524,0.3825,2026-04-01
1525,0.3989,2026-04-01
1526,0.2962,2026-05-01
1527,0.302,2026-05-01
1528,0.2486,2026-06-01
1529,0.2621,2026-06-01
1530,0.2343,2026-07-01
1531,0.2495,2026-07-01
1532,0.1999,2026-08-01
1533,0.1999,2026-08-01
1534,0.296,2026-09-01
1535,0.2932,2026-09-01
1550,0.4348,2025-04-01
1551,0.4351,2025-04-01
1552,0.3663,2025-05-01
1553,0.3675,2025-05-01
1554,0.3569,2025-06-01
1555,0.3473,2025-06-01
1556,0.3126,2025-07-01
1557,0.3195,2025-07-01
1558,0.3531,2025-08-01
1559,0.3357,2025-08-01
1560,0.3158,2025-09-01
1561,0.3174,2025-09-01
1562,0.393,2025-10-01
1563,0.394,2025-10-01
1564,0.3252,2025-11-01
1565,0.3352,2025-11-01
1566,0.5573,2025-12-01
1567,0.5565,2025-12-01
1568,0.4511,2026-01-01
1569,0.4499,2026-01-01
1570,0.6264,2026-02-01
1571,0.6131,2026-02-01
1572,0.3931,2026-03-01
1573,0.3905,2026-03-01
1574,0.4096,2026-04-01
1575,0.3999,2026-04-01
1576,0.3038,2026-05-01
1577,0.3039,2026-05-01
1578,0.2533,2026-06-01
1579,0.2575,2026-06-01
1580,0.2501,2026-07-01
1581,0.2476,2026-07-01
1582,0.2123,2026-08-01
1583,0.2094,2026-08-01
1584,0.2961,2026-09-01
1585,0.2906,2026-09-01
1600,0.4314,2025-04-01
1601,0.438,2025-04-01
1602,0.3671,2025-05-01
1603,0.3699,2025-05-01
1604,0.3514,2025-06-01
1605,0.3498,2025-06-01
1606,0.3103,2025-07-01
1607,0.3176,2025-07-01
1608,0.3522,2025-08-01
1609,0.3395,2025-08-01
1610,0.3163,2025-09-01
1611,0.3145,2025-09-01
1612,0.3898,2025-10-01
1613,0.3907,2025-10-01
1614,0.3251,2025-11-01
1615,0.3291,2025-11-01
1616,0.5633,2025-12-01
1617,0.5554,2025-12-01
1618,0.4533,2026-01-01
1619,0.4489,2026-01-01
1620,0.6236,2026-02-01
1621,0.6195,2026-02-01
1622,0.3911,2026-03-01
1623,0.3923,2026-03-01
1624,0.4094,2026-04-01
1625,0.4034,2026-04-01
1626,0.2967,2026-05-01
1627,0.3017,2026-05-01
1628,0.2484,2026-06-01
1629,0.2536,2026-06-01
1630,0.2418,2026-07-01
1631,0.2446,2026-07-01
1632,0.2106,2026-08-01
1633,0.2093,2026-08-01
1634,0.2982,2026-09-01
1635,0.2956,2026-09-01
1650,0.4321,2025-04-01
1651,0.4378,2025-04-01
1652,0.364,2025-05-01
1653,0.37,2025-05-01
1654,0.3481,2025-06-01
1655,0.3498,2025-06-01
1656,0.3085,2025-07-01
1657,0.3176,2025-07-01
1658,0.35,2025-08-01
1659,0.3395,2025-08-01
1660,0.3162,2025-09-01
1661,0.3145,2025-09-01
1662,0.3901,2025-10-01
1663,0.3907,2025-10-01
1664,0.3252,2025-11-01
1665,0.3291,2025-11-01
1666,0.5645,2025-12-01
1667,0.5554,2025-12-01
1668,0.4542,2026-01-01
1669,0.4491,2026-01-01
1670,0.6244,2026-02-01
1671,0.6195,2026-02-01
1672,0.3876,2026-03-01
1673,0.3923,2026-03-01
1674,0.4092,2026-04-01
1675,0.4036,2026-04-01
1676,0.2953,2026-05-01
1677,0.3021,2026-05-01
1678,0.2481,2026-06-01
1679,0.2547,2026-06-01
1680,0.24,2026-07-01
1681,0.2447,2026-07-01
1682,0.2078,2026-08-01
1683,0.2093,2026-08-01
1684,0.2955,2026-09-01
1685,0.2956,2026-09-01
1700,0.4329,2025-04-01
1701,0.4374,2025-04-01
1702,0.3634,2025-05-01
1703,0.3703,2025-05-01
1704,0.3469,2025-06-01
1705,0.3494,2025-06-01
1706,0.3071,2025-07-01
1707,0.3172,2025-07-01
1708,0.3484,2025-08-01
1709,0.3399,2025-08-01
1710,0.3162,2025-09-01
1711,0.315,2025-09-01
1712,0.3895,2025-10-01
1713,0.3914,2025-10-01
1714,0.325,2025-11-01
1715,0.3286,2025-11-01
1716,0.5651,2025-12-01
1717,0.5557,2025-12-01
1718,0.456,2026-01-01
1719,0.4495,2026-01-01
1720,0.627,2026-02-01
1721,0.6205,2026-02-01
1722,0.391,2026-03-01
1723,0.3914,2026-03-01
1724,0.4087,2026-04-01
1725,0.4041,2026-04-01
1726,0.2953,2026-05-01
1727,0.3021,2026-05-01
1728,0.2472,2026-06-01
1729,0.2551,2026-06-01
1730,0.2441,2026-07-01
1731,0.2451,2026-07-01
1732,0.2111,2026-08-01
1733,0.2094,2026-08-01
1734,0.2983,2026-09-01
1735,0.2964,2026-09-01
1750,0.4332,2025-04-01
1751,0.435,2025-04-01
1752,0.3661,2025-05-01
1753,0.3707,2025-05-01
1754,0.3508,2025-06-01
1755,0.3493,2025-06-01
1756,0.3096,2025-07-01
1757,0.3132,2025-07-01
1758,0.3554,2025-08-01
1759,0.3478,2025-08-01
1760,0.3119,2025-09-01
1761,0.3138,2025-09-01
1762,0.3845,2025-10-01
1763,0.3861,2025-10-01
1764,0.3229,2025-11-01
1765,0.3271,2025-11-01
1766,0.5544,2025-12-01
1767,0.5531,2025-12-01
1768,0.456,2026-01-01
1769,0.4516,2026-01-01
1770,0.6224,2026-02-01
1771,0.619,2026-02-01
1772,0.3886,2026-03-01
1773,0.3915,2026-03-01
1774,0.4088,2026-04-01
1775,0.4059,2026-04-01
1776,0.2971,2026-05-01
1777,0.3028,2026-05-01
1778,0.2528,2026-06-01
1779,0.2542,2026-06-01
1780,0.2421,2026-07-01
1781,0.2464,2026-07-01
1782,0.211,2026-08-01
1783,0.2107,2026-08-01
1784,0.2964,2026-09-01
1785,0.2967,2026-09-01
1800,0.4387,2025-04-01
1801,0.436,2025-04-01
1802,0.3716,2025-05-01
1803,0.371,2025-05-01
1804,0.3497,2025-06-01
1805,0.3508,2025-06-01
1806,0.3029,2025-07-01
1807,0.3072,2025-07-01
1808,0.3478,2025-08-01
1809,0.3535,2025-08-01
1810,0.2918,2025-09-01
1811,0.3106,2025-09-01
1812,0.3788,2025-10-01
1813,0.3882,2025-10-01
1814,0.3148,2025-11-01
1815,0.323,2025-11-01
1816,0.5327,2025-12-01
1817,0.5524,2025-12-01
1818,0.4321,2026-01-01
1819,0.452,2026-01-01
1820,0.6254,2026-02-01
1821,0.6163,2026-02-01
1822,0.3893,2026-03-01
1823,0.3927,2026-03-01
1824,0.3826,2026-04-01
1825,0.4065,2026-04-01
1826,0.2946,2026-05-01
1827,0.2992,2026-05-01
1828,0.2473,2026-06-01
1829,0.254,2026-06-01
1830,0.2127,2026-07-01
1831,0.2447,2026-07-01
1832,0.1941,2026-08-01
1833,0.2091,2026-08-01
1834,0.2956,2026-09-01
1835,0.2968,2026-09-01
1850,0.4361,2025-04-01
1851,0.4359,2025-04-01
1852,0.3729,2025-05-01
1853,0.3722,2025-05-01
1854,0.3529,2025-06-01
1855,0.3499,2025-06-01
1856,0.2963,2025-07-01
1857,0.3037,2025-07-01
1858,0.3521,2025-08-01
1859,0.3578,2025-08-01
1860,0.2961,2025-09-01
1861,0.3091,2025-09-01
1862,0.3794,2025-10-01
1863,0.3882,2025-10-01
1864,0.3185,2025-11-01
1865,0.3233,2025-11-01
1866,0.5367,2025-12-01
1867,0.5519,2025-12-01
1868,0.4311,2026-01-01
1869,0.4509,2026-01-01
1870,0.6207,2026-02-01
1871,0.6163,2026-02-01
1872,0.3906,2026-03-01
1873,0.3927,2026-03-01
1874,0.3867,2026-04-01
1875,0.4069,2026-04-01
1876,0.2935,2026-05-01
1877,0.2983,2026-05-01
1878,0.2497,2026-06-01
1879,0.2531,2026-06-01
1880,0.217,2026-07-01
1881,0.2461,2026-07-01
1882,0.1922,2026-08-01
1883,0.2081,2026-08-01
1884,0.2956,2026-09-01
1885,0.2955,2026-09-01
1900,0.4312,2025-04-01
1901,0.4348,2025-04-01
1902,0.3737,2025-05-01
1903,0.3748,2025-05-01
1904,0.3458,2025-06-01
1905,0.3481,2025-06-01
1906,0.2904,2025-07-01
1907,0.2986,2025-07-01
1908,0.3611,2025-08-01
1909,0.364,2025-08-01
1910,0.2928,2025-09-01
1911,0.3076,2025-09-01
1912,0.3738,2025-10-01
1913,0.3891,2025-10-01
1914,0.3137,2025-11-01
1915,0.3221,2025-11-01
1916,0.5339,2025-12-01
1917,0.5494,2025-12-01
1918,0.4341,2026-01-01
1919,0.4513,2026-01-01
1920,0.6235,2026-02-01
1921,0.6182,2026-02-01
1922,0.3911,2026-03-01
1923,0.393,2026-03-01
1924,0.395,2026-04-01
1925,0.4081,2026-04-01
1926,0.293,2026-05-01
1927,0.2986,2026-05-01
1928,0.2414,2026-06-01
1929,0.2535,2026-06-01
1930,0.224,2026-07-01
1931,0.2484,2026-07-01
1932,0.1875,2026-08-01
1933,0.2092,2026-08-01
1934,0.2919,2026-09-01
1935,0.2953,2026-09-01
1950,0.4269,2025-04-01
1951,0.4308,2025-04-01
1952,0.3766,2025-05-01
1953,0.3772,2025-05-01
1954,0.343,2025-06-01
1955,0.3409,2025-06-01
1956,0.2869,2025-07-01
1957,0.2905,2025-07-01
1958,0.373,2025-08-01
1959,0.3653,2025-08-01
1960,0.3022,2025-09-01
1961,0.3093,2025-09-01
1962,0.3808,2025-10-01
1963,0.3857,2025-10-01
1964,0.3123,2025-11-01
1965,0.323,2025-11-01
1966,0.5443,2025-12-01
1967,0.5468,2025-12-01
1968,0.4556,2026-01-01
1969,0.4546,2026-01-01
1970,0.619,2026-02-01
1971,0.619,2026-02-01
1972,0.3934,2026-03-01
1973,0.3958,2026-03-01
1974,0.4156,2026-04-01
1975,0.4102,2026-04-01
1976,0.3053,2026-05-01
1977,0.3009,2026-05-01
1978,0.2527,2026-06-01
1979,0.254,2026-06-01
1980,0.2439,2026-07-01
1981,0.2483,2026-07-01
1982,0.2048,2026-08-01
1983,0.2078,2026-08-01
1984,0.293,2026-09-01
1985,0.2956,2026-09-01
2000,0.4247,2025-04-01
2001,0.4304,2025-04-01
2002,0.3778,2025-05-01
2003,0.3764,2025-05-01
2004,0.3411,2025-06-01
2005,0.3393,2025-06-01
2006,0.2851,2025-07-01
2007,0.2898,2025-07-01
2008,0.3762,2025-08-01
2009,0.3653,2025-08-01
2010,0.3009,2025-09-01
2011,0.3102,2025-09-01
2012,0.3814,2025-10-01
2013,0.3856,2025-10-01
2014,0.3104,2025-11-01
2015,0.3236,2025-11-01
2016,0.541,2025-12-01
2017,0.5454,2025-12-01
2018,0.4631,2026-01-01
2019,0.4543,2026-01-01
2020,0.6228,2026-02-01
2021,0.6189,2026-02-01
2022,0.3934,2026-03-01
2023,0.3957,2026-03-01
2024,0.4194,2026-04-01
2025,0.41,2026-04-01
2026,0.3071,2026-05-01
2027,0.3009,2026-05-01
2028,0.2536,2026-06-01
2029,0.2541,2026-06-01
2030,0.2513,2026-07-01
2031,0.2482,2026-07-01
2032,0.2058,2026-08-01
2033,0.2079,2026-08-01
2034,0.2992,2026-09-01
2035,0.2957,2026-09-01
2050,0.4234,2025-04-01
2051,0.4304,2025-04-01
2052,0.3758,2025-05-01
2053,0.3767,2025-05-01
2054,0.3392,2025-06-01
2055,0.3386,2025-06-01
2056,0.2861,2025-07-01
2057,0.2893,2025-07-01
2058,0.3787,2025-08-01
2059,0.3635,2025-08-01
2060,0.2982,2025-09-01
2061,0.3099,2025-09-01
2062,0.3805,2025-10-01
2063,0.3862,2025-10-01
2064,0.3112,2025-11-01
2065,0.3263,2025-11-01
2066,0.542,2025-12-01
2067,0.5462,2025-12-01
2068,0.4675,2026-01-01
2069,0.456,2026-01-01
2070,0.6218,2026-02-01
2071,0.619,2026-02-01
2072,0.3891,2026-03-01
2073,0.3939,2026-03-01
2074,0.4205,2026-04-01
2075,0.409,2026-04-01
2076,0.3092,2026-05-01
2077,0.3021,2026-05-01
2078,0.254,2026-06-01
2079,0.254,2026-06-01
2080,0.2514,2026-07-01
2081,0.2479,2026-07-01
2082,0.2044,2026-08-01
2083,0.2072,2026-08-01
2084,0.2967,2026-09-01
2085,0.2951,2026-09-01
2100,0.4214,2025-04-01
2101,0.4298,2025-04-01
2102,0.3749,2025-05-01
2103,0.3769,2025-05-01
2104,0.3397,2025-06-01
2105,0.3388,2025-06-01
2106,0.287,2025-07-01
2107,0.2858,2025-07-01
2108,0.3781,2025-08-01
2109,0.3636,2025-08-01
2110,0.2963,2025-09-01
2111,0.3097,2025-09-01
2112,0.3841,2025-10-01
2113,0.3865,2025-10-01
2114,0.3108,2025-11-01
2115,0.327,2025-11-01
2116,0.5408,2025-12-01
2117,0.5467,2025-12-01
2118,0.4694,2026-01-01
2119,0.4556,2026-01-01
2120,0.6257,2026-02-01
2121,0.6186,2026-02-01
2122,0.3894,2026-03-01
2123,0.3939,2026-03-01
2124,0.4214,2026-04-01
2125,0.4088,2026-04-01
2126,0.3091,2026-05-01
2127,0.3007,2026-05-01
2128,0.2509,2026-06-01
2129,0.2528,2026-06-01
2130,0.252,2026-07-01
2131,0.2474,2026-07-01
2132,0.2051,2026-08-01
2133,0.2071,2026-08-01
2134,0.2962,2026-09-01
2135,0.2951,2026-09-01
2150,0.4202,2025-04-01
2151,0.4298,2025-04-01
2152,0.3754,2025-05-01
2153,0.3772,2025-05-01
2154,0.3423,2025-06-01
2155,0.3384,2025-06-01
2156,0.2864,2025-07-01
2157,0.2859,2025-07-01
2158,0.3836,2025-08-01
2159,0.3636,2025-08-01
2160,0.2968,2025-09-01
2161,0.3097,2025-09-01
2162,0.3845,2025-10-01
2163,0.3865,2025-10-01
2164,0.3103,2025-11-01
2165,0.327,2025-11-01
2166,0.5472,2025-12-01
2167,0.5467,2025-12-01
2168,0.4694,2026-01-01
2169,0.4554,2026-01-01
2170,0.6306,2026-02-01
2171,0.6185,2026-02-01
2172,0.3906,2026-03-01
2173,0.3941,2026-03-01
2174,0.4211,2026-04-01
2175,0.4092,2026-04-01
2176,0.3138,2026-05-01
2177,0.3011,2026-05-01
2178,0.2511,2026-06-01
2179,0.2531,2026-06-01
2180,0.2508,2026-07-01
2181,0.2478,2026-07-01
2182,0.2078,2026-08-01
2183,0.2072,2026-08-01
2184,0.297,2026-09-01
2185,0.2951,2026-09-01
2200,0.3881,2025-05-01
2201,0.3805,2025-05-01
2202,0.3282,2025-06-01
2203,0.334,2025-06-01
2204,0.2611,2025-07-01
2205,0.2775,2025-07-01
2206,0.3446,2025-08-01
2207,0.3646,2025-08-01
2208,0.3054,2025-09-01
2209,0.3072,2025-09-01
2210,0.3952,2025-10-01
2211,0.3853,2025-10-01
2212,0.3194,2025-11-01
2213,0.323,2025-11-01
2214,0.5475,2025-12-01
2215,0.5433,2025-12-01
2216,0.4646,2026-01-01
2217,0.4544,2026-01-01
2218,0.6359,2026-02-01
2219,0.6165,2026-02-01
2220,0.3854,2026-03-01
2221,0.3925,2026-03-01
2222,0.4113,2026-04-01
2223,0.4104,2026-04-01
2224,0.3139,2026-05-01
2225,0.3003,2026-05-01
2226,0.2526,2026-06-01
2227,0.2531,2026-06-01
2228,0.2514,2026-07-01
2229,0.2499,2026-07-01
2230,0.2004,2026-08-01
2231,0.2077,2026-08-01
2232,0.2983,2026-09-01
2233,0.2947,2026-09-01
2250,0.3829,2025-05-01
2251,0.3813,2025-05-01
2252,0.3183,2025-06-01
2253,0.3353,2025-06-01
2254,0.2619,2025-07-01
2255,0.2763,2025-07-01
2256,0.34,2025-08-01
2257,0.3668,2025-08-01
2258,0.3029,2025-09-01
2259,0.3061,2025-09-01
2260,0.3952,2025-10-01
2261,0.3849,2025-10-01
2262,0.314,2025-11-01
2263,0.3232,2025-11-01
2264,0.5538,2025-12-01
2265,0.5423,2025-12-01
2266,0.4457,2026-01-01
2267,0.4542,2026-01-01
2268,0.6348,2026-02-01
2269,0.6164,2026-02-01
2270,0.379,2026-03-01
2271,0.3924,2026-03-01
2272,0.3978,2026-04-01
2273,0.4104,2026-04-01
2274,0.3012,2026-05-01
2275,0.3003,2026-05-01
2276,0.2441,2026-06-01
2277,0.2531,2026-06-01
2278,0.2371,2026-07-01
2279,0.2499,2026-07-01
2280,0.1887,2026-08-01
2281,0.2077,2026-08-01
2282,0.2844,2026-09-01
2283,0.2946,2026-09-01
2300,0.386,2025-05-01
2301,0.3816,2025-05-01
2302,0.3228,2025-06-01
2303,0.3343,2025-06-01
2304,0.2641,2025-07-01
2305,0.2756,2025-07-01
2306,0.3542,2025-08-01
2307,0.3687,2025-08-01
2308,0.3072,2025-09-01
2309,0.3051,2025-09-01
2310,0.394,2025-10-01
2311,0.3851,2025-10-01
2312,0.309,2025-11-01
2313,0.3228,2025-11-01
2314,0.5572,2025-12-01
2315,0.5424,2025-12-01
2316,0.4441,2026-01-01
2317,0.4539,2026-01-01
2318,0.634,2026-02-01
2319,0.6174,2026-02-01
2320,0.3899,2026-03-01
2321,0.3936,2026-03-01
2322,0.4036,2026-04-01
2323,0.4116,2026-04-01
2324,0.3005,2026-05-01
2325,0.3003,2026-05-01
2326,0.2463,2026-06-01
2327,0.2531,2026-06-01
2328,0.2348,2026-07-01
2329,0.2499,2026-07-01
2330,0.1909,2026-08-01
2331,0.2077,2026-08-01
2332,0.2854,2026-09-01
2333,0.2946,2026-09-01
2350,0.3919,2025-05-01
2351,0.3838,2025-05-01
2352,0.3236,2025-06-01
2353,0.3351,2025-06-01
2354,0.2577,2025-07-01
2355,0.2732,2025-07-01
2356,0.3617,2025-08-01
2357,0.37,2025-08-01
2358,0.3016,2025-09-01
2359,0.3036,2025-09-01
2360,0.3956,2025-10-01
2361,0.3843,2025-10-01
2362,0.3153,2025-11-01
2363,0.3208,2025-11-01
2364,0.5516,2025-12-01
2365,0.5409,2025-12-01
2366,0.4486,2026-01-01
2367,0.4533,2026-01-01
2368,0.6231,2026-02-01
2369,0.6171,2026-02-01
2370,0.3899,2026-03-01
2371,0.3966,2026-03-01
2372,0.3977,2026-04-01
2373,0.4129,2026-04-01
2374,0.3025,2026-05-01
2375,0.3008,2026-05-01
2376,0.2488,2026-06-01
2377,0.2533,2026-06-01
2378,0.2304,2026-07-01
2379,0.2496,2026-07-01
2380,0.1817,2026-08-01
2381,0.2071,2026-08-01
2382,0.2817,2026-09-01
2383,0.2946,2026-09-01
2400,0.3893,2025-05-01
2401,0.3817,2025-05-01
2402,0.3189,2025-06-01
2403,0.3325,2025-06-01
2404,0.2667,2025-07-01
2405,0.2744,2025-07-01
2406,0.3515,2025-08-01
2407,0.3671,2025-08-01
2408,0.3035,2025-09-01
2409,0.3032,2025-09-01
2410,0.3936,2025-10-01
2411,0.3831,2025-10-01
2412,0.3179,2025-11-01
2413,0.319,2025-11-01
2414,0.5505,2025-12-01
2415,0.5421,2025-12-01
2416,0.4482,2026-01-01
2417,0.4541,2026-01-01
2418,0.6184,2026-02-01
2419,0.618,2026-02-01
2420,0.3879,2026-03-01
2421,0.394,2026-03-01
2422,0.3976,2026-04-01
2423,0.4131,2026-04-01
2424,0.2996,2026-05-01
2425,0.2987,2026-05-01
2426,0.2484,2026-06-01
2427,0.2528,2026-06-01
2428,0.2303,2026-07-01
2429,0.25,2026-07-01
2430,0.1821,2026-08-01
2431,0.2045,2026-08-01
2432,0.2822,2026-09-01
2433,0.2928,2026-09-01
2450,0.3976,2025-05-01
2451,0.3868,2025-05-01
2452,0.3389,2025-06-01
2453,0.3383,2025-06-01
2454,0.2659,2025-07-01
2455,0.268,2025-07-01
2456,0.3853,2025-08-01
2457,0.3739,2025-08-01
2458,0.284,2025-09-01
2459,0.2988,2025-09-01
2460,0.3789,2025-10-01
2461,0.3808,2025-10-01
2462,0.3135,2025-11-01
2463,0.318,2025-11-01
2464,0.5501,2025-12-01
2465,0.5438,2025-12-01
2466,0.4551,2026-01-01
2467,0.4569,2026-01-01
2468,0.6222,2026-02-01
2469,0.6229,2026-02-01
2470,0.396,2026-03-01
2471,0.3998,2026-03-01
2472,0.4018,2026-04-01
2473,0.4149,2026-04-01
2474,0.3036,2026-05-01
2475,0.3007,2026-05-01
2476,0.239,2026-06-01
2477,0.2539,2026-06-01
2478,0.22,2026-07-01
2479,0.2474,2026-07-01
2480,0.183,2026-08-01
2481,0.2034,2026-08-01
2482,0.2891,2026-09-01
2483,0.2932,2026-09-01
2500,0.3964,2025-05-01
2501,0.3886,2025-05-01
2502,0.3516,2025-06-01
2503,0.3402,2025-06-01
2504,0.2628,2025-07-01
2505,0.2674,2025-07-01
2506,0.3892,2025-08-01
2507,0.37,2025-08-01
2508,0.2797,2025-09-01
2509,0.292,2025-09-01
2510,0.3772,2025-10-01
2511,0.3791,2025-10-01
2512,0.3078,2025-11-01
2513,0.3139,2025-11-01
2514,0.5377,2025-12-01
2515,0.54,2025-12-01
2516,0.4596,2026-01-01
2517,0.4594,2026-01-01
2518,0.6234,2026-02-01
2519,0.6205,2026-02-01
2520,0.3981,2026-03-01
2521,0.3971,2026-03-01
2522,0.4042,2026-04-01
2523,0.4117,2026-04-01
2524,0.3019,2026-05-01
2525,0.3025,2026-05-01
2526,0.2444,2026-06-01
2527,0.2539,2026-06-01
2528,0.2217,2026-07-01
2529,0.2438,2026-07-01
2530,0.1782,2026-08-01
2531,0.2035,2026-08-01
2532,0.2867,2026-09-01
2533,0.2917,2026-09-01
2550,0.3942,2025-05-01
2551,0.3901,2025-05-01
2552,0.3426,2025-06-01
2553,0.3418,2025-06-01
2554,0.2554,2025-07-01
2555,0.2688,2025-07-01
2556,0.3832,2025-08-01
2557,0.3705,2025-08-01
2558,0.2776,2025-09-01
2559,0.2923,2025-09-01
2560,0.3713,2025-10-01
2561,0.3774,2025-10-01
2562,0.3086,2025-11-01
2563,0.3128,2025-11-01
2564,0.535,2025-12-01
2565,0.5403,2025-12-01
2566,0.4618,2026-01-01
2567,0.4592,2026-01-01
2568,0.6271,2026-02-01
2569,0.6205,2026-02-01
2570,0.3943,2026-03-01
2571,0.3974,2026-03-01
2572,0.4036,2026-04-01
2573,0.4118,2026-04-01
2574,0.3022,2026-05-01
2575,0.3026,2026-05-01
2576,0.2443,2026-06-01
2577,0.2541,2026-06-01
2578,0.2266,2026-07-01
2579,0.2439,2026-07-01
2580,0.1775,2026-08-01
2581,0.2035,2026-08-01
2582,0.2884,2026-09-01
2583,0.2919,2026-09-01
2600,0.3905,2025-05-01
2601,0.3907,2025-05-01
2602,0.343,2025-06-01
2603,0.3435,2025-06-01
2604,0.2608,2025-07-01
2605,0.2687,2025-07-01
2606,0.3771,2025-08-01
2607,0.3733,2025-08-01
2608,0.2784,2025-09-01
2609,0.2922,2025-09-01
2610,0.3707,2025-10-01
2611,0.3772,2025-10-01
2612,0.3048,2025-11-01
2613,0.3117,2025-11-01
2614,0.5358,2025-12-01
2615,0.5389,2025-12-01
2616,0.4541,2026-01-01
2617,0.4558,2026-01-01
2618,0.6445,2026-02-01
2619,0.6218,2026-02-01
2620,0.3962,2026-03-01
2621,0.3973,2026-03-01
2622,0.4122,2026-04-01
2623,0.4116,2026-04-01
2624,0.3043,2026-05-01
2625,0.3028,2026-05-01
2626,0.2456,2026-06-01
2627,0.257,2026-06-01
2628,0.2201,2026-07-01
2629,0.2451,2026-07-01
2630,0.1882,2026-08-01
2631,0.2077,2026-08-01
2632,0.2875,2026-09-01
2633,0.2924,2026-09-01
2650,0.3976,2025-05-01
2651,0.3917,2025-05-01
2652,0.3493,2025-06-01
2653,0.3432,2025-06-01
2654,0.2455,2025-07-01
2655,0.2658,2025-07-01
2656,0.391,2025-08-01
2657,0.3715,2025-08-01
2658,0.2809,2025-09-01
2659,0.2933,2025-09-01
2660,0.3717,2025-10-01
2661,0.3776,2025-10-01
2662,0.3002,2025-11-01
2663,0.3131,2025-11-01
2664,0.537,2025-12-01
2665,0.5393,2025-12-01
2666,0.4555,2026-01-01
2667,0.4541,2026-01-01
2668,0.6501,2026-02-01
2669,0.6221,2026-02-01
2670,0.3975,2026-03-01
2671,0.3984,2026-03-01
2672,0.4103,2026-04-01
2673,0.4115,2026-04-01
2674,0.3008,2026-05-01
2675,0.3029,2026-05-01
2676,0.2483,2026-06-01
2677,0.258,2026-06-01
2678,0.2187,2026-07-01
2679,0.2445,2026-07-01
2680,0.1879,2026-08-01
2681,0.207,2026-08-01
2682,0.2885,2026-09-01
2683,0.2924,2026-09-01
2700,0.4032,2025-05-01
2701,0.3977,2025-05-01
2702,0.3603,2025-06-01
2703,0.3555,2025-06-01
2704,0.2417,2025-07-01
2705,0.2555,2025-07-01
2706,0.3977,2025-08-01
2707,0.3836,2025-08-01
2708,0.2802,2025-09-01
2709,0.2879,2025-09-01
2710,0.3698,2025-10-01
2711,0.3759,2025-10-01
2712,0.3032,2025-11-01
2713,0.3066,2025-11-01
2714,0.531,2025-12-01
2715,0.533,2025-12-01
2716,0.4613,2026-01-01
2717,0.4532,2026-01-01
2718,0.6367,2026-02-01
2719,0.6229,2026-02-01
2720,0.4033,2026-03-01
2721,0.3993,2026-03-01
2722,0.4249,2026-04-01
2723,0.414,2026-04-01
2724,0.3013,2026-05-01
2725,0.3032,2026-05-01
2726,0.2633,2026-06-01
2727,0.265,2026-06-01
2728,0.2491,2026-07-01
2729,0.2502,2026-07-01
2730,0.1996,2026-08-01
2731,0.2071,2026-08-01
2732,0.2883,2026-09-01
2733,0.2929,2026-09-01
2750,0.405,2025-05-01
2751,0.3986,2025-05-01
2752,0.3583,2025-06-01
2753,0.3549,2025-06-01
2754,0.2412,2025-07-01
2755,0.2546,2025-07-01
2756,0.4049,2025-08-01
2757,0.3886,2025-08-01
2758,0.2782,2025-09-01
2759,0.2862,2025-09-01
2760,0.3724,2025-10-01
2761,0.3757,2025-10-01
2762,0.3043,2025-11-01
2763,0.3057,2025-11-01
2764,0.5361,2025-12-01
2765,0.5305,2025-12-01
2766,0.4587,2026-01-01
2767,0.4524,2026-01-01
2768,0.6376,2026-02-01
2769,0.6235,2026-02-01
2770,0.404,2026-03-01
2771,0.3992,2026-03-01
2772,0.4245,2026-04-01
2773,0.4148,2026-04-01
2774,0.3025,2026-05-01
2775,0.303,2026-05-01
2776,0.2607,2026-06-01
2777,0.2641,2026-06-01
2778,0.2487,2026-07-01
2779,0.2502,2026-07-01
2780,0.2008,2026-08-01
2781,0.2067,2026-08-01
2782,0.2908,2026-09-01
2783,0.2927,2026-09-01
2800,0.3985,2025-05-01
2801,0.3955,2025-05-01
2802,0.3573,2025-06-01
2803,0.3556,2025-06-01
2804,0.239,2025-07-01
2805,0.2477,2025-07-01
2806,0.4114,2025-08-01
2807,0.3921,2025-08-01
2808,0.2786,2025-09-01
2809,0.2861,2025-09-01
2810,0.3768,2025-10-01
2811,0.3774,2025-10-01
2812,0.3009,2025-11-01
2813,0.3064,2025-11-01
2814,0.5347,2025-12-01
2815,0.5293,2025-12-01
2816,0.4567,2026-01-01
2817,0.4523,2026-01-01
2818,0.6375,2026-02-01
2819,0.6229,2026-02-01
2820,0.4033,2026-03-01
2821,0.3994,2026-03-01
2822,0.4253,2026-04-01
2823,0.4143,2026-04-01
2824,0.3007,2026-05-01
2825,0.3032,2026-05-01
2826,0.2624,2026-06-01
2827,0.264,2026-06-01
2828,0.253,2026-07-01
2829,0.2495,2026-07-01
2830,0.2049,2026-08-01
2831,0.2067,2026-08-01
2832,0.2933,2026-09-01
2833,0.293,2026-09-01
2850,0.3971,2025-05-01
2851,0.3953,2025-05-01
2852,0.3563,2025-06-01
2853,0.3557,2025-06-01
2854,0.2397,2025-07-01
2855,0.2468,2025-07-01
2856,0.4038,2025-08-01
2857,0.3897,2025-08-01
2858,0.2779,2025-09-01
2859,0.2863,2025-09-01
2860,0.3782,2025-10-01
2861,0.3786,2025-10-01
2862,0.3049,2025-11-01
2863,0.3084,2025-11-01
2864,0.5346,2025-12-01
2865,0.5306,2025-12-01
2866,0.4591,2026-01-01
2867,0.4542,2026-01-01
2868,0.6291,2026-02-01
2869,0.6229,2026-02-01
2870,0.4036,2026-03-01
2871,0.3999,2026-03-01
2872,0.4243,2026-04-01
2873,0.4148,2026-04-01
2874,0.3026,2026-05-01
2875,0.3035,2026-05-01
2876,0.266,2026-06-01
2877,0.2651,2026-06-01
2878,0.2585,2026-07-01
2879,0.25,2026-07-01
2880,0.2009,2026-08-01
2881,0.2057,2026-08-01
2882,0.2937,2026-09-01
2883,0.2922,2026-09-01
2900,0.3936,2025-05-01
2901,0.3919,2025-05-01
2902,0.3548,2025-06-01
2903,0.353,2025-06-01
2904,0.2421,2025-07-01
2905,0.2499,2025-07-01
2906,0.401,2025-08-01
2907,0.39,2025-08-01
2908,0.2787,2025-09-01
2909,0.286,2025-09-01
2910,0.3778,2025-10-01
2911,0.3781,2025-10-01
2912,0.309,2025-11-01
2913,0.3091,2025-11-01
2914,0.5319,2025-12-01
2915,0.5297,2025-12-01
2916,0.4586,2026-01-01
2917,0.4539,2026-01-01
2918,0.6296,2026-02-01
2919,0.6227,2026-02-01
2920,0.4061,2026-03-01
2921,0.3999,2026-03-01
2922,0.424,2026-04-01
2923,0.4152,2026-04-01
2924,0.3032,2026-05-01
2925,0.3039,2026-05-01
2926,0.261,2026-06-01
2927,0.2652,2026-06-01
2928,0.2498,2026-07-01
2929,0.2498,2026-07-01
2930,0.199,2026-08-01
2931,0.2059,2026-08-01
2932,0.2902,2026-09-01
2933,0.2922,2026-09-01
2950,0.3524,2025-05-01
2951,0.3806,2025-05-01
2952,0.3393,2025-06-01
2953,0.3511,2025-06-01
2954,0.2077,2025-07-01
2955,0.2426,2025-07-01
2956,0.3999,2025-08-01
2957,0.3895,2025-08-01
2958,0.2815,2025-09-01
2959,0.2839,2025-09-01
2960,0.383,2025-10-01
2961,0.3798,2025-10-01
2962,0.3047,2025-11-01
2963,0.3097,2025-11-01
2964,0.5204,2025-12-01
2965,0.5305,2025-12-01
2966,0.4403,2026-01-01
2967,0.4528,2026-01-01
2968,0.6283,2026-02-01
2969,0.621,2026-02-01
2970,0.4142,2026-03-01
2971,0.4018,2026-03-01
2972,0.4119,2026-04-01
2973,0.4151,2026-04-01
2974,0.305,2026-05-01
2975,0.3039,2026-05-01
2976,0.2508,2026-06-01
2977,0.2655,2026-06-01
2978,0.2129,2026-07-01
2979,0.2489,2026-07-01
2980,0.188,2026-08-01
2981,0.2082,2026-08-01
2982,0.2885,2026-09-01
2983,0.2914,2026-09-01
3000,0.3518,2025-05-01
3001,0.3801,2025-05-01
3002,0.3325,2025-06-01
3003,0.3474,2025-06-01
3004,0.2031,2025-07-01
3005,0.2391,2025-07-01
3006,0.3946,2025-08-01
3007,0.3909,2025-08-01
3008,0.2802,2025-09-01
3009,0.2832,2025-09-01
3010,0.3817,2025-10-01
3011,0.3796,2025-10-01
3012,0.3039,2025-11-01
3013,0.3116,2025-11-01
3014,0.5257,2025-12-01
3015,0.5328,2025-12-01
3016,0.4363,2026-01-01
3017,0.454,2026-01-01
3018,0.6401,2026-02-01
3019,0.6234,2026-02-01
3020,0.4117,2026-03-01
3021,0.4032,2026-03-01
3022,0.4085,2026-04-01
3023,0.4164,2026-04-01
3024,0.3036,2026-05-01
3025,0.303,2026-05-01
3026,0.254,2026-06-01
3027,0.2644,2026-06-01
3028,0.2148,2026-07-01
3029,0.2494,2026-07-01
3030,0.1848,2026-08-01
3031,0.2059,2026-08-01
3032,0.2855,2026-09-01
3033,0.29,2026-09-01
3050,0.3508,2025-05-01
3051,0.3784,2025-05-01
3052,0.336,2025-06-01
3053,0.3426,2025-06-01
3054,0.2127,2025-07-01
3055,0.2382,2025-07-01
3056,0.395,2025-08-01
3057,0.3918,2025-08-01
3058,0.2757,2025-09-01
3059,0.2834,2025-09-01
3060,0.3795,2025-10-01
3061,0.3796,2025-10-01
3062,0.3007,2025-11-01
3063,0.312,2025-11-01
3064,0.5313,2025-12-01
3065,0.533,2025-12-01
3066,0.4257,2026-01-01
3067,0.4532,2026-01-01
3068,0.6474,2026-02-01
3069,0.6247,2026-02-01
3070,0.418,2026-03-01
3071,0.4035,2026-03-01
3072,0.4037,2026-04-01
3073,0.4164,2026-04-01
3074,0.3031,2026-05-01
3075,0.3027,2026-05-01
3076,0.2634,2026-06-01
3077,0.2649,2026-06-01
3078,0.2148,2026-07-01
3079,0.2496,2026-07-01
3080,0.1904,2026-08-01
3081,0.2057,2026-08-01
3082,0.2803,2026-09-01
3083,0.29,2026-09-01
3100,0.3571,2025-05-01
3101,0.3796,2025-05-01
3102,0.3339,2025-06-01
3103,0.3425,2025-06-01
3104,0.2218,2025-07-01
3105,0.2393,2025-07-01
3106,0.4012,2025-08-01
3107,0.3944,2025-08-01
3108,0.2704,2025-09-01
3109,0.2805,2025-09-01
3110,0.3831,2025-10-01
3111,0.379,2025-10-01
3112,0.3007,2025-11-01
3113,0.3108,2025-11-01
3114,0.533,2025-12-01
3115,0.5323,2025-12-01
3116,0.4278,2026-01-01
3117,0.454,2026-01-01
3118,0.6455,2026-02-01
3119,0.6253,2026-02-01
3120,0.4123,2026-03-01
3121,0.4039,2026-03-01
3122,0.4013,2026-04-01
3123,0.4163,2026-04-01
3124,0.3014,2026-05-01
3125,0.3035,2026-05-01
3126,0.2603,2026-06-01
3127,0.2662,2026-06-01
3128,0.2172,2026-07-01
3129,0.2495,2026-07-01
3130,0.1945,2026-08-01
3131,0.2059,2026-08-01
3132,0.2818,2026-09-01
3133,0.2901,2026-09-01
3150,0.3551,2025-05-01
3151,0.3784,2025-05-01
3152,0.3307,2025-06-01
3153,0.3414,2025-06-01
3154,0.2109,2025-07-01
3155,0.2361,2025-07-01
3156,0.4037,2025-08-01
3157,0.3951,2025-08-01
3158,0.2712,2025-09-01
3159,0.2812,2025-09-01
3160,0.3835,2025-10-01
3161,0.3792,2025-10-01
3162,0.3047,2025-11-01
3163,0.312,2025-11-01
3164,0.5522,2025-12-01
3165,0.537,2025-12-01
3166,0.4248,2026-01-01
3167,0.4542,2026-01-01
3168,0.6468,2026-02-01
3169,0.6255,2026-02-01
3170,0.413,2026-03-01
3171,0.4043,2026-03-01
3172,0.4007,2026-04-01
3173,0.4166,2026-04-01
3174,0.3033,2026-05-01
3175,0.3042,2026-05-01
3176,0.2632,2026-06-01
3177,0.2666,2026-06-01
3178,0.2271,2026-07-01
3179,0.2503,2026-07-01
3180,0.1966,2026-08-01
3181,0.2062,2026-08-01
3182,0.2899,2026-09-01
3183,0.292,2026-09-01
3200,0.3484,2025-05-01
3201,0.3709,2025-05-01
3202,0.2972,2025-06-01
3203,0.322,2025-06-01
3204,0.2075,2025-07-01
3205,0.2371,2025-07-01
3206,0.4008,2025-08-01
3207,0.3911,2025-08-01
3208,0.271,2025-09-01
3209,0.2831,2025-09-01
3210,0.3786,2025-10-01
3211,0.3812,2025-10-01
3212,0.2937,2025-11-01
3213,0.3136,2025-11-01
3214,0.5495,2025-12-01
3215,0.5375,2025-12-01
3216,0.4327,2026-01-01
3217,0.4524,2026-01-01
3218,0.6438,2026-02-01
3219,0.6232,2026-02-01
3220,0.3931,2026-03-01
3221,0.4015,2026-03-01
3222,0.405,2026-04-01
3223,0.4141,2026-04-01
3224,0.3038,2026-05-01
3225,0.3044,2026-05-01
3226,0.2642,2026-06-01
3227,0.2673,2026-06-01
3228,0.2289,2026-07-01
3229,0.2481,2026-07-01
3230,0.2029,2026-08-01
3231,0.2104,2026-08-01
3232,0.2858,2026-09-01
3233,0.293,2026-09-01
3250,0.345,2025-05-01
3251,0.3684,2025-05-01
3252,0.2901,2025-06-01
3253,0.3178,2025-06-01
3254,0.212,2025-07-01
3255,0.2347,2025-07-01
3256,0.41,2025-08-01
3257,0.3968,2025-08-01
3258,0.2753,2025-09-01
3259,0.2819,2025-09-01
3260,0.3797,2025-10-01
3261,0.3811,2025-10-01
3262,0.2928,2025-11-01
3263,0.3128,2025-11-01
3264,0.5541,2025-12-01
3265,0.5395,2025-12-01
3266,0.43,2026-01-01
3267,0.4531,2026-01-01
3268,0.6351,2026-02-01
3269,0.6243,2026-02-01
3270,0.3913,2026-03-01
3271,0.4007,2026-03-01
3272,0.402,2026-04-01
3273,0.4144,2026-04-01
3274,0.3025,2026-05-01
3275,0.3042,2026-05-01
3276,0.2598,2026-06-01
3277,0.2671,2026-06-01
3278,0.2248,2026-07-01
3279,0.2476,2026-07-01
3280,0.2026,2026-08-01
3281,0.2099,2026-08-01
3282,0.2864,2026-09-01
3283,0.2931,2026-09-01
3300,0.2876,2025-06-01
3301,0.316,2025-06-01
3302,0.2047,2025-07-01
3303,0.2351,2025-07-01
3304,0.416,2025-08-01
3305,0.3971,2025-08-01
3306,0.2752,2025-09-01
3307,0.2818,2025-09-01
3308,0.3769,2025-10-01
3309,0.3813,2025-10-01
3310,0.2933,2025-11-01
3311,0.3135,2025-11-01
3312,0.5566,2025-12-01
3313,0.5521,2025-12-01
3314,0.4339,2026-01-01
3315,0.4523,2026-01-01
3316,0.6378,2026-02-01
3317,0.6238,2026-02-01
3318,0.387,2026-03-01
3319,0.4004,2026-03-01
3320,0.3982,2026-04-01
3321,0.4139,2026-04-01
3322,0.302,2026-05-01
3323,0.304,2026-05-01
3324,0.2615,2026-06-01
3325,0.2674,2026-06-01
3326,0.2283,2026-07-01
3327,0.2481,2026-07-01
3328,0.2072,2026-08-01
3329,0.2103,2026-08-01
3330,0.2876,2026-09-01
3331,0.2932,2026-09-01
3350,0.2802,2025-06-01
3351,0.3092,2025-06-01
3352,0.1991,2025-07-01
3353,0.2312,2025-07-01
3354,0.4218,2025-08-01
3355,0.4,2025-08-01
3356,0.28,2025-09-01
3357,0.281,2025-09-01
3358,0.3722,2025-10-01
3359,0.3816,2025-10-01
3360,0.2891,2025-11-01
3361,0.3138,2025-11-01
3362,0.5614,2025-12-01
3363,0.5532,2025-12-01
3364,0.4394,2026-01-01
3365,0.4518,2026-01-01
3366,0.641,2026-02-01
3367,0.6232,2026-02-01
3368,0.3856,2026-03-01
3369,0.3998,2026-03-01
3370,0.404,2026-04-01
3371,0.4135,2026-04-01
3372,0.3009,2026-05-01
3373,0.3035,2026-05-01
3374,0.2578,2026-06-01
3375,0.2669,2026-06-01
3376,0.219,2026-07-01
3377,0.2478,2026-07-01
3378,0.2102,2026-08-01
3379,0.2101,2026-08-01
3380,0.2907,2026-09-01
3381,0.293,2026-09-01
3400,0.2828,2025-06-01
3401,0.3088,2025-06-01
3402,0.2034,2025-07-01
3403,0.2286,2025-07-01
3404,0.4214,2025-08-01
3405,0.4014,2025-08-01
3406,0.2809,2025-09-01
3407,0.2816,2025-09-01
3408,0.3717,2025-10-01
3409,0.3801,2025-10-01
3410,0.2821,2025-11-01
3411,0.3118,2025-11-01
3412,0.5486,2025-12-01
3413,0.5535,2025-12-01
3414,0.4464,2026-01-01
3415,0.4506,2026-01-01
3416,0.6325,2026-02-01
3417,0.6229,2026-02-01
3418,0.3783,2026-03-01
3419,0.3996,2026-03-01
3420,0.3969,2026-04-01
3421,0.4134,2026-04-01
3422,0.295,2026-05-01
3423,0.3034,2026-05-01
3424,0.264,2026-06-01
3425,0.2669,2026-06-01
3426,0.2184,2026-07-01
3427,0.2479,2026-07-01
3428,0.2131,2026-08-01
3429,0.2103,2026-08-01
3430,0.292,2026-09-01
3431,0.293,2026-09-01
3450,0.2652,2025-06-01
3451,0.2769,2025-06-01
3452,0.1882,2025-07-01
3453,0.2031,2025-07-01
3454,0.4456,2025-08-01
3455,0.4324,2025-08-01
3456,0.2673,2025-09-01
3457,0.2716,2025-09-01
3458,0.3838,2025-10-01
3459,0.3828,2025-10-01
3460,0.3092,2025-11-01
3461,0.3142,2025-11-01
3462,0.5474,2025-12-01
3463,0.5454,2025-12-01
3464,0.4487,2026-01-01
3465,0.4508,2026-01-01
3466,0.632,2026-02-01
3467,0.6223,2026-02-01
3468,0.3929,2026-03-01
3469,0.3979,2026-03-01
3470,0.4093,2026-04-01
3471,0.4104,2026-04-01
3472,0.2927,2026-05-01
3473,0.3038,2026-05-01
3474,0.2645,2026-06-01
3475,0.2629,2026-06-01
3476,0.2442,2026-07-01
3477,0.2488,2026-07-01
3478,0.2124,2026-08-01
3479,0.2131,2026-08-01
3480,0.2888,2026-09-01
3481,0.2903,2026-09-01
3500,0.2622,2025-06-01
3501,0.2742,2025-06-01
3502,0.1852,2025-07-01
3503,0.199,2025-07-01
3504,0.4499,2025-08-01
3505,0.4343,2025-08-01
3506,0.2662,2025-09-01
3507,0.2708,2025-09-01
3508,0.3822,2025-10-01
3509,0.3825,2025-10-01
3510,0.3075,2025-11-01
3511,0.3124,2025-11-01
3512,0.5478,2025-12-01
3513,0.5447,2025-12-01
3514,0.4486,2026-01-01
3515,0.4497,2026-01-01
3516,0.6313,2026-02-01
3517,0.6245,2026-02-01
3518,0.3934,2026-03-01
3519,0.3989,2026-03-01
3520,0.4101,2026-04-01
3521,0.411,2026-04-01
3522,0.2938,2026-05-01
3523,0.304,2026-05-01
3524,0.2639,2026-06-01
3525,0.2616,2026-06-01
3526,0.2464,2026-07-01
3527,0.2484,2026-07-01
3528,0.2125,2026-08-01
3529,0.2115,2026-08-01
3530,0.2883,2026-09-01
3531,0.2898,2026-09-01
3550,0.2623,2025-06-01
3551,0.2734,2025-06-01
3552,0.1829,2025-07-01
3553,0.1981,2025-07-01
3554,0.4475,2025-08-01
3555,0.4343,2025-08-01
3556,0.2635,2025-09-01
3557,0.2712,2025-09-01
3558,0.38,2025-10-01
3559,0.3818,2025-10-01
3560,0.308,2025-11-01
3561,0.3124,2025-11-01
3562,0.5476,2025-12-01
3563,0.5456,2025-12-01
3564,0.4546,2026-01-01
3565,0.4511,2026-01-01
3566,0.6296,2026-02-01
3567,0.6253,2026-02-01
3568,0.3933,2026-03-01
3569,0.3986,2026-03-01
3570,0.4144,2026-04-01
3571,0.411,2026-04-01
3572,0.2986,2026-05-01
3573,0.3033,2026-05-01
3574,0.2584,2026-06-01
3575,0.2615,2026-06-01
3576,0.2426,2026-07-01
3577,0.2479,2026-07-01
3578,0.204,2026-08-01
3579,0.2113,2026-08-01
3580,0.2879,2026-09-01
3581,0.2903,2026-09-01
3600,0.2628,2025-06-01
3601,0.2735,2025-06-01
3602,0.1827,2025-07-01
3603,0.1979,2025-07-01
3604,0.4487,2025-08-01
3605,0.4343,2025-08-01
3606,0.2652,2025-09-01
3607,0.2715,2025-09-01
3608,0.3819,2025-10-01
3609,0.3821,2025-10-01
3610,0.3123,2025-11-01
3611,0.3126,2025-11-01
3612,0.5474,2025-12-01
3613,0.5456,2025-12-01
3614,0.4509,2026-01-01
3615,0.4506,2026-01-01
3616,0.6304,2026-02-01
3617,0.6247,2026-02-01
3618,0.394,2026-03-01
3619,0.3981,2026-03-01
3620,0.4135,2026-04-01
3621,0.4109,2026-04-01
3622,0.3004,2026-05-01
3623,0.3035,2026-05-01
3624,0.2582,2026-06-01
3625,0.2612,2026-06-01
3626,0.2518,2026-07-01
3627,0.2482,2026-07-01
3628,0.2034,2026-08-01
3629,0.2122,2026-08-01
3630,0.2878,2026-09-01
3631,0.2902,2026-09-01
3650,0.2552,2025-06-01
3651,0.2699,2025-06-01
3652,0.1722,2025-07-01
3653,0.1896,2025-07-01
3654,0.4263,2025-08-01
3655,0.4222,2025-08-01
3656,0.2765,2025-09-01
3657,0.2806,2025-09-01
3658,0.3867,2025-10-01
3659,0.3857,2025-10-01
3660,0.3131,2025-11-01
3661,0.3137,2025-11-01
3662,0.5522,2025-12-01
3663,0.545,2025-12-01
3664,0.4503,2026-01-01
3665,0.4503,2026-01-01
3666,0.6297,2026-02-01
3667,0.6227,2026-02-01
3668,0.3976,2026-03-01
3669,0.3963,2026-03-01
3670,0.4172,2026-04-01
3671,0.4082,2026-04-01
3672,0.3039,2026-05-01
3673,0.3031,2026-05-01
3674,0.2586,2026-06-01
3675,0.2624,2026-06-01
3676,0.2533,2026-07-01
3677,0.2499,2026-07-01
3678,0.2058,2026-08-01
3679,0.2158,2026-08-01
3680,0.2869,2026-09-01
3681,0.2902,2026-09-01
3700,0.2536,2025-06-01
3701,0.2666,2025-06-01
3702,0.1645,2025-07-01
3703,0.1879,2025-07-01
3704,0.425,2025-08-01
3705,0.4218,2025-08-01
3706,0.278,2025-09-01
3707,0.2814,2025-09-01
3708,0.3887,2025-10-01
3709,0.3873,2025-10-01
3710,0.297,2025-11-01
3711,0.3142,2025-11-01
3712,0.5431,2025-12-01
3713,0.5444,2025-12-01
3714,0.454,2026-01-01
3715,0.4506,2026-01-01
3716,0.6114,2026-02-01
3717,0.6233,2026-02-01
3718,0.3893,2026-03-01
3719,0.3959,2026-03-01
3720,0.4128,2026-04-01
3721,0.4084,2026-04-01
3722,0.3012,2026-05-01
3723,0.303,2026-05-01
3724,0.256,2026-06-01
3725,0.2624,2026-06-01
3726,0.2497,2026-07-01
3727,0.2511,2026-07-01
3728,0.2075,2026-08-01
3729,0.2164,2026-08-01
3730,0.2774,2026-09-01
3731,0.2899,2026-09-01
3750,0.2532,2025-06-01
3751,0.2653,2025-06-01
3752,0.1668,2025-07-01
3753,0.1868,2025-07-01
3754,0.426,2025-08-01
3755,0.4219,2025-08-01
3756,0.2788,2025-09-01
3757,0.2816,2025-09-01
3758,0.3896,2025-10-01
3759,0.3876,2025-10-01
3760,0.298,2025-11-01
3761,0.3146,2025-11-01
3762,0.5411,2025-12-01
3763,0.5443,2025-12-01
3764,0.4535,2026-01-01
3765,0.4506,2026-01-01
3766,0.6126,2026-02-01
3767,0.6233,2026-02-01
3768,0.3893,2026-03-01
3769,0.3959,2026-03-01
3770,0.4127,2026-04-01
3771,0.4084,2026-04-01
3772,0.3018,2026-05-01
3773,0.303,2026-05-01
3774,0.2557,2026-06-01
3775,0.2624,2026-06-01
3776,0.2496,2026-07-01
3777,0.2511,2026-07-01
3778,0.2101,2026-08-01
3779,0.2164,2026-08-01
3780,0.2805,2026-09-01
3781,0.2899,2026-09-01
3800,0.2562,2025-06-01
3801,0.2659,2025-06-01
3802,0.1639,2025-07-01
3803,0.1847,2025-07-01
3804,0.4287,2025-08-01
3805,0.4211,2025-08-01
3806,0.2797,2025-09-01
3807,0.283,2025-09-01
3808,0.3944,2025-10-01
3809,0.3888,2025-10-01
3810,0.2969,2025-11-01
3811,0.3152,2025-11-01
3812,0.5384,2025-12-01
3813,0.5419,2025-12-01
3814,0.4513,2026-01-01
3815,0.4501,2026-01-01
3816,0.6125,2026-02-01
3817,0.6227,2026-02-01
3818,0.3905,2026-03-01
3819,0.3962,2026-03-01
3820,0.411,2026-04-01
3821,0.408,2026-04-01
3822,0.3007,2026-05-01
3823,0.3028,2026-05-01
3824,0.2578,2026-06-01
3825,0.2621,2026-06-01
3826,0.2513,2026-07-01
3827,0.2505,2026-07-01
3828,0.2143,2026-08-01
3829,0.2158,2026-08-01
3830,0.2817,2026-09-01
3831,0.2896,2026-09-01
3850,0.2514,2025-06-01
3851,0.2637,2025-06-01
3852,0.1612,2025-07-01
3853,0.1832,2025-07-01
3854,0.4134,2025-08-01
3855,0.4099,2025-08-01
3856,0.2903,2025-09-01
3857,0.2899,2025-09-01
3858,0.3952,2025-10-01
3859,0.3897,2025-10-01
3860,0.3,2025-11-01
3861,0.3159,2025-11-01
3862,0.5391,2025-12-01
3863,0.5421,2025-12-01
3864,0.451,2026-01-01
3865,0.45,2026-01-01
3866,0.615,2026-02-01
3867,0.6224,2026-02-01
3868,0.3899,2026-03-01
3869,0.3955,2026-03-01
3870,0.4046,2026-04-01
3871,0.4078,2026-04-01
3872,0.2962,2026-05-01
3873,0.3026,2026-05-01
3874,0.2577,2026-06-01
3875,0.2619,2026-06-01
3876,0.2509,2026-07-01
3877,0.2499,2026-07-01
3878,0.2088,2026-08-01
3879,0.2157,2026-08-01
3880,0.2823,2026-09-01
3881,0.2898,2026-09-01
3900,0.2305,2025-06-01
3901,0.252,2025-06-01
3902,0.2105,2025-07-01
3903,0.2019,2025-07-01
3904,0.2421,2025-08-01
3905,0.342,2025-08-01
3906,0.3859,2025-09-01
3907,0.3282,2025-09-01
3908,0.3951,2025-10-01
3909,0.3915,2025-10-01
3910,0.3057,2025-11-01
3911,0.3166,2025-11-01
3912,0.5284,2025-12-01
3913,0.5421,2025-12-01
3914,0.4275,2026-01-01
3915,0.4473,2026-01-01
3916,0.6243,2026-02-01
3917,0.6197,2026-02-01
3918,0.3925,2026-03-01
3919,0.3956,2026-03-01
3920,0.3952,2026-04-01
3921,0.4078,2026-04-01
3922,0.3059,2026-05-01
3923,0.3023,2026-05-01
3924,0.2487,2026-06-01
3925,0.2616,2026-06-01
3926,0.2368,2026-07-01
3927,0.249,2026-07-01
3928,0.1861,2026-08-01
3929,0.2151,2026-08-01
3930,0.2799,2026-09-01
3931,0.2872,2026-09-01
3950,0.223,2025-06-01
3951,0.2456,2025-06-01
3952,0.2086,2025-07-01
3953,0.2004,2025-07-01
3954,0.2341,2025-08-01
3955,0.3425,2025-08-01
3956,0.3937,2025-09-01
3957,0.3311,2025-09-01
3958,0.3916,2025-10-01
3959,0.3894,2025-10-01
3960,0.3095,2025-11-01
3961,0.3152,2025-11-01
3962,0.5329,2025-12-01
3963,0.5404,2025-12-01
3964,0.436,2026-01-01
3965,0.447,2026-01-01
3966,0.6329,2026-02-01
3967,0.6168,2026-02-01
3968,0.3942,2026-03-01
3969,0.3926,2026-03-01
3970,0.404,2026-04-01
3971,0.4073,2026-04-01
3972,0.3062,2026-05-01
3973,0.3005,2026-05-01
3974,0.2486,2026-06-01
3975,0.2607,2026-06-01
3976,0.2357,2026-07-01
3977,0.2486,2026-07-01
3978,0.1878,2026-08-01
3979,0.215,2026-08-01
3980,0.2774,2026-09-01
3981,0.2862,2026-09-01
4000,0.2218,2025-06-01
4001,0.2445,2025-06-01
4002,0.2185,2025-07-01
4003,0.201,2025-07-01
4004,0.2264,2025-08-01
4005,0.3382,2025-08-01
4006,0.3998,2025-09-01
4007,0.3344,2025-09-01
4008,0.3902,2025-10-01
4009,0.3887,2025-10-01
4010,0.3101,2025-11-01
4011,0.315,2025-11-01
4012,0.5302,2025-12-01
4013,0.5423,2025-12-01
4014,0.4369,2026-01-01
4015,0.4471,2026-01-01
4016,0.6269,2026-02-01
4017,0.617,2026-02-01
4018,0.3918,2026-03-01
4019,0.3926,2026-03-01
4020,0.3999,2026-04-01
4021,0.4074,2026-04-01
4022,0.3018,2026-05-01
4023,0.3006,2026-05-01
4024,0.2508,2026-06-01
4025,0.2608,2026-06-01
4026,0.2374,2026-07-01
4027,0.2486,2026-07-01
4028,0.1911,2026-08-01
4029,0.215,2026-08-01
4030,0.2767,2026-09-01
4031,0.2863,2026-09-01
4050,0.2164,2025-06-01
4051,0.2443,2025-06-01
4052,0.2214,2025-07-01
4053,0.2024,2025-07-01
4054,0.2158,2025-08-01
4055,0.3339,2025-08-01
4056,0.4102,2025-09-01
4057,0.3373,2025-09-01
4058,0.3898,2025-10-01
4059,0.3887,2025-10-01
4060,0.3101,2025-11-01
4061,0.315,2025-11-01
4062,0.532,2025-12-01
4063,0.5423,2025-12-01
4064,0.4384,2026-01-01
4065,0.4471,2026-01-01
4066,0.6293,2026-02-01
4067,0.617,2026-02-01
4068,0.3884,2026-03-01
4069,0.3926,2026-03-01
4070,0.4014,2026-04-01
4071,0.4074,2026-04-01
4072,0.3001,2026-05-01
4073,0.3006,2026-05-01
4074,0.2494,2026-06-01
4075,0.2608,2026-06-01
4076,0.2351,2026-07-01
4077,0.2486,2026-07-01
4078,0.1905,2026-08-01
4079,0.215,2026-08-01
4080,0.2768,2026-09-01
4081,0.2863,2026-09-01
4100,0.2223,2025-06-01
4101,0.2429,2025-06-01
4102,0.2363,2025-07-01
4103,0.2047,2025-07-01
4104,0.2144,2025-08-01
4105,0.3309,2025-08-01
4106,0.404,2025-09-01
4107,0.3405,2025-09-01
4108,0.3876,2025-10-01
4109,0.388,2025-10-01
4110,0.307,2025-11-01
4111,0.3144,2025-11-01
4112,0.5312,2025-12-01
4113,0.5419,2025-12-01
4114,0.4393,2026-01-01
4115,0.4471,2026-01-01
4116,0.6248,2026-02-01
4117,0.6169,2026-02-01
4118,0.3908,2026-03-01
4119,0.3926,2026-03-01
4120,0.4073,2026-04-01
4121,0.4068,2026-04-01
4122,0.3019,2026-05-01
4123,0.3005,2026-05-01
4124,0.2472,2026-06-01
4125,0.2599,2026-06-01
4126,0.2376,2026-07-01
4127,0.2499,2026-07-01
4128,0.1946,2026-08-01
4129,0.2146,2026-08-01
4130,0.2779,2026-09-01
4131,0.2863,2026-09-01
4150,0.2199,2025-06-01
4151,0.2392,2025-06-01
4152,0.2647,2025-07-01
4153,0.2149,2025-07-01
4154,0.1831,2025-08-01
4155,0.3085,2025-08-01
4156,0.4283,2025-09-01
4157,0.3537,2025-09-01
4158,0.3944,2025-10-01
4159,0.3909,2025-10-01
4160,0.2894,2025-11-01
4161,0.3118,2025-11-01
4162,0.5346,2025-12-01
4163,0.5426,2025-12-01
4164,0.4454,2026-01-01
4165,0.4465,2026-01-01
4166,0.6367,2026-02-01
4167,0.6161,2026-02-01
4168,0.3851,2026-03-01
4169,0.3922,2026-03-01
4170,0.4189,2026-04-01
4171,0.4062,2026-04-01
4172,0.292,2026-05-01
4173,0.3003,2026-05-01
4174,0.2532,2026-06-01
4175,0.2592,2026-06-01
4176,0.2332,2026-07-01
4177,0.2508,2026-07-01
4178,0.2085,2026-08-01
4179,0.215,2026-08-01
4180,0.2781,2026-09-01
4181,0.2865,2026-09-01
4200,0.2217,2025-06-01
4201,0.2352,2025-06-01
4202,0.2758,2025-07-01
4203,0.2166,2025-07-01
4204,0.1696,2025-08-01
4205,0.3002,2025-08-01
4206,0.4315,2025-09-01
4207,0.3592,2025-09-01
4208,0.4025,2025-10-01
4209,0.3913,2025-10-01
4210,0.2868,2025-11-01
4211,0.3121,2025-11-01
4212,0.5382,2025-12-01
4213,0.5434,2025-12-01
4214,0.4333,2026-01-01
4215,0.4493,2026-01-01
4216,0.64,2026-02-01
4217,0.6158,2026-02-01
4218,0.3857,2026-03-01
4219,0.3933,2026-03-01
4220,0.409,2026-04-01
4221,0.4058,2026-04-01
4222,0.2915,2026-05-01
4223,0.3001,2026-05-01
4224,0.2575,2026-06-01
4225,0.2592,2026-06-01
4226,0.2364,2026-07-01
4227,0.2501,2026-07-01
4228,0.2246,2026-08-01
4229,0.2156,2026-08-01
4230,0.2871,2026-09-01
4231,0.2868,2026-09-01
4250,0.2197,2025-06-01
4251,0.2346,2025-06-01
4252,0.2757,2025-07-01
4253,0.2165,2025-07-01
4254,0.16,2025-08-01
4255,0.2997,2025-08-01
4256,0.4417,2025-09-01
4257,0.359,2025-09-01
4258,0.406,2025-10-01
4259,0.3916,2025-10-01
4260,0.2807,2025-11-01
4261,0.3122,2025-11-01
4262,0.5467,2025-12-01
4263,0.5432,2025-12-01
4264,0.4337,2026-01-01
4265,0.4493,2026-01-01
4266,0.65,2026-02-01
4267,0.6157,2026-02-01
4268,0.3887,2026-03-01
4269,0.3929,2026-03-01
4270,0.4136,2026-04-01
4271,0.4058,2026-04-01
4272,0.2933,2026-05-01
4273,0.3001,2026-05-01
4274,0.2566,2026-06-01
4275,0.2592,2026-06-01
4276,0.2342,2026-07-01
4277,0.2501,2026-07-01
4278,0.2198,2026-08-01
4279,0.2156,2026-08-01
4280,0.2856,2026-09-01
4281,0.2868,2026-09-01
4300,0.2196,2025-06-01
4301,0.2337,2025-06-01
4302,0.2711,2025-07-01
4303,0.2195,2025-07-01
4304,0.1654,2025-08-01
4305,0.2929,2025-08-01
4306,0.4294,2025-09-01
4307,0.3585,2025-09-01
4308,0.3972,2025-10-01
4309,0.3904,2025-10-01
4310,0.2823,2025-11-01
4311,0.3118,2025-11-01
4312,0.5367,2025-12-01
4313,0.5406,2025-12-01
4314,0.4392,2026-01-01
4315,0.4489,2026-01-01
4316,0.6517,2026-02-01
4317,0.616,2026-02-01
4318,0.3881,2026-03-01
4319,0.3922,2026-03-01
4320,0.4046,2026-04-01
4321,0.4058,2026-04-01
4322,0.2895,2026-05-01
4323,0.3005,2026-05-01
4324,0.2604,2026-06-01
4325,0.2591,2026-06-01
4326,0.2321,2026-07-01
4327,0.2501,2026-07-01
4328,0.2195,2026-08-01
4329,0.2156,2026-08-01
4330,0.2846,2026-09-01
4331,0.2868,2026-09-01
4350,0.2684,2025-07-01
4351,0.2234,2025-07-01
4352,0.1461,2025-08-01
4353,0.2795,2025-08-01
4354,0.4468,2025-09-01
4355,0.3655,2025-09-01
4356,0.3838,2025-10-01
4357,0.389,2025-10-01
4358,0.2867,2025-11-01
4359,0.311,2025-11-01
4360,0.5335,2025-12-01
4361,0.5386,2025-12-01
4362,0.4277,2026-01-01
4363,0.4503,2026-01-01
4364,0.651,2026-02-01
4365,0.6151,2026-02-01
4366,0.394,2026-03-01
4367,0.394,2026-03-01
4368,0.4092,2026-04-01
4369,0.4072,2026-04-01
4370,0.2915,2026-05-01
4371,0.3011,2026-05-01
4372,0.2692,2026-06-01
4373,0.2601,2026-06-01
4374,0.2285,2026-07-01
4375,0.25,2026-07-01
4376,0.2134,2026-08-01
4377,0.215,2026-08-01
4378,0.2794,2026-09-01
4379,0.2871,2026-09-01
4400,0.2639,2025-07-01
4401,0.232,2025-07-01
4402,0.141,2025-08-01
4403,0.2495,2025-08-01
4404,0.4329,2025-09-01
4405,0.3756,2025-09-01
4406,0.385,2025-10-01
4407,0.3905,2025-10-01
4408,0.3022,2025-11-01
4409,0.311,2025-11-01
4410,0.5434,2025-12-01
4411,0.537,2025-12-01
4412,0.437,2026-01-01
4413,0.4512,2026-01-01
4414,0.6403,2026-02-01
4415,0.6149,2026-02-01
4416,0.4084,2026-03-01
4417,0.399,2026-03-01
4418,0.4162,2026-04-01
4419,0.408,2026-04-01
4420,0.3029,2026-05-01
4421,0.2992,2026-05-01
4422,0.265,2026-06-01
4423,0.2586,2026-06-01
4424,0.2201,2026-07-01
4425,0.2435,2026-07-01
4426,0.2049,2026-08-01
4427,0.2143,2026-08-01
4428,0.2824,2026-09-01
4429,0.2852,2026-09-01
4450,0.2592,2025-07-01
4451,0.2352,2025-07-01
4452,0.1363,2025-08-01
4453,0.2338,2025-08-01
4454,0.4426,2025-09-01
4455,0.3862,2025-09-01
4456,0.3878,2025-10-01
4457,0.3936,2025-10-01
4458,0.3056,2025-11-01
4459,0.3074,2025-11-01
4460,0.5505,2025-12-01
4461,0.5349,2025-12-01
4462,0.4475,2026-01-01
4463,0.4506,2026-01-01
4464,0.6389,2026-02-01
4465,0.6175,2026-02-01
4466,0.4155,2026-03-01
4467,0.3987,2026-03-01
4468,0.4232,2026-04-01
4469,0.4082,2026-04-01
4470,0.3087,2026-05-01
4471,0.3002,2026-05-01
4472,0.2657,2026-06-01
4473,0.257,2026-06-01
4474,0.2218,2026-07-01
4475,0.2414,2026-07-01
4476,0.2018,2026-08-01
4477,0.2153,2026-08-01
4478,0.2856,2026-09-01
4479,0.2863,2026-09-01
4500,0.2585,2025-07-01
4501,0.2374,2025-07-01
4502,0.1442,2025-08-01
4503,0.2295,2025-08-01
4504,0.4367,2025-09-01
4505,0.3895,2025-09-01
4506,0.3863,2025-10-01
4507,0.3937,2025-10-01
4508,0.3062,2025-11-01
4509,0.3079,2025-11-01
4510,0.548,2025-12-01
4511,0.535,2025-12-01
4512,0.4474,2026-01-01
4513,0.4493,2026-01-01
4514,0.6311,2026-02-01
4515,0.6159,2026-02-01
4516,0.4133,2026-03-01
4517,0.3979,2026-03-01
4518,0.4175,2026-04-01
4519,0.4067,2026-04-01
4520,0.3078,2026-05-01
4521,0.2998,2026-05-01
4522,0.265,2026-06-01
4523,0.2564,2026-06-01
4524,0.2194,2026-07-01
4525,0.2401,2026-07-01
4526,0.202,2026-08-01
4527,0.2147,2026-08-01
4528,0.2837,2026-09-01
4529,0.2857,2026-09-01
4550,0.2713,2025-07-01
4551,0.2424,2025-07-01
4552,0.1155,2025-08-01
4553,0.2117,2025-08-01
4554,0.4521,2025-09-01
4555,0.4013,2025-09-01
4556,0.391,2025-10-01
4557,0.3942,2025-10-01
4558,0.3047,2025-11-01
4559,0.305,2025-11-01
4560,0.5513,2025-12-01
4561,0.5354,2025-12-01
4562,0.4444,2026-01-01
4563,0.4493,2026-01-01
4564,0.6241,2026-02-01
4565,0.615,2026-02-01
4566,0.4108,2026-03-01
4567,0.3974,2026-03-01
4568,0.4118,2026-04-01
4569,0.4066,2026-04-01
4570,0.3051,2026-05-01
4571,0.2998,2026-05-01
4572,0.2652,2026-06-01
4573,0.2564,2026-06-01
4574,0.2224,2026-07-01
4575,0.24,2026-07-01
4576,0.2032,2026-08-01
4577,0.2149,2026-08-01
4578,0.2863,2026-09-01
4579,0.2857,2026-09-01
4600,0.2672,2025-07-01
4601,0.2453,2025-07-01
4602,0.0968,2025-08-01
4603,0.199,2025-08-01
4604,0.4579,2025-09-01
4605,0.4108,2025-09-01
4606,0.3898,2025-10-01
4607,0.3945,2025-10-01
4608,0.3006,2025-11-01
4609,0.3053,2025-11-01
4610,0.5462,2025-12-01
4611,0.533,2025-12-01
4612,0.4584,2026-01-01
4613,0.4489,2026-01-01
4614,0.6235,2026-02-01
4615,0.6155,2026-02-01
4616,0.407,2026-03-01
4617,0.3977,2026-03-01
4618,0.4149,2026-04-01
4619,0.4064,2026-04-01
4620,0.3117,2026-05-01
4621,0.3004,2026-05-01
4622,0.2627,2026-06-01
4623,0.2558,2026-06-01
4624,0.2286,2026-07-01
4625,0.2398,2026-07-01
4626,0.2064,2026-08-01
4627,0.2145,2026-08-01
4628,0.2909,2026-09-01
4629,0.2853,2026-09-01
4650,0.3071,2025-07-01
4651,0.2958,2025-07-01
4652,-0.0455,2025-08-01
4653,0.0208,2025-08-01
4654,0.5588,2025-09-01
4655,0.5097,2025-09-01
4656,0.3986,2025-10-01
4657,0.3909,2025-10-01
4658,0.2871,2025-11-01
4659,0.3013,2025-11-01
4660,0.5226,2025-12-01
4661,0.5184,2025-12-01
4662,0.4472,2026-01-01
4663,0.4452,2026-01-01
4664,0.6212,2026-02-01
4665,0.6125,2026-02-01
4666,0.3951,2026-03-01
4667,0.395,2026-03-01
4668,0.4094,2026-04-01
4669,0.4023,2026-04-01
4670,0.2979,2026-05-01
4671,0.2963,2026-05-01
4672,0.2515,2026-06-01
4673,0.2537,2026-06-01
4674,0.2343,2026-07-01
4675,0.2348,2026-07-01
4676,0.1912,2026-08-01
4677,0.2006,2026-08-01
4678,0.2835,2026-09-01
4679,0.2864,2026-09-01
4700,0.3069,2025-07-01
4701,0.2976,2025-07-01
4702,-0.0513,2025-08-01
4703,-0.0051,2025-08-01
4704,0.5667,2025-09-01
4705,0.5314,2025-09-01
4706,0.3964,2025-10-01
4707,0.3916,2025-10-01
4708,0.2853,2025-11-01
4709,0.2996,2025-11-01
4710,0.5217,2025-12-01
4711,0.5174,2025-12-01
4712,0.4485,2026-01-01
4713,0.4479,2026-01-01
4714,0.6232,2026-02-01
4715,0.6184,2026-02-01
4716,0.3958,2026-03-01
4717,0.3971,2026-03-01
4718,0.4103,2026-04-01
4719,0.4066,2026-04-01
4720,0.2975,2026-05-01
4721,0.2968,2026-05-01
4722,0.2516,2026-06-01
4723,0.2539,2026-06-01
4724,0.2356,2026-07-01
4725,0.2353,2026-07-01
4726,0.1923,2026-08-01
4727,0.1967,2026-08-01
4728,0.2859,2026-09-01
4729,0.2875,2026-09-01
4750,0.3098,2025-07-01
4751,0.2976,2025-07-01
4752,-0.0652,2025-08-01
4753,-0.0054,2025-08-01
4754,0.574,2025-09-01
4755,0.5314,2025-09-01
4756,0.3967,2025-10-01
4757,0.3916,2025-10-01
4758,0.2863,2025-11-01
4759,0.2996,2025-11-01
4760,0.5235,2025-12-01
4761,0.5174,2025-12-01
4762,0.4493,2026-01-01
4763,0.4479,2026-01-01
4764,0.6265,2026-02-01
4765,0.6184,2026-02-01
4766,0.3944,2026-03-01
4767,0.3971,2026-03-01
4768,0.4101,2026-04-01
4769,0.4066,2026-04-01
4770,0.2974,2026-05-01
4771,0.2968,2026-05-01
4772,0.2521,2026-06-01
4773,0.2539,2026-06-01
4774,0.236,2026-07-01
4775,0.2353,2026-07-01
4776,0.1916,2026-08-01
4777,0.1967,2026-08-01
4778,0.2861,2026-09-01
4779,0.2875,2026-09-01
4800,0.3107,2025-07-01
4801,0.2985,2025-07-01
4802,-0.0738,2025-08-01
4803,-0.0111,2025-08-01
4804,0.5762,2025-09-01
4805,0.5348,2025-09-01
4806,0.3944,2025-10-01
4807,0.3915,2025-10-01
4808,0.2866,2025-11-01
4809,0.2997,2025-11-01
4810,0.5225,2025-12-01
4811,0.518,2025-12-01
4812,0.4511,2026-01-01
4813,0.4478,2026-01-01
4814,0.6269,2026-02-01
4815,0.6183,2026-02-01
4816,0.3943,2026-03-01
4817,0.3972,2026-03-01
4818,0.4102,2026-04-01
4819,0.4066,2026-04-01
4820,0.2978,2026-05-01
4821,0.2967,2026-05-01
4822,0.2521,2026-06-01
4823,0.2538,2026-06-01
4824,0.2358,2026-07-01
4825,0.2354,2026-07-01
4826,0.1902,2026-08-01
4827,0.1966,2026-08-01
4828,0.2851,2026-09-01
4829,0.2876,2026-09-01
4850,0.3092,2025-07-01
4851,0.3012,2025-07-01
4852,-0.0725,2025-08-01
4853,-0.0232,2025-08-01
4854,0.5755,2025-09-01
4855,0.5433,2025-09-01
4856,0.3952,2025-10-01
4857,0.3915,2025-10-01
4858,0.2889,2025-11-01
4859,0.2983,2025-11-01
4860,0.5213,2025-12-01
4861,0.5167,2025-12-01
4862,0.449,2026-01-01
4863,0.4474,2026-01-01
4864,0.6253,2026-02-01
4865,0.6201,2026-02-01
4866,0.3971,2026-03-01
4867,0.3971,2026-03-01
4868,0.4078,2026-04-01
4869,0.4069,2026-04-01
4870,0.2944,2026-05-01
4871,0.2963,2026-05-01
4872,0.2502,2026-06-01
4873,0.2537,2026-06-01
4874,0.2307,2026-07-01
4875,0.2353,2026-07-01
4876,0.189,2026-08-01
4877,0.1967,2026-08-01
4878,0.2861,2026-09-01
4879,0.2886,2026-09-01
4900,0.3351,2025-07-01
4901,0.3208,2025-07-01
4902,-0.0472,2025-08-01
4903,0.0048,2025-08-01
4904,0.5401,2025-09-01
4905,0.5085,2025-09-01
4906,0.3798,2025-10-01
4907,0.3784,2025-10-01
4908,0.2854,2025-11-01
4909,0.2943,2025-11-01
4910,0.5236,2025-12-01
4911,0.515,2025-12-01
4912,0.446,2026-01-01
4913,0.4461,2026-01-01
4914,0.6253,2026-02-01
4915,0.6181,2026-02-01
4916,0.3998,2026-03-01
4917,0.3961,2026-03-01
4918,0.409,2026-04-01
4919,0.405,2026-04-01
4920,0.2901,2026-05-01
4921,0.2942,2026-05-01
4922,0.2511,2026-06-01
4923,0.252,2026-06-01
4924,0.236,2026-07-01
4925,0.2358,2026-07-01
4926,0.1925,2026-08-01
4927,0.1991,2026-08-01
4928,0.2862,2026-09-01
4929,0.2861,2026-09-01
4950,0.3414,2025-07-01
4951,0.3231,2025-07-01
4952,-0.0557,2025-08-01
4953,-0.002,2025-08-01
4954,0.544,2025-09-01
4955,0.5138,2025-09-01
4956,0.38,2025-10-01
4957,0.3772,2025-10-01
4958,0.2871,2025-11-01
4959,0.2924,2025-11-01
4960,0.5242,2025-12-01
4961,0.5144,2025-12-01
4962,0.4464,2026-01-01
4963,0.4461,2026-01-01
4964,0.625,2026-02-01
4965,0.6184,2026-02-01
4966,0.3986,2026-03-01
4967,0.3969,2026-03-01
4968,0.4064,2026-04-01
4969,0.4054,2026-04-01
4970,0.2886,2026-05-01
4971,0.2938,2026-05-01
4972,0.2506,2026-06-01
4973,0.2517,2026-06-01
4974,0.2352,2026-07-01
4975,0.2356,2026-07-01
4976,0.1899,2026-08-01
4977,0.1984,2026-08-01
4978,0.2834,2026-09-01
4979,0.2856,2026-09-01
5000,0.3414,2025-07-01
5001,0.3231,2025-07-01
5002,-0.0557,2025-08-01
5003,-0.002,2025-08-01
5004,0.544,2025-09-01
5005,0.5138,2025-09-01
5006,0.38,2025-10-01
5007,0.3772,2025-10-01
5008,0.2871,2025-11-01
5009,0.2924,2025-11-01
5010,0.5242,2025-12-01
5011,0.5144,2025-12-01
5012,0.4464,2026-01-01
5013,0.4461,2026-01-01
5014,0.625,2026-02-01
5015,0.6184,2026-02-01
5016,0.3986,2026-03-01
5017,0.3969,2026-03-01
5018,0.4064,2026-04-01
5019,0.4054,2026-04-01
5020,0.2886,2026-05-01
5021,0.2938,2026-05-01
5022,0.2506,2026-06-01
5023,0.2517,2026-06-01
5024,0.2352,2026-07-01
5025,0.2356,2026-07-01
5026,0.1899,2026-08-01
5027,0.1984,2026-08-01
5028,0.2834,2026-09-01
5029,0.2856,2026-09-01
5050,0.3383,2025-07-01
5051,0.3235,2025-07-01
5052,-0.052,2025-08-01
5053,-0.002,2025-08-01
5054,0.543,2025-09-01
5055,0.5148,2025-09-01
5056,0.3778,2025-10-01
5057,0.3761,2025-10-01
5058,0.2874,2025-11-01
5059,0.2919,2025-11-01
5060,0.5233,2025-12-01
5061,0.5144,2025-12-01
5062,0.4473,2026-01-01
5063,0.4461,2026-01-01
5064,0.6265,2026-02-01
5065,0.618,2026-02-01
5066,0.3985,2026-03-01
5067,0.3969,2026-03-01
5068,0.4065,2026-04-01
5069,0.4054,2026-04-01
5070,0.2884,2026-05-01
5071,0.2938,2026-05-01
5072,0.2499,2026-06-01
5073,0.2517,2026-06-01
5074,0.2349,2026-07-01
5075,0.2355,2026-07-01
5076,0.1907,2026-08-01
5077,0.1982,2026-08-01
5078,0.2833,2026-09-01
5079,0.2855,2026-09-01
5100,0.3437,2025-07-01
5101,0.3239,2025-07-01
5102,-0.0608,2025-08-01
5103,-0.0082,2025-08-01
5104,0.5452,2025-09-01
5105,0.518,2025-09-01
5106,0.3772,2025-10-01
5107,0.3769,2025-10-01
5108,0.2871,2025-11-01
5109,0.2909,2025-11-01
5110,0.5215,2025-12-01
5111,0.5149,2025-12-01
5112,0.4502,2026-01-01
5113,0.4446,2026-01-01
5114,0.6277,2026-02-01
5115,0.6182,2026-02-01
5116,0.3976,2026-03-01
5117,0.3969,2026-03-01
5118,0.4105,2026-04-01
5119,0.4054,2026-04-01
5120,0.2873,2026-05-01
5121,0.2938,2026-05-01
5122,0.2478,2026-06-01
5123,0.2507,2026-06-01
5124,0.2402,2026-07-01
5125,0.235,2026-07-01
5126,0.1923,2026-08-01
5127,0.1989,2026-08-01
5128,0.2839,2026-09-01
5129,0.2865,2026-09-01
5150,0.3401,2025-07-01
5151,0.3273,2025-07-01
5152,-0.0384,2025-08-01
5153,-0.0149,2025-08-01
5154,0.5221,2025-09-01
5155,0.521,2025-09-01
5156,0.3599,2025-10-01
5157,0.3759,2025-10-01
5158,0.2765,2025-11-01
5159,0.2903,2025-11-01
5160,0.4977,2025-12-01
5161,0.5127,2025-12-01
5162,0.4493,2026-01-01
5163,0.4443,2026-01-01
5164,0.6351,2026-02-01
5165,0.6166,2026-02-01
5166,0.3889,2026-03-01
5167,0.3954,2026-03-01
5168,0.3979,2026-04-01
5169,0.4039,2026-04-01
5170,0.2877,2026-05-01
5171,0.2944,2026-05-01
5172,0.2409,2026-06-01
5173,0.2492,2026-06-01
5174,0.225,2026-07-01
5175,0.2346,2026-07-01
5176,0.1782,2026-08-01
5177,0.199,2026-08-01
5178,0.2692,2026-09-01
5179,0.2858,2026-09-01
5200,0.3372,2025-07-01
5201,0.3287,2025-07-01
5202,-0.0243,2025-08-01
5203,-0.0283,2025-08-01
5204,0.5133,2025-09-01
5205,0.5283,2025-09-01
5206,0.3606,2025-10-01
5207,0.3741,2025-10-01
5208,0.2693,2025-11-01
5209,0.2901,2025-11-01
5210,0.509,2025-12-01
5211,0.5126,2025-12-01
5212,0.435,2026-01-01
5213,0.4441,2026-01-01
5214,0.6332,2026-02-01
5215,0.6171,2026-02-01
5216,0.3857,2026-03-01
5217,0.3953,2026-03-01
5218,0.4038,2026-04-01
5219,0.4038,2026-04-01
5220,0.2947,2026-05-01
5221,0.2943,2026-05-01
5222,0.2521,2026-06-01
5223,0.249,2026-06-01
5224,0.2214,2026-07-01
5225,0.2345,2026-07-01
5226,0.1986,2026-08-01
5227,0.1986,2026-08-01
5228,0.2672,2026-09-01
5229,0.2858,2026-09-01
5250,0.3395,2025-07-01
5251,0.3292,2025-07-01
5252,-0.043,2025-08-01
5253,-0.0276,2025-08-01
5254,0.5246,2025-09-01
5255,0.5271,2025-09-01
5256,0.3611,2025-10-01
5257,0.3742,2025-10-01
5258,0.2725,2025-11-01
5259,0.2893,2025-11-01
5260,0.5141,2025-12-01
5261,0.5118,2025-12-01
5262,0.4522,2026-01-01
5263,0.4448,2026-01-01
5264,0.6345,2026-02-01
5265,0.6169,2026-02-01
5266,0.3805,2026-03-01
5267,0.396,2026-03-01
5268,0.4,2026-04-01
5269,0.4051,2026-04-01
5270,0.2959,2026-05-01
5271,0.2942,2026-05-01
5272,0.2423,2026-06-01
5273,0.2485,2026-06-01
5274,0.2197,2026-07-01
5275,0.235,2026-07-01
5276,0.1983,2026-08-01
5277,0.1986,2026-08-01
5278,0.2723,2026-09-01
5279,0.2855,2026-09-01
5300,0.3461,2025-07-01
5301,0.3293,2025-07-01
5302,-0.0465,2025-08-01
5303,-0.0309,2025-08-01
5304,0.5347,2025-09-01
5305,0.5287,2025-09-01
5306,0.3642,2025-10-01
5307,0.3734,2025-10-01
5308,0.2758,2025-11-01
5309,0.2891,2025-11-01
5310,0.5145,2025-12-01
5311,0.5113,2025-12-01
5312,0.4454,2026-01-01
5313,0.4445,2026-01-01
5314,0.6406,2026-02-01
5315,0.6165,2026-02-01
5316,0.3803,2026-03-01
5317,0.396,2026-03-01
5318,0.3964,2026-04-01
5319,0.4049,2026-04-01
5320,0.2934,2026-05-01
5321,0.294,2026-05-01
5322,0.2432,2026-06-01
5323,0.2484,2026-06-01
5324,0.2254,2026-07-01
5325,0.2347,2026-07-01
5326,0.201,2026-08-01
5327,0.1983,2026-08-01
5328,0.2752,2026-09-01
5329,0.2852,2026-09-01
5350,0.3431,2025-07-01
5351,0.3293,2025-07-01
5352,-0.037,2025-08-01
5353,-0.0347,2025-08-01
5354,0.5378,2025-09-01
5355,0.5307,2025-09-01
5356,0.3648,2025-10-01
5357,0.3728,2025-10-01
5358,0.2683,2025-11-01
5359,0.2886,2025-11-01
5360,0.5101,2025-12-01
5361,0.5105,2025-12-01
5362,0.4413,2026-01-01
5363,0.4434,2026-01-01
5364,0.6361,2026-02-01
5365,0.6156,2026-02-01
5366,0.3807,2026-03-01
5367,0.3952,2026-03-01
5368,0.3919,2026-04-01
5369,0.4045,2026-04-01
5370,0.2937,2026-05-01
5371,0.2935,2026-05-01
5372,0.245,2026-06-01
5373,0.2476,2026-06-01
5374,0.2217,2026-07-01
5375,0.2335,2026-07-01
5376,0.1968,2026-08-01
5377,0.1977,2026-08-01
5378,0.2748,2026-09-01
5379,0.2845,2026-09-01
5400,0.3453,2025-07-01
5401,0.3287,2025-07-01
5402,-0.0601,2025-08-01
5403,-0.0294,2025-08-01
5404,0.5709,2025-09-01
5405,0.5377,2025-09-01
5406,0.3405,2025-10-01
5407,0.3619,2025-10-01
5408,0.2677,2025-11-01
5409,0.2839,2025-11-01
5410,0.509,2025-12-01
5411,0.5088,2025-12-01
5412,0.4333,2026-01-01
5413,0.442,2026-01-01
5414,0.6258,2026-02-01
5415,0.6155,2026-02-01
5416,0.3684,2026-03-01
5417,0.3952,2026-03-01
5418,0.3991,2026-04-01
5419,0.4055,2026-04-01
5420,0.2902,2026-05-01
5421,0.295,2026-05-01
5422,0.2494,2026-06-01
5423,0.247,2026-06-01
5424,0.227,2026-07-01
5425,0.2326,2026-07-01
5426,0.1908,2026-08-01
5427,0.1971,2026-08-01
5428,0.2667,2026-09-01
5429,0.283,2026-09-01
5450,0.3444,2025-07-01
5451,0.3309,2025-07-01
5452,-0.0639,2025-08-01
5453,-0.0308,2025-08-01
5454,0.5708,2025-09-01
5455,0.5418,2025-09-01
5456,0.3358,2025-10-01
5457,0.3613,2025-10-01
5458,0.2645,2025-11-01
5459,0.282,2025-11-01
5460,0.5016,2025-12-01
5461,0.5079,2025-12-01
5462,0.4259,2026-01-01
5463,0.441,2026-01-01
5464,0.6309,2026-02-01
5465,0.6162,2026-02-01
5466,0.372,2026-03-01
5467,0.3939,2026-03-01
5468,0.3973,2026-04-01
5469,0.4048,2026-04-01
5470,0.2925,2026-05-01
5471,0.2941,2026-05-01
5472,0.2457,2026-06-01
5473,0.2476,2026-06-01
5474,0.2188,2026-07-01
5475,0.2329,2026-07-01
5476,0.1842,2026-08-01
5477,0.1973,2026-08-01
5478,0.2636,2026-09-01
5479,0.2827,2026-09-01
5500,-0.0578,2025-08-01
5501,-0.0335,2025-08-01
5502,0.5656,2025-09-01
5503,0.5413,2025-09-01
5504,0.3369,2025-10-01
5505,0.3601,2025-10-01
5506,0.2707,2025-11-01
5507,0.2827,2025-11-01
5508,0.52,2025-12-01
5509,0.5214,2025-12-01
5510,0.4188,2026-01-01
5511,0.4411,2026-01-01
5512,0.628,2026-02-01
5513,0.6172,2026-02-01
5514,0.3779,2026-03-01
5515,0.3944,2026-03-01
5516,0.3948,2026-04-01
5517,0.4034,2026-04-01
5518,0.2923,2026-05-01
5519,0.293,2026-05-01
5520,0.2494,2026-06-01
5521,0.2474,2026-06-01
5522,0.2188,2026-07-01
5523,0.2313,2026-07-01
5524,0.1878,2026-08-01
5525,0.1951,2026-08-01
5526,0.2653,2026-09-01
5527,0.2804,2026-09-01
5550,-0.0582,2025-08-01
5551,-0.0319,2025-08-01
5552,0.5707,2025-09-01
5553,0.5414,2025-09-01
5554,0.3284,2025-10-01
5555,0.3559,2025-10-01
5556,0.2683,2025-11-01
5557,0.2842,2025-11-01
5558,0.5167,2025-12-01
5559,0.5196,2025-12-01
5560,0.4194,2026-01-01
5561,0.4403,2026-01-01
5562,0.6235,2026-02-01
5563,0.6172,2026-02-01
5564,0.3787,2026-03-01
5565,0.394,2026-03-01
5566,0.3988,2026-04-01
5567,0.403,2026-04-01
5568,0.295,2026-05-01
5569,0.2925,2026-05-01
5570,0.2497,2026-06-01
5571,0.2474,2026-06-01
5572,0.2184,2026-07-01
5573,0.2309,2026-07-01
5574,0.1883,2026-08-01
5575,0.1951,2026-08-01
5576,0.2648,2026-09-01
5577,0.2804,2026-09-01
5600,-0.0668,2025-08-01
5601,-0.0342,2025-08-01
5602,0.5722,2025-09-01
5603,0.5413,2025-09-01
5604,0.3288,2025-10-01
5605,0.3544,2025-10-01
5606,0.2684,2025-11-01
5607,0.2827,2025-11-01
5608,0.5197,2025-12-01
5609,0.5183,2025-12-01
5610,0.4197,2026-01-01
5611,0.4401,2026-01-01
5612,0.6284,2026-02-01
5613,0.6171,2026-02-01
5614,0.3815,2026-03-01
5615,0.3939,2026-03-01
5616,0.3998,2026-04-01
5617,0.4028,2026-04-01
5618,0.2954,2026-05-01
5619,0.2924,2026-05-01
5620,0.2508,2026-06-01
5621,0.2473,2026-06-01
5622,0.2204,2026-07-01
5623,0.2307,2026-07-01
5624,0.1864,2026-08-01
5625,0.1949,2026-08-01
5626,0.2654,2026-09-01
5627,0.2801,2026-09-01
5650,-0.0797,2025-08-01
5651,-0.0486,2025-08-01
5652,0.5743,2025-09-01
5653,0.548,2025-09-01
5654,0.3228,2025-10-01
5655,0.3501,2025-10-01
5656,0.2761,2025-11-01
5657,0.2805,2025-11-01
5658,0.502,2025-12-01
5659,0.514,2025-12-01
5660,0.4311,2026-01-01
5661,0.4392,2026-01-01
5662,0.6329,2026-02-01
5663,0.6189,2026-02-01
5664,0.3922,2026-03-01
5665,0.3927,2026-03-01
5666,0.3981,2026-04-01
5667,0.4027,2026-04-01
5668,0.2958,2026-05-01
5669,0.2909,2026-05-01
5670,0.2499,2026-06-01
5671,0.2492,2026-06-01
5672,0.2173,2026-07-01
5673,0.2319,2026-07-01
5674,0.1894,2026-08-01
5675,0.1928,2026-08-01
5676,0.2695,2026-09-01
5677,0.2813,2026-09-01
5700,-0.0861,2025-08-01
5701,-0.0572,2025-08-01
5702,0.579,2025-09-01
5703,0.5518,2025-09-01
5704,0.3256,2025-10-01
5705,0.3464,2025-10-01
5706,0.2756,2025-11-01
5707,0.2792,2025-11-01
5708,0.4975,2025-12-01
5709,0.5098,2025-12-01
5710,0.4324,2026-01-01
5711,0.4383,2026-01-01
5712,0.6394,2026-02-01
5713,0.6202,2026-02-01
5714,0.398,2026-03-01
5715,0.3952,2026-03-01
5716,0.3984,2026-04-01
5717,0.4038,2026-04-01
5718,0.2937,2026-05-01
5719,0.2901,2026-05-01
5720,0.2461,2026-06-01
5721,0.2504,2026-06-01
5722,0.2241,2026-07-01
5723,0.2313,2026-07-01
5724,0.18,2026-08-01
5725,0.1919,2026-08-01
5726,0.2819,2026-09-01
5727,0.2838,2026-09-01
5750,-0.0937,2025-08-01
5751,-0.0587,2025-08-01
5752,0.5787,2025-09-01
5753,0.5516,2025-09-01
5754,0.3201,2025-10-01
5755,0.3457,2025-10-01
5756,0.2679,2025-11-01
5757,0.2786,2025-11-01
5758,0.4979,2025-12-01
5759,0.5094,2025-12-01
5760,0.4392,2026-01-01
5761,0.4383,2026-01-01
5762,0.642,2026-02-01
5763,0.6196,2026-02-01
5764,0.3929,2026-03-01
5765,0.394,2026-03-01
5766,0.4037,2026-04-01
5767,0.4035,2026-04-01
5768,0.2933,2026-05-01
5769,0.2904,2026-05-01
5770,0.2432,2026-06-01
5771,0.2496,2026-06-01
5772,0.216,2026-07-01
5773,0.2314,2026-07-01
5774,0.1728,2026-08-01
5775,0.1918,2026-08-01
5776,0.2805,2026-09-01
5777,0.2831,2026-09-01
5800,-0.0893,2025-08-01
5801,-0.0635,2025-08-01
5802,0.5694,2025-09-01
5803,0.5544,2025-09-01
5804,0.3276,2025-10-01
5805,0.3448,2025-10-01
5806,0.2683,2025-11-01
5807,0.2782,2025-11-01
5808,0.503,2025-12-01
5809,0.5085,2025-12-01
5810,0.4383,2026-01-01
5811,0.4385,2026-01-01
5812,0.6446,2026-02-01
5813,0.6194,2026-02-01
5814,0.3914,2026-03-01
5815,0.3944,2026-03-01
5816,0.4007,2026-04-01
5817,0.4042,2026-04-01
5818,0.296,2026-05-01
5819,0.2903,2026-05-01
5820,0.2444,2026-06-01
5821,0.2497,2026-06-01
5822,0.2154,2026-07-01
5823,0.2313,2026-07-01
5824,0.1744,2026-08-01
5825,0.1925,2026-08-01
5826,0.2816,2026-09-01
5827,0.283,2026-09-01
5850,-0.0891,2025-08-01
5851,-0.0667,2025-08-01
5852,0.5753,2025-09-01
5853,0.5538,2025-09-01
5854,0.3256,2025-10-01
5855,0.3443,2025-10-01
5856,0.266,2025-11-01
5857,0.2755,2025-11-01
5858,0.5019,2025-12-01
5859,0.5085,2025-12-01
5860,0.4418,2026-01-01
5861,0.4399,2026-01-01
5862,0.637,2026-02-01
5863,0.6178,2026-02-01
5864,0.3814,2026-03-01
5865,0.3915,2026-03-01
5866,0.4023,2026-04-01
5867,0.4032,2026-04-01
5868,0.2961,2026-05-01
5869,0.2907,2026-05-01
5870,0.2455,2026-06-01
5871,0.2493,2026-06-01
5872,0.2184,2026-07-01
5873,0.2309,2026-07-01
5874,0.1842,2026-08-01
5875,0.193,2026-08-01
5876,0.2866,2026-09-01
5877,0.2855,2026-09-01
5900,-0.1444,2025-08-01
5901,-0.124,2025-08-01
5902,0.5939,2025-09-01
5903,0.5846,2025-09-01
5904,0.3186,2025-10-01
5905,0.3277,2025-10-01
5906,0.2615,2025-11-01
5907,0.2727,2025-11-01
5908,0.5038,2025-12-01
5909,0.5,2025-12-01
5910,0.4365,2026-01-01
5911,0.4352,2026-01-01
5912,0.6016,2026-02-01
5913,0.6082,2026-02-01
5914,0.3758,2026-03-01
5915,0.3842,2026-03-01
5916,0.391,2026-04-01
5917,0.3962,2026-04-01
5918,0.285,2026-05-01
5919,0.2849,2026-05-01
5920,0.2494,2026-06-01
5921,0.2476,2026-06-01
5922,0.2317,2026-07-01
5923,0.2291,2026-07-01
5924,0.1878,2026-08-01
5925,0.1902,2026-08-01
5926,0.2902,2026-09-01
5927,0.2839,2026-09-01
5950,-0.1491,2025-08-01
5951,-0.1283,2025-08-01
5952,0.5928,2025-09-01
5953,0.5825,2025-09-01
5954,0.3199,2025-10-01
5955,0.3258,2025-10-01
5956,0.2669,2025-11-01
5957,0.2731,2025-11-01
5958,0.5074,2025-12-01
5959,0.4996,2025-12-01
5960,0.4334,2026-01-01
5961,0.4359,2026-01-01
5962,0.6031,2026-02-01
5963,0.6099,2026-02-01
5964,0.377,2026-03-01
5965,0.3819,2026-03-01
5966,0.3915,2026-04-01
5967,0.3957,2026-04-01
5968,0.2869,2026-05-01
5969,0.285,2026-05-01
5970,0.2507,2026-06-01
5971,0.2475,2026-06-01
5972,0.2293,2026-07-01
5973,0.2288,2026-07-01
5974,0.1859,2026-08-01
5975,0.1898,2026-08-01
5976,0.2886,2026-09-01
5977,0.2842,2026-09-01
6000,-0.1509,2025-08-01
6001,-0.1284,2025-08-01
6002,0.5968,2025-09-01
6003,0.5814,2025-09-01
6004,0.318,2025-10-01
6005,0.3264,2025-10-01
6006,0.2651,2025-11-01
6007,0.2724,2025-11-01
6008,0.5072,2025-12-01
6009,0.4995,2025-12-01
6010,0.4339,2026-01-01
6011,0.4363,2026-01-01
6012,0.6056,2026-02-01
6013,0.6097,2026-02-01
6014,0.3775,2026-03-01
6015,0.3812,2026-03-01
6016,0.3916,2026-04-01
6017,0.3951,2026-04-01
6018,0.2867,2026-05-01
6019,0.2848,2026-05-01
6020,0.2505,2026-06-01
6021,0.2471,2026-06-01
6022,0.2287,2026-07-01
6023,0.2284,2026-07-01
6024,0.1864,2026-08-01
6025,0.1897,2026-08-01
6026,0.2888,2026-09-01
6027,0.2833,2026-09-01
6050,-0.1507,2025-08-01
6051,-0.1288,2025-08-01
6052,0.5967,2025-09-01
6053,0.5806,2025-09-01
6054,0.319,2025-10-01
6055,0.3268,2025-10-01
6056,0.2654,2025-11-01
6057,0.2721,2025-11-01
6058,0.5068,2025-12-01
6059,0.4996,2025-12-01
6060,0.4328,2026-01-01
6061,0.4361,2026-01-01
6062,0.6069,2026-02-01
6063,0.6096,2026-02-01
6064,0.3777,2026-03-01
6065,0.3812,2026-03-01
6066,0.3898,2026-04-01
6067,0.395,2026-04-01
6068,0.2848,2026-05-01
6069,0.2847,2026-05-01
6070,0.2509,2026-06-01
6071,0.2473,2026-06-01
6072,0.2288,2026-07-01
6073,0.2284,2026-07-01
6074,0.1857,2026-08-01
6075,0.1896,2026-08-01
6076,0.2883,2026-09-01
6077,0.2832,2026-09-01
6100,-0.1506,2025-08-01
6101,-0.1291,2025-08-01
6102,0.5981,2025-09-01
6103,0.5821,2025-09-01
6104,0.3173,2025-10-01
6105,0.3274,2025-10-01
6106,0.2648,2025-11-01
6107,0.2719,2025-11-01
6108,0.5047,2025-12-01
6109,0.4986,2025-12-01
6110,0.4319,2026-01-01
6111,0.4356,2026-01-01
6112,0.6058,2026-02-01
6113,0.6081,2026-02-01
6114,0.3812,2026-03-01
6115,0.3824,2026-03-01
6116,0.3918,2026-04-01
6117,0.3954,2026-04-01
6118,0.2861,2026-05-01
6119,0.2848,2026-05-01
6120,0.2484,2026-06-01
6121,0.2472,2026-06-01
6122,0.2273,2026-07-01
6123,0.2287,2026-07-01
6124,0.1816,2026-08-01
6125,0.1896,2026-08-01
6126,0.2845,2026-09-01
6127,0.283,2026-09-01
6150,-0.1423,2025-08-01
6151,-0.1286,2025-08-01
6152,0.5978,2025-09-01
6153,0.5863,2025-09-01
6154,0.3089,2025-10-01
6155,0.3222,2025-10-01
6156,0.2546,2025-11-01
6157,0.2717,2025-11-01
6158,0.508,2025-12-01
6159,0.4989,2025-12-01
6160,0.4222,2026-01-01
6161,0.4348,2026-01-01
6162,0.6271,2026-02-01
6163,0.6065,2026-02-01
6164,0.399,2026-03-01
6165,0.3808,2026-03-01
6166,0.3857,2026-04-01
6167,0.3944,2026-04-01
6168,0.2867,2026-05-01
6169,0.285,2026-05-01
6170,0.2192,2026-06-01
6171,0.2471,2026-06-01
6172,0.206,2026-07-01
6173,0.2294,2026-07-01
6174,0.1647,2026-08-01
6175,0.1898,2026-08-01
6176,0.2738,2026-09-01
6177,0.2843,2026-09-01
6200,-0.1335,2025-08-01
6201,-0.1319,2025-08-01
6202,0.6105,2025-09-01
6203,0.5923,2025-09-01
6204,0.2988,2025-10-01
6205,0.3183,2025-10-01
6206,0.2497,2025-11-01
6207,0.2711,2025-11-01
6208,0.4992,2025-12-01
6209,0.4973,2025-12-01
6210,0.4277,2026-01-01
6211,0.4348,2026-01-01
6212,0.6271,2026-02-01
6213,0.6064,2026-02-01
6214,0.3911,2026-03-01
6215,0.3809,2026-03-01
6216,0.3876,2026-04-01
6217,0.3944,2026-04-01
6218,0.2736,2026-05-01
6219,0.2848,2026-05-01
6220,0.2192,2026-06-01
6221,0.2469,2026-06-01
6222,0.2061,2026-07-01
6223,0.23,2026-07-01
6224,0.181,2026-08-01
6225,0.189,2026-08-01
6226,0.271,2026-09-01
6227,0.2843,2026-09-01
6250,-0.1317,2025-08-01
6251,-0.1323,2025-08-01
6252,0.6133,2025-09-01
6253,0.5923,2025-09-01
6254,0.302,2025-10-01
6255,0.3187,2025-10-01
6256,0.2479,2025-11-01
6257,0.2712,2025-11-01
6258,0.4929,2025-12-01
6259,0.4969,2025-12-01
6260,0.4263,2026-01-01
6261,0.4348,2026-01-01
6262,0.6275,2026-02-01
6263,0.6059,2026-02-01
6264,0.3899,2026-03-01
6265,0.3805,2026-03-01
6266,0.3888,2026-04-01
6267,0.3942,2026-04-01
6268,0.2727,2026-05-01
6269,0.2856,2026-05-01
6270,0.2129,2026-06-01
6271,0.2433,2026-06-01
6272,0.2096,2026-07-01
6273,0.2319,2026-07-01
6274,0.1806,2026-08-01
6275,0.1893,2026-08-01
6276,0.2704,2026-09-01
6277,0.2846,2026-09-01
6300,-0.1326,2025-08-01
6301,-0.1329,2025-08-01
6302,0.6113,2025-09-01
6303,0.5927,2025-09-01
6304,0.3025,2025-10-01
6305,0.3184,2025-10-01
6306,0.2476,2025-11-01
6307,0.271,2025-11-01
6308,0.4924,2025-12-01
6309,0.4972,2025-12-01
6310,0.4251,2026-01-01
6311,0.4348,2026-01-01
6312,0.6226,2026-02-01
6313,0.6059,2026-02-01
6314,0.3838,2026-03-01
6315,0.3805,2026-03-01
6316,0.3819,2026-04-01
6317,0.3942,2026-04-01
6318,0.272,2026-05-01
6319,0.2856,2026-05-01
6320,0.2205,2026-06-01
6321,0.2433,2026-06-01
6322,0.2174,2026-07-01
6323,0.2319,2026-07-01
6324,0.1909,2026-08-01
6325,0.1893,2026-08-01
6326,0.2733,2026-09-01
6327,0.2846,2026-09-01
6350,-0.1336,2025-08-01
6351,-0.1334,2025-08-01
6352,0.6099,2025-09-01
6353,0.5928,2025-09-01
6354,0.3048,2025-10-01
6355,0.3182,2025-10-01
6356,0.2478,2025-11-01
6357,0.271,2025-11-01
6358,0.4954,2025-12-01
6359,0.4972,2025-12-01
6360,0.4293,2026-01-01
6361,0.4348,2026-01-01
6362,0.6292,2026-02-01
6363,0.6059,2026-02-01
6364,0.3802,2026-03-01
6365,0.3805,2026-03-01
6366,0.3779,2026-04-01
6367,0.3942,2026-04-01
6368,0.2687,2026-05-01
6369,0.2856,2026-05-01
6370,0.2239,2026-06-01
6371,0.2433,2026-06-01
6372,0.2165,2026-07-01
6373,0.2319,2026-07-01
6374,0.1936,2026-08-01
6375,0.1893,2026-08-01
6376,0.2796,2026-09-01
6377,0.2846,2026-09-01
6400,-0.1394,2025-08-01
6401,-0.1378,2025-08-01
6402,0.617,2025-09-01
6403,0.5965,2025-09-01
6404,0.3061,2025-10-01
6405,0.3144,2025-10-01
6406,0.2606,2025-11-01
6407,0.2695,2025-11-01
6408,0.498,2025-12-01
6409,0.4983,2025-12-01
6410,0.4273,2026-01-01
6411,0.4344,2026-01-01
6412,0.6308,2026-02-01
6413,0.6058,2026-02-01
6414,0.3792,2026-03-01
6415,0.3805,2026-03-01
6416,0.39,2026-04-01
6417,0.3946,2026-04-01
6418,0.2887,2026-05-01
6419,0.2847,2026-05-01
6420,0.246,2026-06-01
6421,0.2435,2026-06-01
6422,0.2139,2026-07-01
6423,0.2314,2026-07-01
6424,0.1798,2026-08-01
6425,0.1879,2026-08-01
6426,0.274,2026-09-01
6427,0.2843,2026-09-01
6450,-0.1555,2025-08-01
6451,-0.1407,2025-08-01
6452,0.6147,2025-09-01
6453,0.5974,2025-09-01
6454,0.3062,2025-10-01
6455,0.3129,2025-10-01
6456,0.2598,2025-11-01
6457,0.2688,2025-11-01
6458,0.5075,2025-12-01
6459,0.4977,2025-12-01
6460,0.4241,2026-01-01
6461,0.4338,2026-01-01
6462,0.6189,2026-02-01
6463,0.6057,2026-02-01
6464,0.3735,2026-03-01
6465,0.3798,2026-03-01
6466,0.3895,2026-04-01
6467,0.3942,2026-04-01
6468,0.2976,2026-05-01
6469,0.2842,2026-05-01
6470,0.2451,2026-06-01
6471,0.2429,2026-06-01
6472,0.2088,2026-07-01
6473,0.2312,2026-07-01
6474,0.1594,2026-08-01
6475,0.186,2026-08-01
6476,0.2809,2026-09-01
6477,0.2856,2026-09-01
6500,-0.1468,2025-08-01
6501,-0.1405,2025-08-01
6502,0.6041,2025-09-01
6503,0.5963,2025-09-01
6504,0.3093,2025-10-01
6505,0.313,2025-10-01
6506,0.2732,2025-11-01
6507,0.2689,2025-11-01
6508,0.5127,2025-12-01
6509,0.4977,2025-12-01
6510,0.4247,2026-01-01
6511,0.4338,2026-01-01
6512,0.6159,2026-02-01
6513,0.6058,2026-02-01
6514,0.3816,2026-03-01
6515,0.3797,2026-03-01
6516,0.3987,2026-04-01
6517,0.3942,2026-04-01
6518,0.3042,2026-05-01
6519,0.2843,2026-05-01
6520,0.2605,2026-06-01
6521,0.2429,2026-06-01
6522,0.2103,2026-07-01
6523,0.2312,2026-07-01
6524,0.1683,2026-08-01
6525,0.186,2026-08-01
6526,0.2836,2026-09-01
6527,0.2858,2026-09-01
6550,0.5964,2025-09-01
6551,0.5956,2025-09-01
6552,0.309,2025-10-01
6553,0.3124,2025-10-01
6554,0.2698,2025-11-01
6555,0.2676,2025-11-01
6556,0.5008,2025-12-01
6557,0.4915,2025-12-01
6558,0.4271,2026-01-01
6559,0.4348,2026-01-01
6560,0.6216,2026-02-01
6561,0.6057,2026-02-01
6562,0.3791,2026-03-01
6563,0.3784,2026-03-01
6564,0.3904,2026-04-01
6565,0.3952,2026-04-01
6566,0.2985,2026-05-01
6567,0.2845,2026-05-01
6568,0.2585,2026-06-01
6569,0.2441,2026-06-01
6570,0.2172,2026-07-01
6571,0.2317,2026-07-01
6572,0.1705,2026-08-01
6573,0.1857,2026-08-01
6574,0.2826,2026-09-01
6575,0.2853,2026-09-01
6600,0.5958,2025-09-01
6601,0.5941,2025-09-01
6602,0.3027,2025-10-01
6603,0.3107,2025-10-01
6604,0.2683,2025-11-01
6605,0.2674,2025-11-01
6606,0.4946,2025-12-01
6607,0.4899,2025-12-01
6608,0.4217,2026-01-01
6609,0.4355,2026-01-01
6610,0.6206,2026-02-01
6611,0.6058,2026-02-01
6612,0.3761,2026-03-01
6613,0.3783,2026-03-01
6614,0.3869,2026-04-01
6615,0.3952,2026-04-01
6616,0.2957,2026-05-01
6617,0.2843,2026-05-01
6618,0.2578,2026-06-01
6619,0.2441,2026-06-01
6620,0.2204,2026-07-01
6621,0.2312,2026-07-01
6622,0.1717,2026-08-01
6623,0.1855,2026-08-01
6624,0.2854,2026-09-01
6625,0.2855,2026-09-01
6650,0.5753,2025-09-01
6651,0.5802,2025-09-01
6652,0.2938,2025-10-01
6653,0.3001,2025-10-01
6654,0.2457,2025-11-01
6655,0.2531,2025-11-01
6656,0.5001,2025-12-01
6657,0.4914,2025-12-01
6658,0.4565,2026-01-01
6659,0.4531,2026-01-01
6660,0.5978,2026-02-01
6661,0.5983,2026-02-01
6662,0.3772,2026-03-01
6663,0.378,2026-03-01
6664,0.3965,2026-04-01
6665,0.3966,2026-04-01
6666,0.2864,2026-05-01
6667,0.2866,2026-05-01
6668,0.2525,2026-06-01
6669,0.2486,2026-06-01
6670,0.2365,2026-07-01
6671,0.237,2026-07-01
6672,0.1864,2026-08-01
6673,0.192,2026-08-01
6674,0.2874,2026-09-01
6675,0.2835,2026-09-01
6700,0.5742,2025-09-01
6701,0.5806,2025-09-01
6702,0.2932,2025-10-01
6703,0.2992,2025-10-01
6704,0.2462,2025-11-01
6705,0.254,2025-11-01
6706,0.5025,2025-12-01
6707,0.4926,2025-12-01
6708,0.4591,2026-01-01
6709,0.4531,2026-01-01
6710,0.5977,2026-02-01
6711,0.5976,2026-02-01
6712,0.3775,2026-03-01
6713,0.3783,2026-03-01
6714,0.3962,2026-04-01
6715,0.3957,2026-04-01
6716,0.2864,2026-05-01
6717,0.2856,2026-05-01
6718,0.2546,2026-06-01
6719,0.2484,2026-06-01
6720,0.2385,2026-07-01
6721,0.2362,2026-07-01
6722,0.1898,2026-08-01
6723,0.1909,2026-08-01
6724,0.2857,2026-09-01
6725,0.2819,2026-09-01
6750,0.5722,2025-09-01
6751,0.5797,2025-09-01
6752,0.2938,2025-10-01
6753,0.2992,2025-10-01
6754,0.2453,2025-11-01
6755,0.254,2025-11-01
6756,0.5042,2025-12-01
6757,0.4937,2025-12-01
6758,0.4595,2026-01-01
6759,0.4531,2026-01-01
6760,0.5977,2026-02-01
6761,0.5976,2026-02-01
6762,0.3774,2026-03-01
6763,0.3783,2026-03-01
6764,0.3963,2026-04-01
6765,0.3957,2026-04-01
6766,0.2865,2026-05-01
6767,0.2856,2026-05-01
6768,0.2545,2026-06-01
6769,0.2484,2026-06-01
6770,0.2387,2026-07-01
6771,0.2362,2026-07-01
6772,0.19,2026-08-01
6773,0.1909,2026-08-01
6774,0.2858,2026-09-01
6775,0.2819,2026-09-01
6800,0.5728,2025-09-01
6801,0.5794,2025-09-01
6802,0.2916,2025-10-01
6803,0.2992,2025-10-01
6804,0.2433,2025-11-01
6805,0.254,2025-11-01
6806,0.5027,2025-12-01
6807,0.4937,2025-12-01
6808,0.4622,2026-01-01
6809,0.4538,2026-01-01
6810,0.596,2026-02-01
6811,0.5957,2026-02-01
6812,0.3755,2026-03-01
6813,0.3783,2026-03-01
6814,0.3986,2026-04-01
6815,0.3957,2026-04-01
6816,0.2854,2026-05-01
6817,0.2856,2026-05-01
6818,0.2509,2026-06-01
6819,0.249,2026-06-01
6820,0.2349,2026-07-01
6821,0.2368,2026-07-01
6822,0.1858,2026-08-01
6823,0.1909,2026-08-01
6824,0.2845,2026-09-01
6825,0.2819,2026-09-01
6850,0.5689,2025-09-01
6851,0.5778,2025-09-01
6852,0.2935,2025-10-01
6853,0.2996,2025-10-01
6854,0.2422,2025-11-01
6855,0.2545,2025-11-01
6856,0.506,2025-12-01
6857,0.4947,2025-12-01
6858,0.4651,2026-01-01
6859,0.4546,2026-01-01
6860,0.5951,2026-02-01
6861,0.5949,2026-02-01
6862,0.3765,2026-03-01
6863,0.3791,2026-03-01
6864,0.4002,2026-04-01
6865,0.3955,2026-04-01
6866,0.2857,2026-05-01
6867,0.2848,2026-05-01
6868,0.2497,2026-06-01
6869,0.2482,2026-06-01
6870,0.234,2026-07-01
6871,0.2358,2026-07-01
6872,0.1835,2026-08-01
6873,0.1894,2026-08-01
6874,0.2826,2026-09-01
6875,0.2807,2026-09-01
6900,0.5792,2025-09-01
6901,0.5757,2025-09-01
6902,0.3042,2025-10-01
6903,0.3076,2025-10-01
6904,0.2347,2025-11-01
6905,0.251,2025-11-01
6906,0.4956,2025-12-01
6907,0.4935,2025-12-01
6908,0.4445,2026-01-01
6909,0.4459,2026-01-01
6910,0.6031,2026-02-01
6911,0.5967,2026-02-01
6912,0.3663,2026-03-01
6913,0.3774,2026-03-01
6914,0.3938,2026-04-01
6915,0.3952,2026-04-01
6916,0.2872,2026-05-01
6917,0.2884,2026-05-01
6918,0.2458,2026-06-01
6919,0.2467,2026-06-01
6920,0.2403,2026-07-01
6921,0.2364,2026-07-01
6922,0.1871,2026-08-01
6923,0.1888,2026-08-01
6924,0.28,2026-09-01
6925,0.2803,2026-09-01
6950,0.5812,2025-09-01
6951,0.5747,2025-09-01
6952,0.3037,2025-10-01
6953,0.3069,2025-10-01
6954,0.2341,2025-11-01
6955,0.2477,2025-11-01
6956,0.4954,2025-12-01
6957,0.4937,2025-12-01
6958,0.4466,2026-01-01
6959,0.4478,2026-01-01
6960,0.6088,2026-02-01
6961,0.5984,2026-02-01
6962,0.3691,2026-03-01
6963,0.3787,2026-03-01
6964,0.3947,2026-04-01
6965,0.3958,2026-04-01
6966,0.285,2026-05-01
6967,0.2885,2026-05-01
6968,0.2451,2026-06-01
6969,0.2459,2026-06-01
6970,0.2395,2026-07-01
6971,0.2351,2026-07-01
6972,0.1865,2026-08-01
6973,0.1868,2026-08-01
6974,0.2785,2026-09-01
6975,0.2799,2026-09-01
7000,0.5797,2025-09-01
7001,0.576,2025-09-01
7002,0.3023,2025-10-01
7003,0.3056,2025-10-01
7004,0.2364,2025-11-01
7005,0.2469,2025-11-01
7006,0.4947,2025-12-01
7007,0.4933,2025-12-01
7008,0.4459,2026-01-01
7009,0.4468,2026-01-01
7010,0.6061,2026-02-01
7011,0.5977,2026-02-01
7012,0.3676,2026-03-01
7013,0.3779,2026-03-01
7014,0.3939,2026-04-01
7015,0.3953,2026-04-01
7016,0.2851,2026-05-01
7017,0.288,2026-05-01
7018,0.2446,2026-06-01
7019,0.2466,2026-06-01
7020,0.2352,2026-07-01
7021,0.2356,2026-07-01
7022,0.184,2026-08-01
7023,0.1874,2026-08-01
7024,0.2774,2026-09-01
7025,0.2807,2026-09-01
7050,0.581,2025-09-01
7051,0.5746,2025-09-01
7052,0.3004,2025-10-01
7053,0.3051,2025-10-01
7054,0.234,2025-11-01
7055,0.247,2025-11-01
7056,0.494,2025-12-01
7057,0.4933,2025-12-01
7058,0.4485,2026-01-01
7059,0.448,2026-01-01
7060,0.6036,2026-02-01
7061,0.5973,2026-02-01
7062,0.3646,2026-03-01
7063,0.377,2026-03-01
7064,0.3913,2026-04-01
7065,0.3946,2026-04-01
7066,0.2872,2026-05-01
7067,0.2894,2026-05-01
7068,0.2455,2026-06-01
7069,0.2466,2026-06-01
7070,0.2384,2026-07-01
7071,0.2355,2026-07-01
7072,0.183,2026-08-01
7073,0.1873,2026-08-01
7074,0.2788,2026-09-01
7075,0.2804,2026-09-01
7100,0.5766,2025-09-01
7101,0.5713,2025-09-01
7102,0.3012,2025-10-01
7103,0.3047,2025-10-01
7104,0.2342,2025-11-01
7105,0.247,2025-11-01
7106,0.4956,2025-12-01
7107,0.4949,2025-12-01
7108,0.4457,2026-01-01
7109,0.4483,2026-01-01
7110,0.6001,2026-02-01
7111,0.5965,2026-02-01
7112,0.3613,2026-03-01
7113,0.3763,2026-03-01
7114,0.3882,2026-04-01
7115,0.3943,2026-04-01
7116,0.2854,2026-05-01
7117,0.289,2026-05-01
7118,0.2472,2026-06-01
7119,0.2467,2026-06-01
7120,0.2408,2026-07-01
7121,0.2356,2026-07-01
7122,0.1843,2026-08-01
7123,0.1877,2026-08-01
7124,0.2805,2026-09-01
7125,0.279,2026-09-01
7150,0.5454,2025-09-01
7151,0.5595,2025-09-01
7152,0.3247,2025-10-01
7153,0.3093,2025-10-01
7154,0.2399,2025-11-01
7155,0.2483,2025-11-01
7156,0.5016,2025-12-01
7157,0.4928,2025-12-01
7158,0.4514,2026-01-01
7159,0.4497,2026-01-01
7160,0.6122,2026-02-01
7161,0.5966,2026-02-01
7162,0.3673,2026-03-01
7163,0.3763,2026-03-01
7164,0.3993,2026-04-01
7165,0.3965,2026-04-01
7166,0.2855,2026-05-01
7167,0.2891,2026-05-01
7168,0.2391,2026-06-01
7169,0.246,2026-06-01
7170,0.2204,2026-07-01
7171,0.2358,2026-07-01
7172,0.179,2026-08-01
7173,0.1876,2026-08-01
7174,0.2675,2026-09-01
7175,0.2785,2026-09-01
7200,0.5421,2025-09-01
7201,0.5539,2025-09-01
7202,0.3126,2025-10-01
7203,0.3058,2025-10-01
7204,0.2425,2025-11-01
7205,0.2497,2025-11-01
7206,0.5032,2025-12-01
7207,0.4953,2025-12-01
7208,0.4478,2026-01-01
7209,0.4501,2026-01-01
7210,0.6047,2026-02-01
7211,0.5973,2026-02-01
7212,0.3696,2026-03-01
7213,0.3754,2026-03-01
7214,0.4046,2026-04-01
7215,0.3969,2026-04-01
7216,0.2921,2026-05-01
7217,0.2901,2026-05-01
7218,0.255,2026-06-01
7219,0.2477,2026-06-01
7220,0.2224,2026-07-01
7221,0.2363,2026-07-01
7222,0.184,2026-08-01
7223,0.1873,2026-08-01
7224,0.2685,2026-09-01
7225,0.2783,2026-09-01
7250,0.5416,2025-09-01
7251,0.5536,2025-09-01
7252,0.3109,2025-10-01
7253,0.3046,2025-10-01
7254,0.2425,2025-11-01
7255,0.2496,2025-11-01
7256,0.5053,2025-12-01
7257,0.4959,2025-12-01
7258,0.4541,2026-01-01
7259,0.45,2026-01-01
7260,0.6127,2026-02-01
7261,0.5971,2026-02-01
7262,0.3738,2026-03-01
7263,0.3751,2026-03-01
7264,0.4053,2026-04-01
7265,0.3968,2026-04-01
7266,0.2936,2026-05-01
7267,0.2901,2026-05-01
7268,0.2516,2026-06-01
7269,0.2477,2026-06-01
7270,0.2219,2026-07-01
7271,0.2364,2026-07-01
7272,0.1842,2026-08-01
7273,0.1874,2026-08-01
7274,0.2681,2026-09-01
7275,0.2784,2026-09-01
7300,0.5416,2025-09-01
7301,0.5534,2025-09-01
7302,0.306,2025-10-01
7303,0.3029,2025-10-01
7304,0.2459,2025-11-01
7305,0.2504,2025-11-01
7306,0.5013,2025-12-01
7307,0.496,2025-12-01
7308,0.4484,2026-01-01
7309,0.45,2026-01-01
7310,0.6115,2026-02-01
7311,0.5971,2026-02-01
7312,0.3781,2026-03-01
7313,0.3751,2026-03-01
7314,0.4047,2026-04-01
7315,0.3968,2026-04-01
7316,0.2901,2026-05-01
7317,0.2901,2026-05-01
7318,0.2556,2026-06-01
7319,0.2477,2026-06-01
7320,0.2217,2026-07-01
7321,0.2364,2026-07-01
7322,0.1851,2026-08-01
7323,0.1874,2026-08-01
7324,0.2665,2026-09-01
7325,0.2784,2026-09-01
7350,0.5395,2025-09-01
7351,0.5527,2025-09-01
7352,0.3064,2025-10-01
7353,0.3036,2025-10-01
7354,0.2518,2025-11-01
7355,0.2503,2025-11-01
7356,0.4946,2025-12-01
7357,0.4948,2025-12-01
7358,0.4471,2026-01-01
7359,0.4482,2026-01-01
7360,0.6095,2026-02-01
7361,0.5965,2026-02-01
7362,0.3775,2026-03-01
7363,0.3754,2026-03-01
7364,0.4033,2026-04-01
7365,0.3968,2026-04-01
7366,0.2939,2026-05-01
7367,0.2918,2026-05-01
7368,0.2595,2026-06-01
7369,0.2485,2026-06-01
7370,0.2226,2026-07-01
7371,0.2359,2026-07-01
7372,0.1909,2026-08-01
7373,0.1873,2026-08-01
7374,0.2698,2026-09-01
7375,0.2796,2026-09-01
7400,0.5469,2025-09-01
7401,0.5484,2025-09-01
7402,0.2814,2025-10-01
7403,0.3011,2025-10-01
7404,0.2597,2025-11-01
7405,0.2525,2025-11-01
7406,0.5013,2025-12-01
7407,0.4955,2025-12-01
7408,0.437,2026-01-01
7409,0.4469,2026-01-01
7410,0.6152,2026-02-01
7411,0.5964,2026-02-01
7412,0.3778,2026-03-01
7413,0.3762,2026-03-01
7414,0.3985,2026-04-01
7415,0.3966,2026-04-01
7416,0.3022,2026-05-01
7417,0.2914,2026-05-01
7418,0.2571,2026-06-01
7419,0.2479,2026-06-01
7420,0.229,2026-07-01
7421,0.2347,2026-07-01
7422,0.1925,2026-08-01
7423,0.1861,2026-08-01
7424,0.2714,2026-09-01
7425,0.2797,2026-09-01
7450,0.5527,2025-09-01
7451,0.5474,2025-09-01
7452,0.2864,2025-10-01
7453,0.2998,2025-10-01
7454,0.2393,2025-11-01
7455,0.2519,2025-11-01
7456,0.5088,2025-12-01
7457,0.4975,2025-12-01
7458,0.4397,2026-01-01
7459,0.4465,2026-01-01
7460,0.6137,2026-02-01
7461,0.596,2026-02-01
7462,0.3747,2026-03-01
7463,0.3754,2026-03-01
7464,0.3939,2026-04-01
7465,0.3956,2026-04-01
7466,0.2956,2026-05-01
7467,0.2909,2026-05-01
7468,0.2539,2026-06-01
7469,0.2479,2026-06-01
7470,0.2209,2026-07-01
7471,0.2354,2026-07-01
7472,0.182,2026-08-01
7473,0.1849,2026-08-01
7474,0.2712,2026-09-01
7475,0.2805,2026-09-01
7500,0.551,2025-09-01
7501,0.547,2025-09-01
7502,0.2846,2025-10-01
7503,0.2989,2025-10-01
7504,0.2389,2025-11-01
7505,0.2524,2025-11-01
7506,0.5072,2025-12-01
7507,0.4978,2025-12-01
7508,0.4318,2026-01-01
7509,0.4465,2026-01-01
7510,0.6122,2026-02-01
7511,0.596,2026-02-01
7512,0.3738,2026-03-01
7513,0.3754,2026-03-01
7514,0.3971,2026-04-01
7515,0.3956,2026-04-01
7516,0.2948,2026-05-01
7517,0.2909,2026-05-01
7518,0.2559,2026-06-01
7519,0.2479,2026-06-01
7520,0.2194,2026-07-01
7521,0.2354,2026-07-01
7522,0.1816,2026-08-01
7523,0.1849,2026-08-01
7524,0.2719,2026-09-01
7525,0.2805,2026-09-01
7550,0.5505,2025-09-01
7551,0.5467,2025-09-01
7552,0.2889,2025-10-01
7553,0.2985,2025-10-01
7554,0.2341,2025-11-01
7555,0.2526,2025-11-01
7556,0.5098,2025-12-01
7557,0.4976,2025-12-01
7558,0.4331,2026-01-01
7559,0.4467,2026-01-01
7560,0.6112,2026-02-01
7561,0.5959,2026-02-01
7562,0.3697,2026-03-01
7563,0.3753,2026-03-01
7564,0.3989,2026-04-01
7565,0.3958,2026-04-01
7566,0.2934,2026-05-01
7567,0.2909,2026-05-01
7568,0.248,2026-06-01
7569,0.2478,2026-06-01
7570,0.2174,2026-07-01
7571,0.2353,2026-07-01
7572,0.1784,2026-08-01
7573,0.1849,2026-08-01
7574,0.2725,2026-09-01
7575,0.2804,2026-09-01
7600,0.2678,2025-10-01
7601,0.2919,2025-10-01
7602,0.2457,2025-11-01
7603,0.2508,2025-11-01
7604,0.5235,2025-12-01
7605,0.5064,2025-12-01
7606,0.4401,2026-01-01
7607,0.4467,2026-01-01
7608,0.619,2026-02-01
7609,0.5962,2026-02-01
7610,0.3838,2026-03-01
7611,0.3753,2026-03-01
7612,0.3972,2026-04-01
7613,0.3958,2026-04-01
7614,0.2926,2026-05-01
7615,0.2911,2026-05-01
7616,0.2497,2026-06-01
7617,0.2476,2026-06-01
7618,0.211,2026-07-01
7619,0.2353,2026-07-01
7620,0.175,2026-08-01
7621,0.185,2026-08-01
7622,0.2668,2026-09-01
7623,0.2802,2026-09-01
7650,0.2359,2025-10-01
7651,0.276,2025-10-01
7652,0.267,2025-11-01
7653,0.256,2025-11-01
7654,0.4981,2025-12-01
7655,0.5016,2025-12-01
7656,0.449,2026-01-01
7657,0.444,2026-01-01
7658,0.5908,2026-02-01
7659,0.5944,2026-02-01
7660,0.3688,2026-03-01
7661,0.373,2026-03-01
7662,0.39,2026-04-01
7663,0.3934,2026-04-01
7664,0.291,2026-05-01
7665,0.2928,2026-05-01
7666,0.2547,2026-06-01
7667,0.2515,2026-06-01
7668,0.2221,2026-07-01
7669,0.2381,2026-07-01
7670,0.1726,2026-08-01
7671,0.1905,2026-08-01
7672,0.2715,2026-09-01
7673,0.2803,2026-09-01
7700,0.2314,2025-10-01
7701,0.2676,2025-10-01
7702,0.2659,2025-11-01
7703,0.2556,2025-11-01
7704,0.4936,2025-12-01
7705,0.4989,2025-12-01
7706,0.4511,2026-01-01
7707,0.4449,2026-01-01
7708,0.5983,2026-02-01
7709,0.5967,2026-02-01
7710,0.3703,2026-03-01
7711,0.3695,2026-03-01
7712,0.3931,2026-04-01
7713,0.3936,2026-04-01
7714,0.2925,2026-05-01
7715,0.2923,2026-05-01
7716,0.2569,2026-06-01
7717,0.2503,2026-06-01
7718,0.2272,2026-07-01
7719,0.2371,2026-07-01
7720,0.1803,2026-08-01
7721,0.1908,2026-08-01
7722,0.2723,2026-09-01
7723,0.2781,2026-09-01
7750,0.2295,2025-10-01
7751,0.2667,2025-10-01
7752,0.2676,2025-11-01
7753,0.2563,2025-11-01
7754,0.4944,2025-12-01
7755,0.4989,2025-12-01
7756,0.4535,2026-01-01
7757,0.4449,2026-01-01
7758,0.6011,2026-02-01
7759,0.5967,2026-02-01
7760,0.372,2026-03-01
7761,0.3695,2026-03-01
7762,0.3919,2026-04-01
7763,0.3936,2026-04-01
7764,0.2928,2026-05-01
7765,0.2923,2026-05-01
7766,0.2551,2026-06-01
7767,0.2503,2026-06-01
7768,0.2265,2026-07-01
7769,0.2371,2026-07-01
7770,0.1824,2026-08-01
7771,0.1908,2026-08-01
7772,0.2731,2026-09-01
7773,0.2781,2026-09-01
7800,0.2306,2025-10-01
7801,0.2684,2025-10-01
7802,0.2671,2025-11-01
7803,0.2554,2025-11-01
7804,0.4954,2025-12-01
7805,0.4993,2025-12-01
7806,0.4532,2026-01-01
7807,0.4449,2026-01-01
7808,0.6015,2026-02-01
7809,0.5967,2026-02-01
7810,0.3719,2026-03-01
7811,0.3695,2026-03-01
7812,0.3916,2026-04-01
7813,0.3936,2026-04-01
7814,0.2927,2026-05-01
7815,0.2923,2026-05-01
7816,0.2575,2026-06-01
7817,0.2503,2026-06-01
7818,0.2293,2026-07-01
7819,0.2371,2026-07-01
7820,0.1847,2026-08-01
7821,0.1908,2026-08-01
7822,0.2755,2026-09-01
7823,0.2781,2026-09-01
7850,0.2296,2025-10-01
7851,0.268,2025-10-01
7852,0.2629,2025-11-01
7853,0.2552,2025-11-01
7854,0.4991,2025-12-01
7855,0.4985,2025-12-01
7856,0.4534,2026-01-01
7857,0.444,2026-01-01
7858,0.6045,2026-02-01
7859,0.5967,2026-02-01
7860,0.3682,2026-03-01
7861,0.3692,2026-03-01
7862,0.3906,2026-04-01
7863,0.3927,2026-04-01
7864,0.2863,2026-05-01
7865,0.2917,2026-05-01
7866,0.25,2026-06-01
7867,0.2504,2026-06-01
7868,0.228,2026-07-01
7869,0.237,2026-07-01
7870,0.1791,2026-08-01
7871,0.1902,2026-08-01
7872,0.2707,2026-09-01
7873,0.2772,2026-09-01
7900,0.2395,2025-10-01
7901,0.2618,2025-10-01
7902,0.2613,2025-11-01
7903,0.2547,2025-11-01
7904,0.5042,2025-12-01
7905,0.4965,2025-12-01
7906,0.4494,2026-01-01
7907,0.4447,2026-01-01
7908,0.6218,2026-02-01
7909,0.5966,2026-02-01
7910,0.377,2026-03-01
7911,0.3696,2026-03-01
7912,0.3951,2026-04-01
7913,0.3927,2026-04-01
7914,0.2907,2026-05-01
7915,0.2898,2026-05-01
7916,0.2407,2026-06-01
7917,0.2481,2026-06-01
7918,0.2195,2026-07-01
7919,0.237,2026-07-01
7920,0.183,2026-08-01
7921,0.1904,2026-08-01
7922,0.2681,2026-09-01
7923,0.2779,2026-09-01
7950,0.2393,2025-10-01
7951,0.2484,2025-10-01
7952,0.2422,2025-11-01
7953,0.2505,2025-11-01
7954,0.505,2025-12-01
7955,0.4971,2025-12-01
7956,0.4508,2026-01-01
7957,0.4462,2026-01-01
7958,0.6066,2026-02-01
7959,0.6013,2026-02-01
7960,0.3776,2026-03-01
7961,0.3786,2026-03-01
7962,0.4056,2026-04-01
7963,0.396,2026-04-01
7964,0.2839,2026-05-01
7965,0.2876,2026-05-01
7966,0.2409,2026-06-01
7967,0.249,2026-06-01
7968,0.2228,2026-07-01
7969,0.2353,2026-07-01
7970,0.1721,2026-08-01
7971,0.1828,2026-08-01
7972,0.2554,2026-09-01
7973,0.2691,2026-09-01
8000,0.2373,2025-10-01
8001,0.2445,2025-10-01
8002,0.229,2025-11-01
8003,0.2467,2025-11-01
8004,0.4995,2025-12-01
8005,0.4985,2025-12-01
8006,0.443,2026-01-01
8007,0.4463,2026-01-01
8008,0.6077,2026-02-01
8009,0.6003,2026-02-01
8010,0.3777,2026-03-01
8011,0.3786,2026-03-01
8012,0.4066,2026-04-01
8013,0.3965,2026-04-01
8014,0.2784,2026-05-01
8015,0.2875,2026-05-01
8016,0.2463,2026-06-01
8017,0.249,2026-06-01
8018,0.2236,2026-07-01
8019,0.2348,2026-07-01
8020,0.1755,2026-08-01
8021,0.1832,2026-08-01
8022,0.2611,2026-09-01
8023,0.2691,2026-09-01
8050,0.2346,2025-10-01
8051,0.2442,2025-10-01
8052,0.2297,2025-11-01
8053,0.2455,2025-11-01
8054,0.501,2025-12-01
8055,0.4989,2025-12-01
8056,0.446,2026-01-01
8057,0.4463,2026-01-01
8058,0.6079,2026-02-01
8059,0.6003,2026-02-01
8060,0.3773,2026-03-01
8061,0.3786,2026-03-01
8062,0.4056,2026-04-01
8063,0.3965,2026-04-01
8064,0.279,2026-05-01
8065,0.2875,2026-05-01
8066,0.2475,2026-06-01
8067,0.249,2026-06-01
8068,0.2225,2026-07-01
8069,0.2348,2026-07-01
8070,0.1759,2026-08-01
8071,0.1832,2026-08-01
8072,0.2591,2026-09-01
8073,0.2691,2026-09-01
8100,0.2325,2025-10-01
8101,0.2413,2025-10-01
8102,0.229,2025-11-01
8103,0.2448,2025-11-01
8104,0.5033,2025-12-01
8105,0.4962,2025-12-01
8106,0.4497,2026-01-01
8107,0.446,2026-01-01
8108,0.61,2026-02-01
8109,0.598,2026-02-01
8110,0.3764,2026-03-01
8111,0.3779,2026-03-01
8112,0.4043,2026-04-01
8113,0.396,2026-04-01
8114,0.2854,2026-05-01
8115,0.2871,2026-05-01
8116,0.2552,2026-06-01
8117,0.2502,2026-06-01
8118,0.2276,2026-07-01
8119,0.2345,2026-07-01
8120,0.1827,2026-08-01
8121,0.1843,2026-08-01
8122,0.2702,2026-09-01
8123,0.272,2026-09-01
8150,0.1665,2025-10-01
8151,0.1867,2025-10-01
8152,0.2046,2025-11-01
8153,0.2172,2025-11-01
8154,0.5018,2025-12-01
8155,0.5,2025-12-01
8156,0.4385,2026-01-01
8157,0.4382,2026-01-01
8158,0.5937,2026-02-01
8159,0.5885,2026-02-01
8160,0.3621,2026-03-01
8161,0.3687,2026-03-01
8162,0.3985,2026-04-01
8163,0.396,2026-04-01
8164,0.2842,2026-05-01
8165,0.2871,2026-05-01
8166,0.2547,2026-06-01
8167,0.2531,2026-06-01
8168,0.2381,2026-07-01
8169,0.2369,2026-07-01
8170,0.191,2026-08-01
8171,0.1856,2026-08-01
8172,0.2739,2026-09-01
8173,0.2747,2026-09-01
8200,0.1621,2025-10-01
8201,0.1802,2025-10-01
8202,0.1975,2025-11-01
8203,0.2131,2025-11-01
8204,0.5021,2025-12-01
8205,0.4996,2025-12-01
8206,0.438,2026-01-01
8207,0.4378,2026-01-01
8208,0.5926,2026-02-01
8209,0.5888,2026-02-01
8210,0.3616,2026-03-01
8211,0.3677,2026-03-01
8212,0.396,2026-04-01
8213,0.3966,2026-04-01
8214,0.2822,2026-05-01
8215,0.2853,2026-05-01
8216,0.2576,2026-06-01
8217,0.2528,2026-06-01
8218,0.2394,2026-07-01
8219,0.2363,2026-07-01
8220,0.1889,2026-08-01
8221,0.1823,2026-08-01
8222,0.2756,2026-09-01
8223,0.2759,2026-09-01
8250,0.1596,2025-10-01
8251,0.1791,2025-10-01
8252,0.1978,2025-11-01
8253,0.213,2025-11-01
8254,0.5025,2025-12-01
8255,0.5,2025-12-01
8256,0.4397,2026-01-01
8257,0.4378,2026-01-01
8258,0.5882,2026-02-01
8259,0.5877,2026-02-01
8260,0.3618,2026-03-01
8261,0.3675,2026-03-01
8262,0.3964,2026-04-01
8263,0.3962,2026-04-01
8264,0.2839,2026-05-01
8265,0.2855,2026-05-01
8266,0.255,2026-06-01
8267,0.2528,2026-06-01
8268,0.2376,2026-07-01
8269,0.2357,2026-07-01
8270,0.1843,2026-08-01
8271,0.1821,2026-08-01
8272,0.2755,2026-09-01
8273,0.2757,2026-09-01
8300,0.1606,2025-10-01
8301,0.179,2025-10-01
8302,0.1986,2025-11-01
8303,0.2131,2025-11-01
8304,0.5021,2025-12-01
8305,0.4991,2025-12-01
8306,0.44,2026-01-01
8307,0.4378,2026-01-01
8308,0.587,2026-02-01
8309,0.5877,2026-02-01
8310,0.3611,2026-03-01
8311,0.3675,2026-03-01
8312,0.3957,2026-04-01
8313,0.3962,2026-04-01
8314,0.2831,2026-05-01
8315,0.2855,2026-05-01
8316,0.2568,2026-06-01
8317,0.2528,2026-06-01
8318,0.2395,2026-07-01
8319,0.2357,2026-07-01
8320,0.185,2026-08-01
8321,0.1821,2026-08-01
8322,0.2758,2026-09-01
8323,0.2757,2026-09-01
8350,0.1587,2025-10-01
8351,0.1764,2025-10-01
8352,0.1952,2025-11-01
8353,0.2124,2025-11-01
8354,0.5024,2025-12-01
8355,0.4993,2025-12-01
8356,0.4386,2026-01-01
8357,0.4366,2026-01-01
8358,0.5867,2026-02-01
8359,0.5884,2026-02-01
8360,0.3581,2026-03-01
8361,0.3662,2026-03-01
8362,0.3956,2026-04-01
8363,0.3967,2026-04-01
8364,0.2832,2026-05-01
8365,0.2851,2026-05-01
8366,0.2577,2026-06-01
8367,0.2526,2026-06-01
8368,0.2416,2026-07-01
8369,0.2358,2026-07-01
8370,0.1843,2026-08-01
8371,0.1812,2026-08-01
8372,0.2744,2026-09-01
8373,0.275,2026-09-01
8400,0.1506,2025-10-01
8401,0.1677,2025-10-01
8402,0.1958,2025-11-01
8403,0.2143,2025-11-01
8404,0.5,2025-12-01
8405,0.4977,2025-12-01
8406,0.4342,2026-01-01
8407,0.4338,2026-01-01
8408,0.586,2026-02-01
8409,0.5856,2026-02-01
8410,0.3613,2026-03-01
8411,0.3654,2026-03-01
8412,0.4053,2026-04-01
8413,0.3994,2026-04-01
8414,0.2865,2026-05-01
8415,0.2834,2026-05-01
8416,0.2723,2026-06-01
8417,0.2573,2026-06-01
8418,0.2409,2026-07-01
8419,0.2379,2026-07-01
8420,0.1828,2026-08-01
8421,0.1824,2026-08-01
8422,0.273,2026-09-01
8423,0.2797,2026-09-01
8450,0.1511,2025-10-01
8451,0.1654,2025-10-01
8452,0.2057,2025-11-01
8453,0.217,2025-11-01
8454,0.4925,2025-12-01
8455,0.4926,2025-12-01
8456,0.4335,2026-01-01
8457,0.4338,2026-01-01
8458,0.5832,2026-02-01
8459,0.5856,2026-02-01
8460,0.3592,2026-03-01
8461,0.3654,2026-03-01
8462,0.4065,2026-04-01
8463,0.3994,2026-04-01
8464,0.2884,2026-05-01
8465,0.2834,2026-05-01
8466,0.2724,2026-06-01
8467,0.2573,2026-06-01
8468,0.2429,2026-07-01
8469,0.2379,2026-07-01
8470,0.1896,2026-08-01
8471,0.1824,2026-08-01
8472,0.2754,2026-09-01
8473,0.2797,2026-09-01
8500,0.1519,2025-10-01
8501,0.1655,2025-10-01
8502,0.2064,2025-11-01
8503,0.2176,2025-11-01
8504,0.4925,2025-12-01
8505,0.492,2025-12-01
8506,0.4363,2026-01-01
8507,0.4335,2026-01-01
8508,0.5861,2026-02-01
8509,0.5851,2026-02-01
8510,0.3604,2026-03-01
8511,0.3654,2026-03-01
8512,0.4075,2026-04-01
8513,0.3993,2026-04-01
8514,0.2881,2026-05-01
8515,0.2834,2026-05-01
8516,0.2706,2026-06-01
8517,0.2572,2026-06-01
8518,0.2423,2026-07-01
8519,0.2383,2026-07-01
8520,0.19,2026-08-01
8521,0.1825,2026-08-01
8522,0.2755,2026-09-01
8523,0.2796,2026-09-01
8550,0.1519,2025-10-01
8551,0.166,2025-10-01
8552,0.2067,2025-11-01
8553,0.2178,2025-11-01
8554,0.4923,2025-12-01
8555,0.492,2025-12-01
8556,0.4364,2026-01-01
8557,0.4334,2026-01-01
8558,0.5876,2026-02-01
8559,0.5848,2026-02-01
8560,0.3625,2026-03-01
8561,0.3658,2026-03-01
8562,0.4076,2026-04-01
8563,0.3997,2026-04-01
8564,0.2914,2026-05-01
8565,0.2847,2026-05-01
8566,0.2672,2026-06-01
8567,0.2576,2026-06-01
8568,0.2387,2026-07-01
8569,0.2386,2026-07-01
8570,0.1907,2026-08-01
8571,0.183,2026-08-01
8572,0.276,2026-09-01
8573,0.2798,2026-09-01
8600,0.1535,2025-10-01
8601,0.1643,2025-10-01
8602,0.2121,2025-11-01
8603,0.2192,2025-11-01
8604,0.4877,2025-12-01
8605,0.4926,2025-12-01
8606,0.4335,2026-01-01
8607,0.4335,2026-01-01
8608,0.5843,2026-02-01
8609,0.5855,2026-02-01
8610,0.3655,2026-03-01
8611,0.3667,2026-03-01
8612,0.4024,2026-04-01
8613,0.4003,2026-04-01
8614,0.2869,2026-05-01
8615,0.2836,2026-05-01
8616,0.2652,2026-06-01
8617,0.2576,2026-06-01
8618,0.2394,2026-07-01
8619,0.2379,2026-07-01
8620,0.1884,2026-08-01
8621,0.1859,2026-08-01
8622,0.2777,2026-09-01
8623,0.2787,2026-09-01
8650,0.1612,2025-10-01
8651,0.1626,2025-10-01
8652,0.2514,2025-11-01
8653,0.2242,2025-11-01
8654,0.4631,2025-12-01
8655,0.4882,2025-12-01
8656,0.4244,2026-01-01
8657,0.4335,2026-01-01
8658,0.5794,2026-02-01
8659,0.5848,2026-02-01
8660,0.3783,2026-03-01
8661,0.3672,2026-03-01
8662,0.3956,2026-04-01
8663,0.401,2026-04-01
8664,0.2957,2026-05-01
8665,0.2834,2026-05-01
8666,0.271,2026-06-01
8667,0.2572,2026-06-01
8668,0.2401,2026-07-01
8669,0.2377,2026-07-01
8670,0.1914,2026-08-01
8671,0.1838,2026-08-01
8672,0.3039,2026-09-01
8673,0.2795,2026-09-01
8700,0.1662,2025-10-01
8701,0.1616,2025-10-01
8702,0.2508,2025-11-01
8703,0.2246,2025-11-01
8704,0.4599,2025-12-01
8705,0.4874,2025-12-01
8706,0.422,2026-01-01
8707,0.4328,2026-01-01
8708,0.5786,2026-02-01
8709,0.586,2026-02-01
8710,0.374,2026-03-01
8711,0.3674,2026-03-01
8712,0.3971,2026-04-01
8713,0.4013,2026-04-01
8714,0.287,2026-05-01
8715,0.2834,2026-05-01
8716,0.2748,2026-06-01
8717,0.2571,2026-06-01
8718,0.2437,2026-07-01
8719,0.2382,2026-07-01
8720,0.1801,2026-08-01
8721,0.1843,2026-08-01
8722,0.2991,2026-09-01
8723,0.28,2026-09-01
8750,0.2396,2025-11-01
8751,0.225,2025-11-01
8752,0.4807,2025-12-01
8753,0.4954,2025-12-01
8754,0.4226,2026-01-01
8755,0.4334,2026-01-01
8756,0.5825,2026-02-01
8757,0.5852,2026-02-01
8758,0.3725,2026-03-01
8759,0.369,2026-03-01
8760,0.3932,2026-04-01
8761,0.4013,2026-04-01
8762,0.285,2026-05-01
8763,0.2831,2026-05-01
8764,0.2756,2026-06-01
8765,0.2572,2026-06-01
8766,0.2516,2026-07-01
8767,0.2381,2026-07-01
8768,0.1798,2026-08-01
8769,0.1837,2026-08-01
8770,0.3026,2026-09-01
8771,0.2805,2026-09-01
8800,0.2298,2025-11-01
8801,0.2224,2025-11-01
8802,0.4741,2025-12-01
8803,0.4926,2025-12-01
8804,0.4234,2026-01-01
8805,0.4328,2026-01-01
8806,0.5732,2026-02-01
8807,0.5835,2026-02-01
8808,0.3681,2026-03-01
8809,0.3673,2026-03-01
8810,0.3924,2026-04-01
8811,0.4006,2026-04-01
8812,0.2819,2026-05-01
8813,0.2829,2026-05-01
8814,0.2747,2026-06-01
8815,0.2588,2026-06-01
8816,0.2533,2026-07-01
8817,0.2402,2026-07-01
8818,0.1833,2026-08-01
8819,0.1841,2026-08-01
8820,0.3053,2026-09-01
8821,0.2826,2026-09-01
8850,0.2279,2025-11-01
8851,0.2209,2025-11-01
8852,0.4731,2025-12-01
8853,0.4918,2025-12-01
8854,0.4256,2026-01-01
8855,0.4333,2026-01-01
8856,0.5749,2026-02-01
8857,0.584,2026-02-01
8858,0.3659,2026-03-01
8859,0.3671,2026-03-01
8860,0.3959,2026-04-01
8861,0.4006,2026-04-01
8862,0.2818,2026-05-01
8863,0.2823,2026-05-01
8864,0.2741,2026-06-01
8865,0.2584,2026-06-01
8866,0.2486,2026-07-01
8867,0.2398,2026-07-01
8868,0.1809,2026-08-01
8869,0.1839,2026-08-01
8870,0.3041,2026-09-01
8871,0.2824,2026-09-01
8900,0.2142,2025-11-01
8901,0.2204,2025-11-01
8902,0.4744,2025-12-01
8903,0.4833,2025-12-01
8904,0.4085,2026-01-01
8905,0.4241,2026-01-01
8906,0.5788,2026-02-01
8907,0.5762,2026-02-01
8908,0.3575,2026-03-01
8909,0.3612,2026-03-01
8910,0.3887,2026-04-01
8911,0.3985,2026-04-01
8912,0.2708,2026-05-01
8913,0.2821,2026-05-01
8914,0.2704,2026-06-01
8915,0.2607,2026-06-01
8916,0.2415,2026-07-01
8917,0.2428,2026-07-01
8918,0.1839,2026-08-01
8919,0.1848,2026-08-01
8920,0.3006,2026-09-01
8921,0.2857,2026-09-01
8950,0.2166,2025-11-01
8951,0.2174,2025-11-01
8952,0.4726,2025-12-01
8953,0.4823,2025-12-01
8954,0.4053,2026-01-01
8955,0.4211,2026-01-01
8956,0.5834,2026-02-01
8957,0.5766,2026-02-01
8958,0.361,2026-03-01
8959,0.358,2026-03-01
8960,0.3895,2026-04-01
8961,0.3974,2026-04-01
8962,0.2742,2026-05-01
8963,0.2818,2026-05-01
8964,0.2719,2026-06-01
8965,0.2608,2026-06-01
8966,0.237,2026-07-01
8967,0.2433,2026-07-01
8968,0.1916,2026-08-01
8969,0.1857,2026-08-01
8970,0.3014,2026-09-01
8971,0.2874,2026-09-01
9000,0.2182,2025-11-01
9001,0.2162,2025-11-01
9002,0.4686,2025-12-01
9003,0.4832,2025-12-01
9004,0.4032,2026-01-01
9005,0.42,2026-01-01
9006,0.5798,2026-02-01
9007,0.5758,2026-02-01
9008,0.3572,2026-03-01
9009,0.357,2026-03-01
9010,0.3875,2026-04-01
9011,0.3981,2026-04-01
9012,0.2739,2026-05-01
9013,0.2816,2026-05-01
9014,0.2721,2026-06-01
9015,0.262,2026-06-01
9016,0.2357,2026-07-01
9017,0.2446,2026-07-01
9018,0.1917,2026-08-01
9019,0.1855,2026-08-01
9020,0.299,2026-09-01
9021,0.2881,2026-09-01
9050,0.2201,2025-11-01
9051,0.2173,2025-11-01
9052,0.4708,2025-12-01
9053,0.4814,2025-12-01
9054,0.406,2026-01-01
9055,0.4193,2026-01-01
9056,0.5889,2026-02-01
9057,0.5745,2026-02-01
9058,0.3556,2026-03-01
9059,0.357,2026-03-01
9060,0.3882,2026-04-01
9061,0.3981,2026-04-01
9062,0.276,2026-05-01
9063,0.2824,2026-05-01
9064,0.2726,2026-06-01
9065,0.2636,2026-06-01
9066,0.2301,2026-07-01
9067,0.2448,2026-07-01
9068,0.1826,2026-08-01
9069,0.1844,2026-08-01
9070,0.2942,2026-09-01
9071,0.2888,2026-09-01
9100,0.2017,2025-11-01
9101,0.2117,2025-11-01
9102,0.4596,2025-12-01
9103,0.4693,2025-12-01
9104,0.4105,2026-01-01
9105,0.4141,2026-01-01
9106,0.5758,2026-02-01
9107,0.5701,2026-02-01
9108,0.3551,2026-03-01
9109,0.3575,2026-03-01
9110,0.4018,2026-04-01
9111,0.3993,2026-04-01
9112,0.2775,2026-05-01
9113,0.2797,2026-05-01
9114,0.2673,2026-06-01
9115,0.2641,2026-06-01
9116,0.2519,2026-07-01
9117,0.2509,2026-07-01
9118,0.1873,2026-08-01
9119,0.1868,2026-08-01
9120,0.288,2026-09-01
9121,0.2869,2026-09-01
9150,0.1929,2025-11-01
9151,0.2098,2025-11-01
9152,0.4622,2025-12-01
9153,0.4674,2025-12-01
9154,0.4165,2026-01-01
9155,0.4127,2026-01-01
9156,0.5735,2026-02-01
9157,0.5728,2026-02-01
9158,0.3509,2026-03-01
9159,0.361,2026-03-01
9160,0.4032,2026-04-01
9161,0.402,2026-04-01
9162,0.2723,2026-05-01
9163,0.2786,2026-05-01
9164,0.2698,2026-06-01
9165,0.2654,2026-06-01
9166,0.2537,2026-07-01
9167,0.2508,2026-07-01
9168,0.1882,2026-08-01
9169,0.1865,2026-08-01
9170,0.2856,2026-09-01
9171,0.2866,2026-09-01
9200,0.194,2025-11-01
9201,0.2098,2025-11-01
9202,0.4632,2025-12-01
9203,0.4671,2025-12-01
9204,0.415,2026-01-01
9205,0.4114,2026-01-01
9206,0.569,2026-02-01
9207,0.5734,2026-02-01
9208,0.3537,2026-03-01
9209,0.3616,2026-03-01
9210,0.4023,2026-04-01
9211,0.4016,2026-04-01
9212,0.2723,2026-05-01
9213,0.2782,2026-05-01
9214,0.2692,2026-06-01
9215,0.265,2026-06-01
9216,0.2558,2026-07-01
9217,0.2505,2026-07-01
9218,0.184,2026-08-01
9219,0.1867,2026-08-01
9220,0.2888,2026-09-01
9221,0.2868,2026-09-01
9250,0.1927,2025-11-01
9251,0.21,2025-11-01
9252,0.4628,2025-12-01
9253,0.4659,2025-12-01
9254,0.4098,2026-01-01
9255,0.4076,2026-01-01
9256,0.5621,2026-02-01
9257,0.5674,2026-02-01
9258,0.3548,2026-03-01
9259,0.3618,2026-03-01
9260,0.4033,2026-04-01
9261,0.4012,2026-04-01
9262,0.2731,2026-05-01
9263,0.2778,2026-05-01
9264,0.2689,2026-06-01
9265,0.2648,2026-06-01
9266,0.2527,2026-07-01
9267,0.2504,2026-07-01
9268,0.1833,2026-08-01
9269,0.1866,2026-08-01
9270,0.2881,2026-09-01
9271,0.2867,2026-09-01
9300,0.1919,2025-11-01
9301,0.2096,2025-11-01
9302,0.4604,2025-12-01
9303,0.465,2025-12-01
9304,0.4075,2026-01-01
9305,0.4058,2026-01-01
9306,0.5591,2026-02-01
9307,0.5655,2026-02-01
9308,0.3534,2026-03-01
9309,0.3614,2026-03-01
9310,0.4024,2026-04-01
9311,0.4,2026-04-01
9312,0.2722,2026-05-01
9313,0.2776,2026-05-01
9314,0.2695,2026-06-01
9315,0.2648,2026-06-01
9316,0.2542,2026-07-01
9317,0.2504,2026-07-01
9318,0.1861,2026-08-01
9319,0.1872,2026-08-01
9320,0.287,2026-09-01
9321,0.2867,2026-09-01
9350,0.2042,2025-11-01
9351,0.2104,2025-11-01
9352,0.4583,2025-12-01
9353,0.4604,2025-12-01
9354,0.3913,2026-01-01
9355,0.4037,2026-01-01
9356,0.5538,2026-02-01
9357,0.5635,2026-02-01
9358,0.3527,2026-03-01
9359,0.3583,2026-03-01
9360,0.3897,2026-04-01
9361,0.3996,2026-04-01
9362,0.279,2026-05-01
9363,0.2773,2026-05-01
9364,0.2636,2026-06-01
9365,0.2655,2026-06-01
9366,0.2476,2026-07-01
9367,0.2531,2026-07-01
9368,0.1905,2026-08-01
9369,0.1897,2026-08-01
9370,0.2911,2026-09-01
9371,0.2877,2026-09-01
9400,0.2047,2025-11-01
9401,0.2086,2025-11-01
9402,0.4551,2025-12-01
9403,0.4569,2025-12-01
9404,0.3714,2026-01-01
9405,0.4018,2026-01-01
9406,0.5561,2026-02-01
9407,0.5628,2026-02-01
9408,0.3574,2026-03-01
9409,0.3566,2026-03-01
9410,0.393,2026-04-01
9411,0.3993,2026-04-01
9412,0.2797,2026-05-01
9413,0.2764,2026-05-01
9414,0.2717,2026-06-01
9415,0.2678,2026-06-01
9416,0.241,2026-07-01
9417,0.2556,2026-07-01
9418,0.1961,2026-08-01
9419,0.1905,2026-08-01
9420,0.2901,2026-09-01
9421,0.2905,2026-09-01
9450,0.2024,2025-11-01
9451,0.2085,2025-11-01
9452,0.4514,2025-12-01
9453,0.4553,2025-12-01
9454,0.3739,2026-01-01
9455,0.4013,2026-01-01
9456,0.5544,2026-02-01
9457,0.5611,2026-02-01
9458,0.3503,2026-03-01
9459,0.3565,2026-03-01
9460,0.3929,2026-04-01
9461,0.3993,2026-04-01
9462,0.2791,2026-05-01
9463,0.2764,2026-05-01
9464,0.2715,2026-06-01
9465,0.2678,2026-06-01
9466,0.2439,2026-07-01
9467,0.2556,2026-07-01
9468,0.199,2026-08-01
9469,0.1905,2026-08-01
9470,0.2891,2026-09-01
9471,0.2905,2026-09-01
9500,0.2036,2025-11-01
9501,0.2084,2025-11-01
9502,0.4482,2025-12-01
9503,0.4548,2025-12-01
9504,0.3916,2026-01-01
9505,0.4038,2026-01-01
9506,0.5674,2026-02-01
9507,0.5591,2026-02-01
9508,0.3519,2026-03-01
9509,0.3553,2026-03-01
9510,0.3929,2026-04-01
9511,0.399,2026-04-01
9512,0.2789,2026-05-01
9513,0.2762,2026-05-01
9514,0.2704,2026-06-01
9515,0.2673,2026-06-01
9516,0.2455,2026-07-01
9517,0.2557,2026-07-01
9518,0.1966,2026-08-01
9519,0.1914,2026-08-01
9520,0.2885,2026-09-01
9521,0.2895,2026-09-01
9550,0.2096,2025-11-01
9551,0.2077,2025-11-01
9552,0.4411,2025-12-01
9553,0.4541,2025-12-01
9554,0.3841,2026-01-01
9555,0.4039,2026-01-01
9556,0.5617,2026-02-01
9557,0.5592,2026-02-01
9558,0.3484,2026-03-01
9559,0.355,2026-03-01
9560,0.3893,2026-04-01
9561,0.3989,2026-04-01
9562,0.2719,2026-05-01
9563,0.2765,2026-05-01
9564,0.2753,2026-06-01
9565,0.2671,2026-06-01
9566,0.2535,2026-07-01
9567,0.2558,2026-07-01
9568,0.2023,2026-08-01
9569,0.1913,2026-08-01
9570,0.2978,2026-09-01
9571,0.2899,2026-09-01
9600,0.1979,2025-11-01
9601,0.2056,2025-11-01
9602,0.4175,2025-12-01
9603,0.4338,2025-12-01
9604,0.383,2026-01-01
9605,0.3925,2026-01-01
9606,0.5622,2026-02-01
9607,0.558,2026-02-01
9608,0.3483,2026-03-01
9609,0.3538,2026-03-01
9610,0.4005,2026-04-01
9611,0.3984,2026-04-01
9612,0.2711,2026-05-01
9613,0.2747,2026-05-01
9614,0.2721,2026-06-01
9615,0.2692,2026-06-01
9616,0.2223,2026-07-01
9617,0.2313,2026-07-01
9618,0.2316,2026-08-01
9619,0.2193,2026-08-01
9620,0.2858,2026-09-01
9621,0.2905,2026-09-01
9650,0.1994,2025-11-01
9651,0.2023,2025-11-01
9652,0.4131,2025-12-01
9653,0.4299,2025-12-01
9654,0.3906,2026-01-01
9655,0.3912,2026-01-01
9656,0.5606,2026-02-01
9657,0.5568,2026-02-01
9658,0.351,2026-03-01
9659,0.3534,2026-03-01
9660,0.4018,2026-04-01
9661,0.3988,2026-04-01
9662,0.2731,2026-05-01
9663,0.2734,2026-05-01
9664,0.2672,2026-06-01
9665,0.2687,2026-06-01
9666,0.2195,2026-07-01
9667,0.2297,2026-07-01
9668,0.2351,2026-08-01
9669,0.2229,2026-08-01
9670,0.2869,2026-09-01
9671,0.2914,2026-09-01
9700,0.1998,2025-11-01
9701,0.2025,2025-11-01
9702,0.4133,2025-12-01
9703,0.4278,2025-12-01
9704,0.3865,2026-01-01
9705,0.391,2026-01-01
9706,0.5619,2026-02-01
9707,0.5566,2026-02-01
9708,0.3552,2026-03-01
9709,0.3542,2026-03-01
9710,0.4025,2026-04-01
9711,0.3993,2026-04-01
9712,0.2761,2026-05-01
9713,0.2729,2026-05-01
9714,0.2659,2026-06-01
9715,0.2694,2026-06-01
9716,0.2171,2026-07-01
9717,0.228,2026-07-01
9718,0.2357,2026-08-01
9719,0.2249,2026-08-01
9720,0.2897,2026-09-01
9721,0.2919,2026-09-01
9750,0.4199,2025-12-01
9751,0.4297,2025-12-01
9752,0.3782,2026-01-01
9753,0.3854,2026-01-01
9754,0.5612,2026-02-01
9755,0.555,2026-02-01
9756,0.3552,2026-03-01
9757,0.3556,2026-03-01
9758,0.4017,2026-04-01
9759,0.3975,2026-04-01
9760,0.2744,2026-05-01
9761,0.2738,2026-05-01
9762,0.2684,2026-06-01
9763,0.2682,2026-06-01
9764,0.2141,2026-07-01
9765,0.2235,2026-07-01
9766,0.2367,2026-08-01
9767,0.2274,2026-08-01
9768,0.2895,2026-09-01
9769,0.2924,2026-09-01
9800,0.4202,2025-12-01
9801,0.429,2025-12-01
9802,0.3774,2026-01-01
9803,0.3847,2026-01-01
9804,0.56,2026-02-01
9805,0.5545,2026-02-01
9806,0.3566,2026-03-01
9807,0.3556,2026-03-01
9808,0.4017,2026-04-01
9809,0.3974,2026-04-01
9810,0.2754,2026-05-01
9811,0.2734,2026-05-01
9812,0.2695,2026-06-01
9813,0.2682,2026-06-01
9814,0.2159,2026-07-01
9815,0.2234,2026-07-01
9816,0.2356,2026-08-01
9817,0.2274,2026-08-01
9818,0.2909,2026-09-01
9819,0.292,2026-09-01
9850,0.4224,2025-12-01
9851,0.4247,2025-12-01
9852,0.3586,2026-01-01
9853,0.382,2026-01-01
9854,0.5548,2026-02-01
9855,0.5535,2026-02-01
9856,0.3756,2026-03-01
9857,0.3566,2026-03-01
9858,0.3977,2026-04-01
9859,0.398,2026-04-01
9860,0.276,2026-05-01
9861,0.2732,2026-05-01
9862,0.2666,2026-06-01
9863,0.2687,2026-06-01
9864,0.1845,2026-07-01
9865,0.2171,2026-07-01
9866,0.2728,2026-08-01
9867,0.235,2026-08-01
9868,0.2853,2026-09-01
9869,0.2908,2026-09-01
9900,0.4154,2025-12-01
9901,0.4225,2025-12-01
9902,0.3503,2026-01-01
9903,0.3789,2026-01-01
9904,0.553,2026-02-01
9905,0.5522,2026-02-01
9906,0.369,2026-03-01
9907,0.3562,2026-03-01
9908,0.3913,2026-04-01
9909,0.3968,2026-04-01
9910,0.2748,2026-05-01
9911,0.2741,2026-05-01
9912,0.2712,2026-06-01
9913,0.2684,2026-06-01
9914,0.1687,2026-07-01
9915,0.2129,2026-07-01
9916,0.2852,2026-08-01
9917,0.2371,2026-08-01
9918,0.2774,2026-09-01
9919,0.2881,2026-09-01
9950,0.4033,2025-12-01
9951,0.4189,2025-12-01
9952,0.3495,2026-01-01
9953,0.3763,2026-01-01
9954,0.5536,2026-02-01
9955,0.5518,2026-02-01
9956,0.3627,2026-03-01
9957,0.3567,2026-03-01
9958,0.3917,2026-04-01
9959,0.3973,2026-04-01
9960,0.2719,2026-05-01
9961,0.2737,2026-05-01
9962,0.2714,2026-06-01
9963,0.2684,2026-06-01
9964,0.1796,2026-07-01
9965,0.2128,2026-07-01
9966,0.2817,2026-08-01
9967,0.2371,2026-08-01
9968,0.2731,2026-09-01
9969,0.2882,2026-09-01
