,Data,Media,DataReferencia
0,2025-03-05,1.3008,2025-02-01
1,2025-03-05,1.331,2025-02-01
2,2025-03-05,0.526,2025-03-01
3,2025-03-05,0.5111,2025-03-01
4,2025-03-05,0.4754,2025-04-01
5,2025-03-05,0.4932,2025-04-01
6,2025-03-05,0.3568,2025-05-01
7,2025-03-05,0.3516,2025-05-01
8,2025-03-05,0.3292,2025-06-01
9,2025-03-05,0.318,2025-06-01
10,2025-03-05,0.3257,2025-07-01
11,2025-03-05,0.3361,2025-07-01
12,2025-03-05,0.2361,2025-08-01
13,2025-03-05,0.2551,2025-08-01
14,2025-03-05,0.3283,2025-09-01
15,2025-03-05,0.3399,2025-09-01
16,2025-03-05,0.4038,2025-10-01
17,2025-03-05,0.4253,2025-10-01
18,2025-03-05,0.3585,2025-11-01
19,2025-03-05,0.3685,2025-11-01
20,2025-03-05,0.5843,2025-12-01
21,2025-03-05,0.5889,2025-12-01
22,2025-03-05,0.4361,2026-01-01
23,2025-03-05,0.4461,2026-01-01
24,2025-03-05,0.5672,2026-02-01
25,2025-03-05,0.6082,2026-02-01
26,2025-03-05,0.3833,2026-03-01
27,2025-03-05,0.3867,2026-03-01
28,2025-03-05,0.3826,2026-04-01
29,2025-03-05,0.3943,2026-04-01
30,2025-03-05,0.2985,2026-05-01
31,2025-03-05,0.2976,2026-05-01
32,2025-03-05,0.2584,2026-06-01
33,2025-03-05,0.2481,2026-06-01
34,2025-03-05,0.1984,2026-07-01
35,2025-03-05,0.2384,2026-07-01
36,2025-03-05,0.185,2026-08-01
37,2025-03-05,0.1968,2026-08-01
38,2025-03-05,0.284,2026-09-01
39,2025-03-05,0.2927,2026-09-01
40,2025-03-05,0.3511,2026-10-01
41,2025-03-05,0.3761,2026-10-01
42,2025-03-05,0.3166,2026-11-01
43,2025-03-05,0.3276,2026-11-01
44,2025-03-05,0.5848,2026-12-01
45,2025-03-05,0.552,2026-12-01
46,2025-03-05,0.4038,2027-01-01
47,2025-03-05,0.4104,2027-01-01
48,2025-03-05,0.5711,2027-02-01
49,2025-03-05,0.5862,2027-02-01
50,2025-03-06,1.3015,2025-02-01
51,2025-03-06,1.3294,2025-02-01
52,2025-03-06,0.5367,2025-03-01
53,2025-03-06,0.5112,2025-03-01
54,2025-03-06,0.4733,2025-04-01
55,2025-03-06,0.4935,2025-04-01
56,2025-03-06,0.3581,2025-05-01
57,2025-03-06,0.3519,2025-05-01
58,2025-03-06,0.3386,2025-06-01
59,2025-03-06,0.3185,2025-06-01
60,2025-03-06,0.3395,2025-07-01
61,2025-03-06,0.3367,2025-07-01
62,2025-03-06,0.2462,2025-08-01
63,2025-03-06,0.2533,2025-08-01
64,2025-03-06,0.3354,2025-09-01
65,2025-03-06,0.3402,2025-09-01
66,2025-03-06,0.4062,2025-10-01
67,2025-03-06,0.4255,2025-10-01
68,2025-03-06,0.3546,2025-11-01
69,2025-03-06,0.3682,2025-11-01
70,2025-03-06,0.5778,2025-12-01
71,2025-03-06,0.5906,2025-12-01
72,2025-03-06,0.4324,2026-01-01
73,2025-03-06,0.4469,2026-01-01
74,2025-03-06,0.5682,2026-02-01
75,2025-03-06,0.6086,2026-02-01
76,2025-03-06,0.3903,2026-03-01
77,2025-03-06,0.3865,2026-03-01
78,2025-03-06,0.3941,2026-04-01
79,2025-03-06,0.3953,2026-04-01
80,2025-03-06,0.2982,2026-05-01
81,2025-03-06,0.2976,2026-05-01
82,2025-03-06,0.2661,2026-06-01
83,2025-03-06,0.2481,2026-06-01
84,2025-03-06,0.2047,2026-07-01
85,2025-03-06,0.2387,2026-07-01
86,2025-03-06,0.1964,2026-08-01
87,2025-03-06,0.1959,2026-08-01
88,2025-03-06,0.2934,2026-09-01
89,2025-03-06,0.2931,2026-09-01
90,2025-03-06,0.352,2026-10-01
91,2025-03-06,0.3755,2026-10-01
92,2025-03-06,0.3109,2026-11-01
93,2025-03-06,0.3266,2026-11-01
94,2025-03-06,0.5902,2026-12-01
95,2025-03-06,0.5517,2026-12-01
96,2025-03-06,0.3973,2027-01-01
97,2025-03-06,0.4104,2027-01-01
98,2025-03-06,0.5677,2027-02-01
99,2025-03-06,0.5862,2027-02-01
100,2025-03-07,1.3001,2025-02-01
101,2025-03-07,1.3262,2025-02-01
102,2025-03-07,0.5311,2025-03-01
103,2025-03-07,0.5109,2025-03-01
104,2025-03-07,0.4563,2025-04-01
105,2025-03-07,0.4914,2025-04-01
106,2025-03-07,0.3626,2025-05-01
107,2025-03-07,0.3558,2025-05-01
108,2025-03-07,0.3402,2025-06-01
109,2025-03-07,0.3208,2025-06-01
110,2025-03-07,0.3391,2025-07-01
111,2025-03-07,0.3389,2025-07-01
112,2025-03-07,0.2424,2025-08-01
113,2025-03-07,0.2562,2025-08-01
114,2025-03-07,0.3388,2025-09-01
115,2025-03-07,0.3405,2025-09-01
116,2025-03-07,0.4103,2025-10-01
117,2025-03-07,0.4242,2025-10-01
118,2025-03-07,0.3498,2025-11-01
119,2025-03-07,0.3674,2025-11-01
120,2025-03-07,0.5799,2025-12-01
121,2025-03-07,0.5888,2025-12-01
122,2025-03-07,0.421,2026-01-01
123,2025-03-07,0.4476,2026-01-01
124,2025-03-07,0.5916,2026-02-01
125,2025-03-07,0.6107,2026-02-01
126,2025-03-07,0.3866,2026-03-01
127,2025-03-07,0.3851,2026-03-01
128,2025-03-07,0.3574,2026-04-01
129,2025-03-07,0.3935,2026-04-01
130,2025-03-07,0.2961,2026-05-01
131,2025-03-07,0.2976,2026-05-01
132,2025-03-07,0.2488,2026-06-01
133,2025-03-07,0.2481,2026-06-01
134,2025-03-07,0.1985,2026-07-01
135,2025-03-07,0.2386,2026-07-01
136,2025-03-07,0.1859,2026-08-01
137,2025-03-07,0.1961,2026-08-01
138,2025-03-07,0.2822,2026-09-01
139,2025-03-07,0.2933,2026-09-01
140,2025-03-07,0.3502,2026-10-01
141,2025-03-07,0.375,2026-10-01
142,2025-03-07,0.3059,2026-11-01
143,2025-03-07,0.3264,2026-11-01
144,2025-03-07,0.5743,2026-12-01
145,2025-03-07,0.5521,2026-12-01
146,2025-03-07,0.3954,2027-01-01
147,2025-03-07,0.4125,2027-01-01
148,2025-03-07,0.6103,2027-02-01
149,2025-03-07,0.5867,2027-02-01
150,2025-03-10,1.3035,2025-02-01
151,2025-03-10,1.3301,2025-02-01
152,2025-03-10,0.5282,2025-03-01
153,2025-03-10,0.5122,2025-03-01
154,2025-03-10,0.4608,2025-04-01
155,2025-03-10,0.4899,2025-04-01
156,2025-03-10,0.3703,2025-05-01
157,2025-03-10,0.3559,2025-05-01
158,2025-03-10,0.3445,2025-06-01
159,2025-03-10,0.3199,2025-06-01
160,2025-03-10,0.3451,2025-07-01
161,2025-03-10,0.3397,2025-07-01
162,2025-03-10,0.246,2025-08-01
163,2025-03-10,0.2556,2025-08-01
164,2025-03-10,0.3474,2025-09-01
165,2025-03-10,0.3404,2025-09-01
166,2025-03-10,0.4158,2025-10-01
167,2025-03-10,0.4243,2025-10-01
168,2025-03-10,0.3485,2025-11-01
169,2025-03-10,0.3673,2025-11-01
170,2025-03-10,0.5837,2025-12-01
171,2025-03-10,0.5883,2025-12-01
172,2025-03-10,0.4337,2026-01-01
173,2025-03-10,0.4475,2026-01-01
174,2025-03-10,0.6049,2026-02-01
175,2025-03-10,0.6101,2026-02-01
176,2025-03-10,0.3937,2026-03-01
177,2025-03-10,0.3849,2026-03-01
178,2025-03-10,0.3708,2026-04-01
179,2025-03-10,0.3947,2026-04-01
180,2025-03-10,0.3006,2026-05-01
181,2025-03-10,0.2976,2026-05-01
182,2025-03-10,0.257,2026-06-01
183,2025-03-10,0.249,2026-06-01
184,2025-03-10,0.2182,2026-07-01
185,2025-03-10,0.239,2026-07-01
186,2025-03-10,0.1874,2026-08-01
187,2025-03-10,0.1946,2026-08-01
188,2025-03-10,0.2853,2026-09-01
189,2025-03-10,0.2926,2026-09-01
190,2025-03-10,0.3585,2026-10-01
191,2025-03-10,0.3739,2026-10-01
192,2025-03-10,0.298,2026-11-01
193,2025-03-10,0.3246,2026-11-01
194,2025-03-10,0.5629,2026-12-01
195,2025-03-10,0.5523,2026-12-01
196,2025-03-10,0.3991,2027-01-01
197,2025-03-10,0.413,2027-01-01
198,2025-03-10,0.6151,2027-02-01
199,2025-03-10,0.5887,2027-02-01
200,2025-03-11,1.3042,2025-02-01
201,2025-03-11,1.3299,2025-02-01
202,2025-03-11,0.5276,2025-03-01
203,2025-03-11,0.5127,2025-03-01
204,2025-03-11,0.4559,2025-04-01
205,2025-03-11,0.4892,2025-04-01
206,2025-03-11,0.3669,2025-05-01
207,2025-03-11,0.356,2025-05-01
208,2025-03-11,0.3306,2025-06-01
209,2025-03-11,0.32,2025-06-01
210,2025-03-11,0.3344,2025-07-01
211,2025-03-11,0.3401,2025-07-01
212,2025-03-11,0.2374,2025-08-01
213,2025-03-11,0.2557,2025-08-01
214,2025-03-11,0.3422,2025-09-01
215,2025-03-11,0.341,2025-09-01
216,2025-03-11,0.4197,2025-10-01
217,2025-03-11,0.4242,2025-10-01
218,2025-03-11,0.3497,2025-11-01
219,2025-03-11,0.3672,2025-11-01
220,2025-03-11,0.5738,2025-12-01
221,2025-03-11,0.5887,2025-12-01
222,2025-03-11,0.4358,2026-01-01
223,2025-03-11,0.4472,2026-01-01
224,2025-03-11,0.6044,2026-02-01
225,2025-03-11,0.6105,2026-02-01
226,2025-03-11,0.389,2026-03-01
227,2025-03-11,0.3855,2026-03-01
228,2025-03-11,0.3587,2026-04-01
229,2025-03-11,0.3941,2026-04-01
230,2025-03-11,0.296,2026-05-01
231,2025-03-11,0.2975,2026-05-01
232,2025-03-11,0.2595,2026-06-01
233,2025-03-11,0.2489,2026-06-01
234,2025-03-11,0.2149,2026-07-01
235,2025-03-11,0.2392,2026-07-01
236,2025-03-11,0.1761,2026-08-01
237,2025-03-11,0.1942,2026-08-01
238,2025-03-11,0.2817,2026-09-01
239,2025-03-11,0.2924,2026-09-01
240,2025-03-11,0.3675,2026-10-01
241,2025-03-11,0.3737,2026-10-01
242,2025-03-11,0.2996,2026-11-01
243,2025-03-11,0.3243,2026-11-01
244,2025-03-11,0.568,2026-12-01
245,2025-03-11,0.5527,2026-12-01
246,2025-03-11,0.3884,2027-01-01
247,2025-03-11,0.413,2027-01-01
248,2025-03-11,0.6186,2027-02-01
249,2025-03-11,0.5887,2027-02-01
250,2025-03-12,0.5383,2025-03-01
251,2025-03-12,0.517,2025-03-01
252,2025-03-12,0.4752,2025-04-01
253,2025-03-12,0.4917,2025-04-01
254,2025-03-12,0.3624,2025-05-01
255,2025-03-12,0.3565,2025-05-01
256,2025-03-12,0.3188,2025-06-01
257,2025-03-12,0.3196,2025-06-01
258,2025-03-12,0.3393,2025-07-01
259,2025-03-12,0.3424,2025-07-01
260,2025-03-12,0.2277,2025-08-01
261,2025-03-12,0.2536,2025-08-01
262,2025-03-12,0.351,2025-09-01
263,2025-03-12,0.3415,2025-09-01
264,2025-03-12,0.4305,2025-10-01
265,2025-03-12,0.4232,2025-10-01
266,2025-03-12,0.3566,2025-11-01
267,2025-03-12,0.3672,2025-11-01
268,2025-03-12,0.5919,2025-12-01
269,2025-03-12,0.5907,2025-12-01
270,2025-03-12,0.4421,2026-01-01
271,2025-03-12,0.4482,2026-01-01
272,2025-03-12,0.6252,2026-02-01
273,2025-03-12,0.6115,2026-02-01
274,2025-03-12,0.3926,2026-03-01
275,2025-03-12,0.3864,2026-03-01
276,2025-03-12,0.3679,2026-04-01
277,2025-03-12,0.3947,2026-04-01
278,2025-03-12,0.2978,2026-05-01
279,2025-03-12,0.2977,2026-05-01
280,2025-03-12,0.2598,2026-06-01
281,2025-03-12,0.2502,2026-06-01
282,2025-03-12,0.2125,2026-07-01
283,2025-03-12,0.2402,2026-07-01
284,2025-03-12,0.1685,2026-08-01
285,2025-03-12,0.1946,2026-08-01
286,2025-03-12,0.2854,2026-09-01
287,2025-03-12,0.2924,2026-09-01
288,2025-03-12,0.3754,2026-10-01
289,2025-03-12,0.3743,2026-10-01
290,2025-03-12,0.3132,2026-11-01
291,2025-03-12,0.3241,2026-11-01
292,2025-03-12,0.5207,2026-12-01
293,2025-03-12,0.551,2026-12-01
294,2025-03-12,0.4191,2027-01-01
295,2025-03-12,0.4153,2027-01-01
296,2025-03-12,0.6413,2027-02-01
297,2025-03-12,0.5871,2027-02-01
298,2025-03-12,0.3424,2027-03-01
299,2025-03-12,0.3424,2027-03-01
300,2025-03-13,0.5391,2025-03-01
301,2025-03-13,0.5199,2025-03-01
302,2025-03-13,0.4774,2025-04-01
303,2025-03-13,0.4912,2025-04-01
304,2025-03-13,0.3638,2025-05-01
305,2025-03-13,0.358,2025-05-01
306,2025-03-13,0.3195,2025-06-01
307,2025-03-13,0.3212,2025-06-01
308,2025-03-13,0.3419,2025-07-01
309,2025-03-13,0.343,2025-07-01
310,2025-03-13,0.2324,2025-08-01
311,2025-03-13,0.2544,2025-08-01
312,2025-03-13,0.3528,2025-09-01
313,2025-03-13,0.3426,2025-09-01
314,2025-03-13,0.4275,2025-10-01
315,2025-03-13,0.4234,2025-10-01
316,2025-03-13,0.3551,2025-11-01
317,2025-03-13,0.3684,2025-11-01
318,2025-03-13,0.5862,2025-12-01
319,2025-03-13,0.5908,2025-12-01
320,2025-03-13,0.4342,2026-01-01
321,2025-03-13,0.4502,2026-01-01
322,2025-03-13,0.6301,2026-02-01
323,2025-03-13,0.6079,2026-02-01
324,2025-03-13,0.3846,2026-03-01
325,2025-03-13,0.3855,2026-03-01
326,2025-03-13,0.3625,2026-04-01
327,2025-03-13,0.3947,2026-04-01
328,2025-03-13,0.2883,2026-05-01
329,2025-03-13,0.2973,2026-05-01
330,2025-03-13,0.2539,2026-06-01
331,2025-03-13,0.2505,2026-06-01
332,2025-03-13,0.2207,2026-07-01
333,2025-03-13,0.2419,2026-07-01
334,2025-03-13,0.1687,2026-08-01
335,2025-03-13,0.1932,2026-08-01
336,2025-03-13,0.2832,2026-09-01
337,2025-03-13,0.2928,2026-09-01
338,2025-03-13,0.3692,2026-10-01
339,2025-03-13,0.374,2026-10-01
340,2025-03-13,0.3009,2026-11-01
341,2025-03-13,0.3222,2026-11-01
342,2025-03-13,0.5122,2026-12-01
343,2025-03-13,0.5508,2026-12-01
344,2025-03-13,0.4108,2027-01-01
345,2025-03-13,0.4196,2027-01-01
346,2025-03-13,0.6234,2027-02-01
347,2025-03-13,0.5842,2027-02-01
348,2025-03-13,0.3401,2027-03-01
349,2025-03-13,0.3401,2027-03-01
350,2025-03-14,0.5582,2025-03-01
351,2025-03-14,0.5483,2025-03-01
352,2025-03-14,0.4826,2025-04-01
353,2025-03-14,0.4818,2025-04-01
354,2025-03-14,0.3686,2025-05-01
355,2025-03-14,0.3696,2025-05-01
356,2025-03-14,0.3247,2025-06-01
357,2025-03-14,0.3266,2025-06-01
358,2025-03-14,0.3441,2025-07-01
359,2025-03-14,0.3419,2025-07-01
360,2025-03-14,0.2805,2025-08-01
361,2025-03-14,0.2789,2025-08-01
362,2025-03-14,0.3354,2025-09-01
363,2025-03-14,0.3328,2025-09-01
364,2025-03-14,0.4137,2025-10-01
365,2025-03-14,0.4127,2025-10-01
366,2025-03-14,0.3575,2025-11-01
367,2025-03-14,0.3593,2025-11-01
368,2025-03-14,0.5818,2025-12-01
369,2025-03-14,0.577,2025-12-01
370,2025-03-14,0.4567,2026-01-01
371,2025-03-14,0.4522,2026-01-01
372,2025-03-14,0.6235,2026-02-01
373,2025-03-14,0.6095,2026-02-01
374,2025-03-14,0.3867,2026-03-01
375,2025-03-14,0.387,2026-03-01
376,2025-03-14,0.4026,2026-04-01
377,2025-03-14,0.398,2026-04-01
378,2025-03-14,0.3022,2026-05-01
379,2025-03-14,0.3007,2026-05-01
380,2025-03-14,0.2538,2026-06-01
381,2025-03-14,0.2506,2026-06-01
382,2025-03-14,0.2483,2026-07-01
383,2025-03-14,0.2454,2026-07-01
384,2025-03-14,0.1971,2026-08-01
385,2025-03-14,0.1952,2026-08-01
386,2025-03-14,0.2957,2026-09-01
387,2025-03-14,0.2913,2026-09-01
388,2025-03-14,0.3791,2026-10-01
389,2025-03-14,0.3742,2026-10-01
390,2025-03-14,0.3266,2026-11-01
391,2025-03-14,0.3263,2026-11-01
392,2025-03-14,0.5463,2026-12-01
393,2025-03-14,0.5598,2026-12-01
394,2025-03-14,0.429,2027-01-01
395,2025-03-14,0.4176,2027-01-01
396,2025-03-14,0.6099,2027-02-01
397,2025-03-14,0.5984,2027-02-01
398,2025-03-14,0.3807,2027-03-01
399,2025-03-14,0.3807,2027-03-01
400,2025-03-17,0.5591,2025-03-01
401,2025-03-17,0.5485,2025-03-01
402,2025-03-17,0.4817,2025-04-01
403,2025-03-17,0.48,2025-04-01
404,2025-03-17,0.3689,2025-05-01
405,2025-03-17,0.3704,2025-05-01
406,2025-03-17,0.3217,2025-06-01
407,2025-03-17,0.3266,2025-06-01
408,2025-03-17,0.3408,2025-07-01
409,2025-03-17,0.3421,2025-07-01
410,2025-03-17,0.2793,2025-08-01
411,2025-03-17,0.2791,2025-08-01
412,2025-03-17,0.3324,2025-09-01
413,2025-03-17,0.3333,2025-09-01
414,2025-03-17,0.4113,2025-10-01
415,2025-03-17,0.4124,2025-10-01
416,2025-03-17,0.3572,2025-11-01
417,2025-03-17,0.3591,2025-11-01
418,2025-03-17,0.5802,2025-12-01
419,2025-03-17,0.5753,2025-12-01
420,2025-03-17,0.4578,2026-01-01
421,2025-03-17,0.4522,2026-01-01
422,2025-03-17,0.6252,2026-02-01
423,2025-03-17,0.6095,2026-02-01
424,2025-03-17,0.3892,2026-03-01
425,2025-03-17,0.387,2026-03-01
426,2025-03-17,0.4051,2026-04-01
427,2025-03-17,0.398,2026-04-01
428,2025-03-17,0.3015,2026-05-01
429,2025-03-17,0.3007,2026-05-01
430,2025-03-17,0.2541,2026-06-01
431,2025-03-17,0.2506,2026-06-01
432,2025-03-17,0.248,2026-07-01
433,2025-03-17,0.2454,2026-07-01
434,2025-03-17,0.1965,2026-08-01
435,2025-03-17,0.1952,2026-08-01
436,2025-03-17,0.2953,2026-09-01
437,2025-03-17,0.2913,2026-09-01
438,2025-03-17,0.3809,2026-10-01
439,2025-03-17,0.3742,2026-10-01
440,2025-03-17,0.3255,2026-11-01
441,2025-03-17,0.3263,2026-11-01
442,2025-03-17,0.5478,2026-12-01
443,2025-03-17,0.5598,2026-12-01
444,2025-03-17,0.4293,2027-01-01
445,2025-03-17,0.4176,2027-01-01
446,2025-03-17,0.6082,2027-02-01
447,2025-03-17,0.5984,2027-02-01
448,2025-03-17,0.3826,2027-03-01
449,2025-03-17,0.3826,2027-03-01
450,2025-03-18,0.5589,2025-03-01
451,2025-03-18,0.5485,2025-03-01
452,2025-03-18,0.4808,2025-04-01
453,2025-03-18,0.4791,2025-04-01
454,2025-03-18,0.3692,2025-05-01
455,2025-03-18,0.37,2025-05-01
456,2025-03-18,0.3226,2025-06-01
457,2025-03-18,0.3272,2025-06-01
458,2025-03-18,0.3397,2025-07-01
459,2025-03-18,0.342,2025-07-01
460,2025-03-18,0.2797,2025-08-01
461,2025-03-18,0.2793,2025-08-01
462,2025-03-18,0.3317,2025-09-01
463,2025-03-18,0.3335,2025-09-01
464,2025-03-18,0.4099,2025-10-01
465,2025-03-18,0.4115,2025-10-01
466,2025-03-18,0.3567,2025-11-01
467,2025-03-18,0.3593,2025-11-01
468,2025-03-18,0.5789,2025-12-01
469,2025-03-18,0.5748,2025-12-01
470,2025-03-18,0.4596,2026-01-01
471,2025-03-18,0.4533,2026-01-01
472,2025-03-18,0.6244,2026-02-01
473,2025-03-18,0.6093,2026-02-01
474,2025-03-18,0.3877,2026-03-01
475,2025-03-18,0.386,2026-03-01
476,2025-03-18,0.4037,2026-04-01
477,2025-03-18,0.3967,2026-04-01
478,2025-03-18,0.3002,2026-05-01
479,2025-03-18,0.3002,2026-05-01
480,2025-03-18,0.2535,2026-06-01
481,2025-03-18,0.2507,2026-06-01
482,2025-03-18,0.2474,2026-07-01
483,2025-03-18,0.2458,2026-07-01
484,2025-03-18,0.1971,2026-08-01
485,2025-03-18,0.1965,2026-08-01
486,2025-03-18,0.2952,2026-09-01
487,2025-03-18,0.2915,2026-09-01
488,2025-03-18,0.379,2026-10-01
489,2025-03-18,0.3734,2026-10-01
490,2025-03-18,0.3242,2026-11-01
491,2025-03-18,0.3262,2026-11-01
492,2025-03-18,0.5467,2026-12-01
493,2025-03-18,0.5587,2026-12-01
494,2025-03-18,0.4323,2027-01-01
495,2025-03-18,0.418,2027-01-01
496,2025-03-18,0.6032,2027-02-01
497,2025-03-18,0.5956,2027-02-01
498,2025-03-18,0.3789,2027-03-01
499,2025-03-18,0.3789,2027-03-01
500,2025-03-19,0.5591,2025-03-01
501,2025-03-19,0.5487,2025-03-01
502,2025-03-19,0.4776,2025-04-01
503,2025-03-19,0.4791,2025-04-01
504,2025-03-19,0.3717,2025-05-01
505,2025-03-19,0.37,2025-05-01
506,2025-03-19,0.3268,2025-06-01
507,2025-03-19,0.3272,2025-06-01
508,2025-03-19,0.3393,2025-07-01
509,2025-03-19,0.342,2025-07-01
510,2025-03-19,0.2864,2025-08-01
511,2025-03-19,0.2793,2025-08-01
512,2025-03-19,0.3288,2025-09-01
513,2025-03-19,0.3335,2025-09-01
514,2025-03-19,0.4068,2025-10-01
515,2025-03-19,0.4115,2025-10-01
516,2025-03-19,0.3546,2025-11-01
517,2025-03-19,0.3593,2025-11-01
518,2025-03-19,0.5776,2025-12-01
519,2025-03-19,0.5748,2025-12-01
520,2025-03-19,0.4606,2026-01-01
521,2025-03-19,0.4533,2026-01-01
522,2025-03-19,0.6301,2026-02-01
523,2025-03-19,0.6093,2026-02-01
524,2025-03-19,0.3864,2026-03-01
525,2025-03-19,0.386,2026-03-01
526,2025-03-19,0.4039,2026-04-01
527,2025-03-19,0.3967,2026-04-01
528,2025-03-19,0.2995,2026-05-01
529,2025-03-19,0.3002,2026-05-01
530,2025-03-19,0.2529,2026-06-01
531,2025-03-19,0.2507,2026-06-01
532,2025-03-19,0.2508,2026-07-01
533,2025-03-19,0.2458,2026-07-01
534,2025-03-19,0.2007,2026-08-01
535,2025-03-19,0.1965,2026-08-01
536,2025-03-19,0.2964,2026-09-01
537,2025-03-19,0.2915,2026-09-01
538,2025-03-19,0.3794,2026-10-01
539,2025-03-19,0.3734,2026-10-01
540,2025-03-19,0.3217,2026-11-01
541,2025-03-19,0.3262,2026-11-01
542,2025-03-19,0.5531,2026-12-01
543,2025-03-19,0.5618,2026-12-01
544,2025-03-19,0.4323,2027-01-01
545,2025-03-19,0.418,2027-01-01
546,2025-03-19,0.6055,2027-02-01
547,2025-03-19,0.5962,2027-02-01
548,2025-03-19,0.3779,2027-03-01
549,2025-03-19,0.3792,2027-03-01
550,2025-03-20,0.5645,2025-03-01
551,2025-03-20,0.5517,2025-03-01
552,2025-03-20,0.4776,2025-04-01
553,2025-03-20,0.4794,2025-04-01
554,2025-03-20,0.3733,2025-05-01
555,2025-03-20,0.3698,2025-05-01
556,2025-03-20,0.3304,2025-06-01
557,2025-03-20,0.3266,2025-06-01
558,2025-03-20,0.3401,2025-07-01
559,2025-03-20,0.3416,2025-07-01
560,2025-03-20,0.2878,2025-08-01
561,2025-03-20,0.2794,2025-08-01
562,2025-03-20,0.3294,2025-09-01
563,2025-03-20,0.3335,2025-09-01
564,2025-03-20,0.4019,2025-10-01
565,2025-03-20,0.4111,2025-10-01
566,2025-03-20,0.3509,2025-11-01
567,2025-03-20,0.3594,2025-11-01
568,2025-03-20,0.5808,2025-12-01
569,2025-03-20,0.5749,2025-12-01
570,2025-03-20,0.463,2026-01-01
571,2025-03-20,0.4528,2026-01-01
572,2025-03-20,0.6219,2026-02-01
573,2025-03-20,0.6103,2026-02-01
574,2025-03-20,0.3879,2026-03-01
575,2025-03-20,0.3864,2026-03-01
576,2025-03-20,0.4051,2026-04-01
577,2025-03-20,0.3963,2026-04-01
578,2025-03-20,0.3027,2026-05-01
579,2025-03-20,0.2997,2026-05-01
580,2025-03-20,0.2538,2026-06-01
581,2025-03-20,0.25,2026-06-01
582,2025-03-20,0.2465,2026-07-01
583,2025-03-20,0.245,2026-07-01
584,2025-03-20,0.2018,2026-08-01
585,2025-03-20,0.1965,2026-08-01
586,2025-03-20,0.2986,2026-09-01
587,2025-03-20,0.2919,2026-09-01
588,2025-03-20,0.3816,2026-10-01
589,2025-03-20,0.3737,2026-10-01
590,2025-03-20,0.3268,2026-11-01
591,2025-03-20,0.3271,2026-11-01
592,2025-03-20,0.5782,2026-12-01
593,2025-03-20,0.5611,2026-12-01
594,2025-03-20,0.4313,2027-01-01
595,2025-03-20,0.418,2027-01-01
596,2025-03-20,0.6042,2027-02-01
597,2025-03-20,0.5963,2027-02-01
598,2025-03-20,0.3801,2027-03-01
599,2025-03-20,0.3783,2027-03-01
600,2025-03-21,0.5731,2025-03-01
601,2025-03-21,0.5607,2025-03-01
602,2025-03-21,0.4792,2025-04-01
603,2025-03-21,0.482,2025-04-01
604,2025-03-21,0.3787,2025-05-01
605,2025-03-21,0.3721,2025-05-01
606,2025-03-21,0.3558,2025-06-01
607,2025-03-21,0.3334,2025-06-01
608,2025-03-21,0.3459,2025-07-01
609,2025-03-21,0.3496,2025-07-01
610,2025-03-21,0.2885,2025-08-01
611,2025-03-21,0.2818,2025-08-01
612,2025-03-21,0.3179,2025-09-01
613,2025-03-21,0.3252,2025-09-01
614,2025-03-21,0.4054,2025-10-01
615,2025-03-21,0.4081,2025-10-01
616,2025-03-21,0.3207,2025-11-01
617,2025-03-21,0.3477,2025-11-01
618,2025-03-21,0.5561,2025-12-01
619,2025-03-21,0.566,2025-12-01
620,2025-03-21,0.4501,2026-01-01
621,2025-03-21,0.4548,2026-01-01
622,2025-03-21,0.6086,2026-02-01
623,2025-03-21,0.6082,2026-02-01
624,2025-03-21,0.3849,2026-03-01
625,2025-03-21,0.3856,2026-03-01
626,2025-03-21,0.4069,2026-04-01
627,2025-03-21,0.4016,2026-04-01
628,2025-03-21,0.2954,2026-05-01
629,2025-03-21,0.2984,2026-05-01
630,2025-03-21,0.2632,2026-06-01
631,2025-03-21,0.2499,2026-06-01
632,2025-03-21,0.2469,2026-07-01
633,2025-03-21,0.2471,2026-07-01
634,2025-03-21,0.2002,2026-08-01
635,2025-03-21,0.1965,2026-08-01
636,2025-03-21,0.2995,2026-09-01
637,2025-03-21,0.2927,2026-09-01
638,2025-03-21,0.3846,2026-10-01
639,2025-03-21,0.3749,2026-10-01
640,2025-03-21,0.3282,2026-11-01
641,2025-03-21,0.3281,2026-11-01
642,2025-03-21,0.5669,2026-12-01
643,2025-03-21,0.5608,2026-12-01
644,2025-03-21,0.4278,2027-01-01
645,2025-03-21,0.4177,2027-01-01
646,2025-03-21,0.5842,2027-02-01
647,2025-03-21,0.5943,2027-02-01
648,2025-03-21,0.3739,2027-03-01
649,2025-03-21,0.3722,2027-03-01
650,2025-03-24,0.5755,2025-03-01
651,2025-03-24,0.5636,2025-03-01
652,2025-03-24,0.4787,2025-04-01
653,2025-03-24,0.4798,2025-04-01
654,2025-03-24,0.3773,2025-05-01
655,2025-03-24,0.3707,2025-05-01
656,2025-03-24,0.3553,2025-06-01
657,2025-03-24,0.3342,2025-06-01
658,2025-03-24,0.3432,2025-07-01
659,2025-03-24,0.3483,2025-07-01
660,2025-03-24,0.2892,2025-08-01
661,2025-03-24,0.2794,2025-08-01
662,2025-03-24,0.3173,2025-09-01
663,2025-03-24,0.3226,2025-09-01
664,2025-03-24,0.404,2025-10-01
665,2025-03-24,0.4069,2025-10-01
666,2025-03-24,0.3217,2025-11-01
667,2025-03-24,0.3443,2025-11-01
668,2025-03-24,0.554,2025-12-01
669,2025-03-24,0.5626,2025-12-01
670,2025-03-24,0.4474,2026-01-01
671,2025-03-24,0.454,2026-01-01
672,2025-03-24,0.6106,2026-02-01
673,2025-03-24,0.6085,2026-02-01
674,2025-03-24,0.3882,2026-03-01
675,2025-03-24,0.3871,2026-03-01
676,2025-03-24,0.4067,2026-04-01
677,2025-03-24,0.4021,2026-04-01
678,2025-03-24,0.2922,2026-05-01
679,2025-03-24,0.298,2026-05-01
680,2025-03-24,0.2583,2026-06-01
681,2025-03-24,0.2514,2026-06-01
682,2025-03-24,0.2474,2026-07-01
683,2025-03-24,0.2491,2026-07-01
684,2025-03-24,0.1967,2026-08-01
685,2025-03-24,0.1976,2026-08-01
686,2025-03-24,0.2956,2026-09-01
687,2025-03-24,0.2929,2026-09-01
688,2025-03-24,0.3863,2026-10-01
689,2025-03-24,0.3761,2026-10-01
690,2025-03-24,0.328,2026-11-01
691,2025-03-24,0.3253,2026-11-01
692,2025-03-24,0.5722,2026-12-01
693,2025-03-24,0.5608,2026-12-01
694,2025-03-24,0.4308,2027-01-01
695,2025-03-24,0.4215,2027-01-01
696,2025-03-24,0.5889,2027-02-01
697,2025-03-24,0.5877,2027-02-01
698,2025-03-24,0.3806,2027-03-01
699,2025-03-24,0.3747,2027-03-01
700,2025-03-25,0.5705,2025-03-01
701,2025-03-25,0.5611,2025-03-01
702,2025-03-25,0.4766,2025-04-01
703,2025-03-25,0.4782,2025-04-01
704,2025-03-25,0.3757,2025-05-01
705,2025-03-25,0.3695,2025-05-01
706,2025-03-25,0.3505,2025-06-01
707,2025-03-25,0.3311,2025-06-01
708,2025-03-25,0.3479,2025-07-01
709,2025-03-25,0.3509,2025-07-01
710,2025-03-25,0.2926,2025-08-01
711,2025-03-25,0.281,2025-08-01
712,2025-03-25,0.3176,2025-09-01
713,2025-03-25,0.3242,2025-09-01
714,2025-03-25,0.409,2025-10-01
715,2025-03-25,0.4092,2025-10-01
716,2025-03-25,0.3305,2025-11-01
717,2025-03-25,0.3474,2025-11-01
718,2025-03-25,0.5588,2025-12-01
719,2025-03-25,0.5666,2025-12-01
720,2025-03-25,0.4454,2026-01-01
721,2025-03-25,0.4539,2026-01-01
722,2025-03-25,0.6059,2026-02-01
723,2025-03-25,0.6056,2026-02-01
724,2025-03-25,0.3877,2026-03-01
725,2025-03-25,0.3866,2026-03-01
726,2025-03-25,0.4079,2026-04-01
727,2025-03-25,0.4024,2026-04-01
728,2025-03-25,0.2964,2026-05-01
729,2025-03-25,0.3,2026-05-01
730,2025-03-25,0.2649,2026-06-01
731,2025-03-25,0.2562,2026-06-01
732,2025-03-25,0.2502,2026-07-01
733,2025-03-25,0.2508,2026-07-01
734,2025-03-25,0.1974,2026-08-01
735,2025-03-25,0.1987,2026-08-01
736,2025-03-25,0.2949,2026-09-01
737,2025-03-25,0.2926,2026-09-01
738,2025-03-25,0.3861,2026-10-01
739,2025-03-25,0.3753,2026-10-01
740,2025-03-25,0.3294,2026-11-01
741,2025-03-25,0.3254,2026-11-01
742,2025-03-25,0.5697,2026-12-01
743,2025-03-25,0.5591,2026-12-01
744,2025-03-25,0.4249,2027-01-01
745,2025-03-25,0.4193,2027-01-01
746,2025-03-25,0.5839,2027-02-01
747,2025-03-25,0.5841,2027-02-01
748,2025-03-25,0.3789,2027-03-01
749,2025-03-25,0.3717,2027-03-01
750,2025-03-26,0.5715,2025-03-01
751,2025-03-26,0.5611,2025-03-01
752,2025-03-26,0.4764,2025-04-01
753,2025-03-26,0.4782,2025-04-01
754,2025-03-26,0.3754,2025-05-01
755,2025-03-26,0.3695,2025-05-01
756,2025-03-26,0.35,2025-06-01
757,2025-03-26,0.3311,2025-06-01
758,2025-03-26,0.3471,2025-07-01
759,2025-03-26,0.3509,2025-07-01
760,2025-03-26,0.2928,2025-08-01
761,2025-03-26,0.281,2025-08-01
762,2025-03-26,0.3171,2025-09-01
763,2025-03-26,0.3242,2025-09-01
764,2025-03-26,0.4085,2025-10-01
765,2025-03-26,0.4092,2025-10-01
766,2025-03-26,0.3294,2025-11-01
767,2025-03-26,0.3474,2025-11-01
768,2025-03-26,0.5582,2025-12-01
769,2025-03-26,0.5666,2025-12-01
770,2025-03-26,0.4454,2026-01-01
771,2025-03-26,0.4539,2026-01-01
772,2025-03-26,0.6061,2026-02-01
773,2025-03-26,0.6056,2026-02-01
774,2025-03-26,0.3878,2026-03-01
775,2025-03-26,0.3866,2026-03-01
776,2025-03-26,0.4079,2026-04-01
777,2025-03-26,0.4024,2026-04-01
778,2025-03-26,0.2964,2026-05-01
779,2025-03-26,0.3,2026-05-01
780,2025-03-26,0.2642,2026-06-01
781,2025-03-26,0.2562,2026-06-01
782,2025-03-26,0.2499,2026-07-01
783,2025-03-26,0.2508,2026-07-01
784,2025-03-26,0.1974,2026-08-01
785,2025-03-26,0.1987,2026-08-01
786,2025-03-26,0.2949,2026-09-01
787,2025-03-26,0.2926,2026-09-01
788,2025-03-26,0.386,2026-10-01
789,2025-03-26,0.3753,2026-10-01
790,2025-03-26,0.3289,2026-11-01
791,2025-03-26,0.3254,2026-11-01
792,2025-03-26,0.5705,2026-12-01
793,2025-03-26,0.5591,2026-12-01
794,2025-03-26,0.4242,2027-01-01
795,2025-03-26,0.4193,2027-01-01
796,2025-03-26,0.5839,2027-02-01
797,2025-03-26,0.5841,2027-02-01
798,2025-03-26,0.3789,2027-03-01
799,2025-03-26,0.3717,2027-03-01
800,2025-03-27,0.5686,2025-03-01
801,2025-03-27,0.5618,2025-03-01
802,2025-03-27,0.4743,2025-04-01
803,2025-03-27,0.4766,2025-04-01
804,2025-03-27,0.3752,2025-05-01
805,2025-03-27,0.3708,2025-05-01
806,2025-03-27,0.347,2025-06-01
807,2025-03-27,0.3324,2025-06-01
808,2025-03-27,0.3444,2025-07-01
809,2025-03-27,0.3489,2025-07-01
810,2025-03-27,0.2932,2025-08-01
811,2025-03-27,0.2818,2025-08-01
812,2025-03-27,0.3169,2025-09-01
813,2025-03-27,0.3249,2025-09-01
814,2025-03-27,0.4111,2025-10-01
815,2025-03-27,0.4074,2025-10-01
816,2025-03-27,0.3353,2025-11-01
817,2025-03-27,0.3472,2025-11-01
818,2025-03-27,0.5665,2025-12-01
819,2025-03-27,0.5675,2025-12-01
820,2025-03-27,0.447,2026-01-01
821,2025-03-27,0.4539,2026-01-01
822,2025-03-27,0.6123,2026-02-01
823,2025-03-27,0.606,2026-02-01
824,2025-03-27,0.3873,2026-03-01
825,2025-03-27,0.3874,2026-03-01
826,2025-03-27,0.411,2026-04-01
827,2025-03-27,0.4021,2026-04-01
828,2025-03-27,0.2969,2026-05-01
829,2025-03-27,0.2992,2026-05-01
830,2025-03-27,0.2661,2026-06-01
831,2025-03-27,0.2559,2026-06-01
832,2025-03-27,0.2551,2026-07-01
833,2025-03-27,0.2501,2026-07-01
834,2025-03-27,0.1972,2026-08-01
835,2025-03-27,0.1983,2026-08-01
836,2025-03-27,0.2956,2026-09-01
837,2025-03-27,0.292,2026-09-01
838,2025-03-27,0.3874,2026-10-01
839,2025-03-27,0.3765,2026-10-01
840,2025-03-27,0.3355,2026-11-01
841,2025-03-27,0.3278,2026-11-01
842,2025-03-27,0.5575,2026-12-01
843,2025-03-27,0.5595,2026-12-01
844,2025-03-27,0.4354,2027-01-01
845,2025-03-27,0.4193,2027-01-01
846,2025-03-27,0.5938,2027-02-01
847,2025-03-27,0.5841,2027-02-01
848,2025-03-27,0.38,2027-03-01
849,2025-03-27,0.372,2027-03-01
850,2025-03-28,0.5465,2025-03-01
851,2025-03-28,0.5543,2025-03-01
852,2025-03-28,0.467,2025-04-01
853,2025-03-28,0.4748,2025-04-01
854,2025-03-28,0.3777,2025-05-01
855,2025-03-28,0.3739,2025-05-01
856,2025-03-28,0.3299,2025-06-01
857,2025-03-28,0.3345,2025-06-01
858,2025-03-28,0.3564,2025-07-01
859,2025-03-28,0.3487,2025-07-01
860,2025-03-28,0.2869,2025-08-01
861,2025-03-28,0.2891,2025-08-01
862,2025-03-28,0.3114,2025-09-01
863,2025-03-28,0.3251,2025-09-01
864,2025-03-28,0.4117,2025-10-01
865,2025-03-28,0.4061,2025-10-01
866,2025-03-28,0.3467,2025-11-01
867,2025-03-28,0.3448,2025-11-01
868,2025-03-28,0.5849,2025-12-01
869,2025-03-28,0.5677,2025-12-01
870,2025-03-28,0.4549,2026-01-01
871,2025-03-28,0.455,2026-01-01
872,2025-03-28,0.6272,2026-02-01
873,2025-03-28,0.6061,2026-02-01
874,2025-03-28,0.3802,2026-03-01
875,2025-03-28,0.3868,2026-03-01
876,2025-03-28,0.3981,2026-04-01
877,2025-03-28,0.402,2026-04-01
878,2025-03-28,0.2913,2026-05-01
879,2025-03-28,0.2999,2026-05-01
880,2025-03-28,0.2504,2026-06-01
881,2025-03-28,0.2545,2026-06-01
882,2025-03-28,0.2347,2026-07-01
883,2025-03-28,0.2493,2026-07-01
884,2025-03-28,0.1764,2026-08-01
885,2025-03-28,0.1994,2026-08-01
886,2025-03-28,0.2784,2026-09-01
887,2025-03-28,0.2924,2026-09-01
888,2025-03-28,0.3741,2026-10-01
889,2025-03-28,0.3764,2026-10-01
890,2025-03-28,0.3279,2026-11-01
891,2025-03-28,0.33,2026-11-01
892,2025-03-28,0.5473,2026-12-01
893,2025-03-28,0.5644,2026-12-01
894,2025-03-28,0.4202,2027-01-01
895,2025-03-28,0.4198,2027-01-01
896,2025-03-28,0.6165,2027-02-01
897,2025-03-28,0.5846,2027-02-01
898,2025-03-28,0.3855,2027-03-01
899,2025-03-28,0.3735,2027-03-01
900,2025-03-31,0.5443,2025-03-01
901,2025-03-31,0.5529,2025-03-01
902,2025-03-31,0.4653,2025-04-01
903,2025-03-31,0.4731,2025-04-01
904,2025-03-31,0.3802,2025-05-01
905,2025-03-31,0.3748,2025-05-01
906,2025-03-31,0.3338,2025-06-01
907,2025-03-31,0.3354,2025-06-01
908,2025-03-31,0.3701,2025-07-01
909,2025-03-31,0.3491,2025-07-01
910,2025-03-31,0.2882,2025-08-01
911,2025-03-31,0.2894,2025-08-01
912,2025-03-31,0.3141,2025-09-01
913,2025-03-31,0.3237,2025-09-01
914,2025-03-31,0.4134,2025-10-01
915,2025-03-31,0.407,2025-10-01
916,2025-03-31,0.3464,2025-11-01
917,2025-03-31,0.3447,2025-11-01
918,2025-03-31,0.5847,2025-12-01
919,2025-03-31,0.5686,2025-12-01
920,2025-03-31,0.4536,2026-01-01
921,2025-03-31,0.4542,2026-01-01
922,2025-03-31,0.6307,2026-02-01
923,2025-03-31,0.6076,2026-02-01
924,2025-03-31,0.3784,2026-03-01
925,2025-03-31,0.3866,2026-03-01
926,2025-03-31,0.3981,2026-04-01
927,2025-03-31,0.4013,2026-04-01
928,2025-03-31,0.299,2026-05-01
929,2025-03-31,0.3005,2026-05-01
930,2025-03-31,0.2576,2026-06-01
931,2025-03-31,0.2549,2026-06-01
932,2025-03-31,0.2363,2026-07-01
933,2025-03-31,0.2499,2026-07-01
934,2025-03-31,0.182,2026-08-01
935,2025-03-31,0.1979,2026-08-01
936,2025-03-31,0.287,2026-09-01
937,2025-03-31,0.2915,2026-09-01
938,2025-03-31,0.379,2026-10-01
939,2025-03-31,0.3767,2026-10-01
940,2025-03-31,0.3337,2026-11-01
941,2025-03-31,0.3304,2026-11-01
942,2025-03-31,0.5509,2026-12-01
943,2025-03-31,0.5645,2026-12-01
944,2025-03-31,0.4171,2027-01-01
945,2025-03-31,0.4205,2027-01-01
946,2025-03-31,0.6192,2027-02-01
947,2025-03-31,0.5859,2027-02-01
948,2025-03-31,0.3821,2027-03-01
949,2025-03-31,0.3735,2027-03-01
950,2025-04-01,0.5527,2025-03-01
951,2025-04-01,0.5528,2025-03-01
952,2025-04-01,0.4673,2025-04-01
953,2025-04-01,0.4731,2025-04-01
954,2025-04-01,0.3843,2025-05-01
955,2025-04-01,0.3748,2025-05-01
956,2025-04-01,0.3409,2025-06-01
957,2025-04-01,0.3354,2025-06-01
958,2025-04-01,0.3557,2025-07-01
959,2025-04-01,0.3491,2025-07-01
960,2025-04-01,0.2895,2025-08-01
961,2025-04-01,0.2894,2025-08-01
962,2025-04-01,0.313,2025-09-01
963,2025-04-01,0.3237,2025-09-01
964,2025-04-01,0.4073,2025-10-01
965,2025-04-01,0.407,2025-10-01
966,2025-04-01,0.3246,2025-11-01
967,2025-04-01,0.3447,2025-11-01
968,2025-04-01,0.5783,2025-12-01
969,2025-04-01,0.5686,2025-12-01
970,2025-04-01,0.4474,2026-01-01
971,2025-04-01,0.4546,2026-01-01
972,2025-04-01,0.636,2026-02-01
973,2025-04-01,0.608,2026-02-01
974,2025-04-01,0.3767,2026-03-01
975,2025-04-01,0.3866,2026-03-01
976,2025-04-01,0.3992,2026-04-01
977,2025-04-01,0.4013,2026-04-01
978,2025-04-01,0.2935,2026-05-01
979,2025-04-01,0.301,2026-05-01
980,2025-04-01,0.2456,2026-06-01
981,2025-04-01,0.2549,2026-06-01
982,2025-04-01,0.2286,2026-07-01
983,2025-04-01,0.2495,2026-07-01
984,2025-04-01,0.1793,2026-08-01
985,2025-04-01,0.1979,2026-08-01
986,2025-04-01,0.2892,2026-09-01
987,2025-04-01,0.2915,2026-09-01
988,2025-04-01,0.3808,2026-10-01
989,2025-04-01,0.3771,2026-10-01
990,2025-04-01,0.3288,2026-11-01
991,2025-04-01,0.3304,2026-11-01
992,2025-04-01,0.554,2026-12-01
993,2025-04-01,0.5632,2026-12-01
994,2025-04-01,0.4161,2027-01-01
995,2025-04-01,0.4205,2027-01-01
996,2025-04-01,0.6273,2027-02-01
997,2025-04-01,0.5859,2027-02-01
998,2025-04-01,0.3908,2027-03-01
999,2025-04-01,0.3735,2027-03-01
1000,2025-04-02,0.5545,2025-03-01
1001,2025-04-02,0.5528,2025-03-01
1002,2025-04-02,0.4679,2025-04-01
1003,2025-04-02,0.4723,2025-04-01
1004,2025-04-02,0.3874,2025-05-01
1005,2025-04-02,0.3748,2025-05-01
1006,2025-04-02,0.3354,2025-06-01
1007,2025-04-02,0.3354,2025-06-01
1008,2025-04-02,0.3614,2025-07-01
1009,2025-04-02,0.3491,2025-07-01
1010,2025-04-02,0.2907,2025-08-01
1011,2025-04-02,0.2894,2025-08-01
1012,2025-04-02,0.3128,2025-09-01
1013,2025-04-02,0.3237,2025-09-01
1014,2025-04-02,0.4062,2025-10-01
1015,2025-04-02,0.407,2025-10-01
1016,2025-04-02,0.327,2025-11-01
1017,2025-04-02,0.3447,2025-11-01
1018,2025-04-02,0.58,2025-12-01
1019,2025-04-02,0.5693,2025-12-01
1020,2025-04-02,0.4508,2026-01-01
1021,2025-04-02,0.4546,2026-01-01
1022,2025-04-02,0.6374,2026-02-01
1023,2025-04-02,0.608,2026-02-01
1024,2025-04-02,0.3783,2026-03-01
1025,2025-04-02,0.3866,2026-03-01
1026,2025-04-02,0.3981,2026-04-01
1027,2025-04-02,0.4013,2026-04-01
1028,2025-04-02,0.2947,2026-05-01
1029,2025-04-02,0.301,2026-05-01
1030,2025-04-02,0.2468,2026-06-01
1031,2025-04-02,0.2549,2026-06-01
1032,2025-04-02,0.2302,2026-07-01
1033,2025-04-02,0.2495,2026-07-01
1034,2025-04-02,0.1831,2026-08-01
1035,2025-04-02,0.1979,2026-08-01
1036,2025-04-02,0.2906,2026-09-01
1037,2025-04-02,0.2915,2026-09-01
1038,2025-04-02,0.3824,2026-10-01
1039,2025-04-02,0.3771,2026-10-01
1040,2025-04-02,0.3337,2026-11-01
1041,2025-04-02,0.3304,2026-11-01
1042,2025-04-02,0.5554,2026-12-01
1043,2025-04-02,0.5632,2026-12-01
1044,2025-04-02,0.4244,2027-01-01
1045,2025-04-02,0.4205,2027-01-01
1046,2025-04-02,0.631,2027-02-01
1047,2025-04-02,0.5859,2027-02-01
1048,2025-04-02,0.3908,2027-03-01
1049,2025-04-02,0.3735,2027-03-01
1050,2025-04-03,0.555,2025-03-01
1051,2025-04-03,0.5528,2025-03-01
1052,2025-04-03,0.4668,2025-04-01
1053,2025-04-03,0.4723,2025-04-01
1054,2025-04-03,0.3934,2025-05-01
1055,2025-04-03,0.3748,2025-05-01
1056,2025-04-03,0.3473,2025-06-01
1057,2025-04-03,0.3354,2025-06-01
1058,2025-04-03,0.3793,2025-07-01
1059,2025-04-03,0.3491,2025-07-01
1060,2025-04-03,0.301,2025-08-01
1061,2025-04-03,0.2894,2025-08-01
1062,2025-04-03,0.3072,2025-09-01
1063,2025-04-03,0.3237,2025-09-01
1064,2025-04-03,0.4073,2025-10-01
1065,2025-04-03,0.407,2025-10-01
1066,2025-04-03,0.3124,2025-11-01
1067,2025-04-03,0.3447,2025-11-01
1068,2025-04-03,0.5672,2025-12-01
1069,2025-04-03,0.5693,2025-12-01
1070,2025-04-03,0.4475,2026-01-01
1071,2025-04-03,0.4546,2026-01-01
1072,2025-04-03,0.6385,2026-02-01
1073,2025-04-03,0.608,2026-02-01
1074,2025-04-03,0.3841,2026-03-01
1075,2025-04-03,0.3866,2026-03-01
1076,2025-04-03,0.4035,2026-04-01
1077,2025-04-03,0.4013,2026-04-01
1078,2025-04-03,0.2949,2026-05-01
1079,2025-04-03,0.301,2026-05-01
1080,2025-04-03,0.2461,2026-06-01
1081,2025-04-03,0.2549,2026-06-01
1082,2025-04-03,0.2299,2026-07-01
1083,2025-04-03,0.2495,2026-07-01
1084,2025-04-03,0.18,2026-08-01
1085,2025-04-03,0.1979,2026-08-01
1086,2025-04-03,0.289,2026-09-01
1087,2025-04-03,0.2915,2026-09-01
1088,2025-04-03,0.382,2026-10-01
1089,2025-04-03,0.3771,2026-10-01
1090,2025-04-03,0.3192,2026-11-01
1091,2025-04-03,0.3304,2026-11-01
1092,2025-04-03,0.5478,2026-12-01
1093,2025-04-03,0.5632,2026-12-01
1094,2025-04-03,0.4151,2027-01-01
1095,2025-04-03,0.4205,2027-01-01
1096,2025-04-03,0.6304,2027-02-01
1097,2025-04-03,0.5859,2027-02-01
1098,2025-04-03,0.3967,2027-03-01
1099,2025-04-03,0.3735,2027-03-01
1100,2025-04-04,0.5525,2025-03-01
1101,2025-04-04,0.5496,2025-03-01
1102,2025-04-04,0.4453,2025-04-01
1103,2025-04-04,0.4683,2025-04-01
1104,2025-04-04,0.3887,2025-05-01
1105,2025-04-04,0.377,2025-05-01
1106,2025-04-04,0.3284,2025-06-01
1107,2025-04-04,0.3365,2025-06-01
1108,2025-04-04,0.3617,2025-07-01
1109,2025-04-04,0.3562,2025-07-01
1110,2025-04-04,0.2944,2025-08-01
1111,2025-04-04,0.2919,2025-08-01
1112,2025-04-04,0.2778,2025-09-01
1113,2025-04-04,0.3212,2025-09-01
1114,2025-04-04,0.3805,2025-10-01
1115,2025-04-04,0.4048,2025-10-01
1116,2025-04-04,0.3108,2025-11-01
1117,2025-04-04,0.3418,2025-11-01
1118,2025-04-04,0.5467,2025-12-01
1119,2025-04-04,0.5685,2025-12-01
1120,2025-04-04,0.4256,2026-01-01
1121,2025-04-04,0.4557,2026-01-01
1122,2025-04-04,0.6013,2026-02-01
1123,2025-04-04,0.606,2026-02-01
1124,2025-04-04,0.3825,2026-03-01
1125,2025-04-04,0.3845,2026-03-01
1126,2025-04-04,0.3885,2026-04-01
1127,2025-04-04,0.4029,2026-04-01
1128,2025-04-04,0.311,2026-05-01
1129,2025-04-04,0.303,2026-05-01
1130,2025-04-04,0.2463,2026-06-01
1131,2025-04-04,0.2579,2026-06-01
1132,2025-04-04,0.2158,2026-07-01
1133,2025-04-04,0.2516,2026-07-01
1134,2025-04-04,0.1827,2026-08-01
1135,2025-04-04,0.2006,2026-08-01
1136,2025-04-04,0.279,2026-09-01
1137,2025-04-04,0.2923,2026-09-01
1138,2025-04-04,0.3605,2026-10-01
1139,2025-04-04,0.377,2026-10-01
1140,2025-04-04,0.3234,2026-11-01
1141,2025-04-04,0.3306,2026-11-01
1142,2025-04-04,0.5279,2026-12-01
1143,2025-04-04,0.562,2026-12-01
1144,2025-04-04,0.3999,2027-01-01
1145,2025-04-04,0.4192,2027-01-01
1146,2025-04-04,0.6009,2027-02-01
1147,2025-04-04,0.5803,2027-02-01
1148,2025-04-04,0.3692,2027-03-01
1149,2025-04-04,0.3702,2027-03-01
1150,2025-04-07,0.5503,2025-03-01
1151,2025-04-07,0.5488,2025-03-01
1152,2025-04-07,0.4438,2025-04-01
1153,2025-04-07,0.4682,2025-04-01
1154,2025-04-07,0.3876,2025-05-01
1155,2025-04-07,0.3768,2025-05-01
1156,2025-04-07,0.3314,2025-06-01
1157,2025-04-07,0.3366,2025-06-01
1158,2025-04-07,0.3558,2025-07-01
1159,2025-04-07,0.354,2025-07-01
1160,2025-04-07,0.2953,2025-08-01
1161,2025-04-07,0.2925,2025-08-01
1162,2025-04-07,0.2839,2025-09-01
1163,2025-04-07,0.32,2025-09-01
1164,2025-04-07,0.3729,2025-10-01
1165,2025-04-07,0.4047,2025-10-01
1166,2025-04-07,0.3054,2025-11-01
1167,2025-04-07,0.3416,2025-11-01
1168,2025-04-07,0.539,2025-12-01
1169,2025-04-07,0.5709,2025-12-01
1170,2025-04-07,0.4261,2026-01-01
1171,2025-04-07,0.4561,2026-01-01
1172,2025-04-07,0.5843,2026-02-01
1173,2025-04-07,0.6064,2026-02-01
1174,2025-04-07,0.381,2026-03-01
1175,2025-04-07,0.3849,2026-03-01
1176,2025-04-07,0.3809,2026-04-01
1177,2025-04-07,0.4033,2026-04-01
1178,2025-04-07,0.3096,2026-05-01
1179,2025-04-07,0.303,2026-05-01
1180,2025-04-07,0.2483,2026-06-01
1181,2025-04-07,0.2579,2026-06-01
1182,2025-04-07,0.2137,2026-07-01
1183,2025-04-07,0.2516,2026-07-01
1184,2025-04-07,0.1853,2026-08-01
1185,2025-04-07,0.201,2026-08-01
1186,2025-04-07,0.28,2026-09-01
1187,2025-04-07,0.2928,2026-09-01
1188,2025-04-07,0.3614,2026-10-01
1189,2025-04-07,0.3774,2026-10-01
1190,2025-04-07,0.3227,2026-11-01
1191,2025-04-07,0.331,2026-11-01
1192,2025-04-07,0.5609,2026-12-01
1193,2025-04-07,0.5585,2026-12-01
1194,2025-04-07,0.3806,2027-01-01
1195,2025-04-07,0.4192,2027-01-01
1196,2025-04-07,0.5727,2027-02-01
1197,2025-04-07,0.5803,2027-02-01
1198,2025-04-07,0.3692,2027-03-01
1199,2025-04-07,0.3693,2027-03-01
1200,2025-04-08,0.5488,2025-03-01
1201,2025-04-08,0.5489,2025-03-01
1202,2025-04-08,0.4476,2025-04-01
1203,2025-04-08,0.4685,2025-04-01
1204,2025-04-08,0.3843,2025-05-01
1205,2025-04-08,0.3772,2025-05-01
1206,2025-04-08,0.3283,2025-06-01
1207,2025-04-08,0.3362,2025-06-01
1208,2025-04-08,0.3654,2025-07-01
1209,2025-04-08,0.3528,2025-07-01
1210,2025-04-08,0.2852,2025-08-01
1211,2025-04-08,0.2927,2025-08-01
1212,2025-04-08,0.2877,2025-09-01
1213,2025-04-08,0.3205,2025-09-01
1214,2025-04-08,0.3751,2025-10-01
1215,2025-04-08,0.4045,2025-10-01
1216,2025-04-08,0.3114,2025-11-01
1217,2025-04-08,0.3409,2025-11-01
1218,2025-04-08,0.5353,2025-12-01
1219,2025-04-08,0.5698,2025-12-01
1220,2025-04-08,0.4334,2026-01-01
1221,2025-04-08,0.4559,2026-01-01
1222,2025-04-08,0.5936,2026-02-01
1223,2025-04-08,0.6075,2026-02-01
1224,2025-04-08,0.3861,2026-03-01
1225,2025-04-08,0.386,2026-03-01
1226,2025-04-08,0.386,2026-04-01
1227,2025-04-08,0.4039,2026-04-01
1228,2025-04-08,0.3065,2026-05-01
1229,2025-04-08,0.3022,2026-05-01
1230,2025-04-08,0.2438,2026-06-01
1231,2025-04-08,0.2567,2026-06-01
1232,2025-04-08,0.2142,2026-07-01
1233,2025-04-08,0.2497,2026-07-01
1234,2025-04-08,0.1789,2026-08-01
1235,2025-04-08,0.2002,2026-08-01
1236,2025-04-08,0.2794,2026-09-01
1237,2025-04-08,0.293,2026-09-01
1238,2025-04-08,0.3639,2026-10-01
1239,2025-04-08,0.3777,2026-10-01
1240,2025-04-08,0.3281,2026-11-01
1241,2025-04-08,0.3319,2026-11-01
1242,2025-04-08,0.5606,2026-12-01
1243,2025-04-08,0.5581,2026-12-01
1244,2025-04-08,0.3706,2027-01-01
1245,2025-04-08,0.4175,2027-01-01
1246,2025-04-08,0.5927,2027-02-01
1247,2025-04-08,0.5819,2027-02-01
1248,2025-04-08,0.3664,2027-03-01
1249,2025-04-08,0.3679,2027-03-01
1250,2025-04-09,0.5462,2025-03-01
1251,2025-04-09,0.5489,2025-03-01
1252,2025-04-09,0.4463,2025-04-01
1253,2025-04-09,0.4685,2025-04-01
1254,2025-04-09,0.38,2025-05-01
1255,2025-04-09,0.3772,2025-05-01
1256,2025-04-09,0.3356,2025-06-01
1257,2025-04-09,0.3362,2025-06-01
1258,2025-04-09,0.3579,2025-07-01
1259,2025-04-09,0.3528,2025-07-01
1260,2025-04-09,0.2835,2025-08-01
1261,2025-04-09,0.2927,2025-08-01
1262,2025-04-09,0.2874,2025-09-01
1263,2025-04-09,0.3205,2025-09-01
1264,2025-04-09,0.3758,2025-10-01
1265,2025-04-09,0.4045,2025-10-01
1266,2025-04-09,0.3077,2025-11-01
1267,2025-04-09,0.3409,2025-11-01
1268,2025-04-09,0.532,2025-12-01
1269,2025-04-09,0.5698,2025-12-01
1270,2025-04-09,0.4285,2026-01-01
1271,2025-04-09,0.4559,2026-01-01
1272,2025-04-09,0.5905,2026-02-01
1273,2025-04-09,0.6075,2026-02-01
1274,2025-04-09,0.3843,2026-03-01
1275,2025-04-09,0.386,2026-03-01
1276,2025-04-09,0.3871,2026-04-01
1277,2025-04-09,0.4039,2026-04-01
1278,2025-04-09,0.3052,2026-05-01
1279,2025-04-09,0.3022,2026-05-01
1280,2025-04-09,0.2421,2026-06-01
1281,2025-04-09,0.2567,2026-06-01
1282,2025-04-09,0.2116,2026-07-01
1283,2025-04-09,0.2497,2026-07-01
1284,2025-04-09,0.1738,2026-08-01
1285,2025-04-09,0.2002,2026-08-01
1286,2025-04-09,0.2774,2026-09-01
1287,2025-04-09,0.293,2026-09-01
1288,2025-04-09,0.3614,2026-10-01
1289,2025-04-09,0.3777,2026-10-01
1290,2025-04-09,0.3215,2026-11-01
1291,2025-04-09,0.3319,2026-11-01
1292,2025-04-09,0.5592,2026-12-01
1293,2025-04-09,0.5582,2026-12-01
1294,2025-04-09,0.3563,2027-01-01
1295,2025-04-09,0.4175,2027-01-01
1296,2025-04-09,0.5858,2027-02-01
1297,2025-04-09,0.5819,2027-02-01
1298,2025-04-09,0.3664,2027-03-01
1299,2025-04-09,0.3679,2027-03-01
1300,2025-04-10,0.5471,2025-03-01
1301,2025-04-10,0.5496,2025-03-01
1302,2025-04-10,0.4457,2025-04-01
1303,2025-04-10,0.4681,2025-04-01
1304,2025-04-10,0.379,2025-05-01
1305,2025-04-10,0.3771,2025-05-01
1306,2025-04-10,0.3362,2025-06-01
1307,2025-04-10,0.3363,2025-06-01
1308,2025-04-10,0.3587,2025-07-01
1309,2025-04-10,0.353,2025-07-01
1310,2025-04-10,0.2853,2025-08-01
1311,2025-04-10,0.2934,2025-08-01
1312,2025-04-10,0.2886,2025-09-01
1313,2025-04-10,0.3203,2025-09-01
1314,2025-04-10,0.3771,2025-10-01
1315,2025-04-10,0.4041,2025-10-01
1316,2025-04-10,0.3092,2025-11-01
1317,2025-04-10,0.3408,2025-11-01
1318,2025-04-10,0.5336,2025-12-01
1319,2025-04-10,0.5694,2025-12-01
1320,2025-04-10,0.4295,2026-01-01
1321,2025-04-10,0.4561,2026-01-01
1322,2025-04-10,0.5919,2026-02-01
1323,2025-04-10,0.6075,2026-02-01
1324,2025-04-10,0.3848,2026-03-01
1325,2025-04-10,0.386,2026-03-01
1326,2025-04-10,0.3871,2026-04-01
1327,2025-04-10,0.4038,2026-04-01
1328,2025-04-10,0.3055,2026-05-01
1329,2025-04-10,0.3021,2026-05-01
1330,2025-04-10,0.2433,2026-06-01
1331,2025-04-10,0.2567,2026-06-01
1332,2025-04-10,0.2135,2026-07-01
1333,2025-04-10,0.2499,2026-07-01
1334,2025-04-10,0.174,2026-08-01
1335,2025-04-10,0.2001,2026-08-01
1336,2025-04-10,0.2787,2026-09-01
1337,2025-04-10,0.2929,2026-09-01
1338,2025-04-10,0.3626,2026-10-01
1339,2025-04-10,0.3776,2026-10-01
1340,2025-04-10,0.322,2026-11-01
1341,2025-04-10,0.3319,2026-11-01
1342,2025-04-10,0.5607,2026-12-01
1343,2025-04-10,0.5587,2026-12-01
1344,2025-04-10,0.358,2027-01-01
1345,2025-04-10,0.4175,2027-01-01
1346,2025-04-10,0.5873,2027-02-01
1347,2025-04-10,0.5807,2027-02-01
1348,2025-04-10,0.3683,2027-03-01
1349,2025-04-10,0.3684,2027-03-01
1350,2025-04-11,0.4513,2025-04-01
1351,2025-04-11,0.4627,2025-04-01
1352,2025-04-11,0.3762,2025-05-01
1353,2025-04-11,0.3739,2025-05-01
1354,2025-04-11,0.353,2025-06-01
1355,2025-04-11,0.3397,2025-06-01
1356,2025-04-11,0.3225,2025-07-01
1357,2025-04-11,0.347,2025-07-01
1358,2025-04-11,0.3199,2025-08-01
1359,2025-04-11,0.3031,2025-08-01
1360,2025-04-11,0.3134,2025-09-01
1361,2025-04-11,0.3197,2025-09-01
1362,2025-04-11,0.3807,2025-10-01
1363,2025-04-11,0.4034,2025-10-01
1364,2025-04-11,0.3214,2025-11-01
1365,2025-04-11,0.339,2025-11-01
1366,2025-04-11,0.5303,2025-12-01
1367,2025-04-11,0.5665,2025-12-01
1368,2025-04-11,0.4383,2026-01-01
1369,2025-04-11,0.4554,2026-01-01
1370,2025-04-11,0.6247,2026-02-01
1371,2025-04-11,0.6077,2026-02-01
1372,2025-04-11,0.3887,2026-03-01
1373,2025-04-11,0.3865,2026-03-01
1374,2025-04-11,0.3777,2026-04-01
1375,2025-04-11,0.4007,2026-04-01
1376,2025-04-11,0.2977,2026-05-01
1377,2025-04-11,0.3033,2026-05-01
1378,2025-04-11,0.2467,2026-06-01
1379,2025-04-11,0.2576,2026-06-01
1380,2025-04-11,0.2271,2026-07-01
1381,2025-04-11,0.2522,2026-07-01
1382,2025-04-11,0.1903,2026-08-01
1383,2025-04-11,0.2009,2026-08-01
1384,2025-04-11,0.2896,2026-09-01
1385,2025-04-11,0.2934,2026-09-01
1386,2025-04-11,0.3703,2026-10-01
1387,2025-04-11,0.3785,2026-10-01
1388,2025-04-11,0.3439,2026-11-01
1389,2025-04-11,0.3334,2026-11-01
1390,2025-04-11,0.589,2026-12-01
1391,2025-04-11,0.5568,2026-12-01
1392,2025-04-11,0.3847,2027-01-01
1393,2025-04-11,0.4167,2027-01-01
1394,2025-04-11,0.6137,2027-02-01
1395,2025-04-11,0.5794,2027-02-01
1396,2025-04-11,0.3797,2027-03-01
1397,2025-04-11,0.3718,2027-03-01
1398,2025-04-11,0.3501,2027-04-01
1399,2025-04-11,0.3501,2027-04-01
1400,2025-04-14,0.4469,2025-04-01
1401,2025-04-14,0.4561,2025-04-01
1402,2025-04-14,0.3782,2025-05-01
1403,2025-04-14,0.3783,2025-05-01
1404,2025-04-14,0.353,2025-06-01
1405,2025-04-14,0.3485,2025-06-01
1406,2025-04-14,0.328,2025-07-01
1407,2025-04-14,0.3412,2025-07-01
1408,2025-04-14,0.3279,2025-08-01
1409,2025-04-14,0.3101,2025-08-01
1410,2025-04-14,0.3058,2025-09-01
1411,2025-04-14,0.3132,2025-09-01
1412,2025-04-14,0.3881,2025-10-01
1413,2025-04-14,0.403,2025-10-01
1414,2025-04-14,0.321,2025-11-01
1415,2025-04-14,0.3308,2025-11-01
1416,2025-04-14,0.5368,2025-12-01
1417,2025-04-14,0.5608,2025-12-01
1418,2025-04-14,0.4407,2026-01-01
1419,2025-04-14,0.4496,2026-01-01
1420,2025-04-14,0.6397,2026-02-01
1421,2025-04-14,0.6109,2026-02-01
1422,2025-04-14,0.3944,2026-03-01
1423,2025-04-14,0.3864,2026-03-01
1424,2025-04-14,0.3861,2026-04-01
1425,2025-04-14,0.4003,2026-04-01
1426,2025-04-14,0.3,2026-05-01
1427,2025-04-14,0.3036,2026-05-01
1428,2025-04-14,0.2499,2026-06-01
1429,2025-04-14,0.2632,2026-06-01
1430,2025-04-14,0.2374,2026-07-01
1431,2025-04-14,0.2505,2026-07-01
1432,2025-04-14,0.1964,2026-08-01
1433,2025-04-14,0.2007,2026-08-01
1434,2025-04-14,0.297,2026-09-01
1435,2025-04-14,0.2939,2026-09-01
1436,2025-04-14,0.3831,2026-10-01
1437,2025-04-14,0.3839,2026-10-01
1438,2025-04-14,0.3533,2026-11-01
1439,2025-04-14,0.3413,2026-11-01
1440,2025-04-14,0.5583,2026-12-01
1441,2025-04-14,0.5545,2026-12-01
1442,2025-04-14,0.4151,2027-01-01
1443,2025-04-14,0.4245,2027-01-01
1444,2025-04-14,0.6404,2027-02-01
1445,2025-04-14,0.5818,2027-02-01
1446,2025-04-14,0.4034,2027-03-01
1447,2025-04-14,0.3777,2027-03-01
1448,2025-04-14,0.39,2027-04-01
1449,2025-04-14,0.39,2027-04-01
1450,2025-04-15,0.4428,2025-04-01
1451,2025-04-15,0.4551,2025-04-01
1452,2025-04-15,0.3742,2025-05-01
1453,2025-04-15,0.3774,2025-05-01
1454,2025-04-15,0.3549,2025-06-01
1455,2025-04-15,0.3481,2025-06-01
1456,2025-04-15,0.3321,2025-07-01
1457,2025-04-15,0.3418,2025-07-01
1458,2025-04-15,0.3273,2025-08-01
1459,2025-04-15,0.3104,2025-08-01
1460,2025-04-15,0.307,2025-09-01
1461,2025-04-15,0.3139,2025-09-01
1462,2025-04-15,0.3873,2025-10-01
1463,2025-04-15,0.4031,2025-10-01
1464,2025-04-15,0.3212,2025-11-01
1465,2025-04-15,0.3311,2025-11-01
1466,2025-04-15,0.5396,2025-12-01
1467,2025-04-15,0.5605,2025-12-01
1468,2025-04-15,0.4351,2026-01-01
1469,2025-04-15,0.4488,2026-01-01
1470,2025-04-15,0.6411,2026-02-01
1471,2025-04-15,0.6121,2026-02-01
1472,2025-04-15,0.3916,2026-03-01
1473,2025-04-15,0.3855,2026-03-01
1474,2025-04-15,0.38,2026-04-01
1475,2025-04-15,0.3987,2026-04-01
1476,2025-04-15,0.2965,2026-05-01
1477,2025-04-15,0.302,2026-05-01
1478,2025-04-15,0.2493,2026-06-01
1479,2025-04-15,0.2621,2026-06-01
1480,2025-04-15,0.2368,2026-07-01
1481,2025-04-15,0.2495,2026-07-01
1482,2025-04-15,0.1966,2026-08-01
1483,2025-04-15,0.2,2026-08-01
1484,2025-04-15,0.2944,2026-09-01
1485,2025-04-15,0.2932,2026-09-01
1486,2025-04-15,0.3827,2026-10-01
1487,2025-04-15,0.3834,2026-10-01
1488,2025-04-15,0.3474,2026-11-01
1489,2025-04-15,0.3404,2026-11-01
1490,2025-04-15,0.5545,2026-12-01
1491,2025-04-15,0.5529,2026-12-01
1492,2025-04-15,0.4283,2027-01-01
1493,2025-04-15,0.4252,2027-01-01
1494,2025-04-15,0.642,2027-02-01
1495,2025-04-15,0.5842,2027-02-01
1496,2025-04-15,0.411,2027-03-01
1497,2025-04-15,0.3784,2027-03-01
1498,2025-04-15,0.3905,2027-04-01
1499,2025-04-15,0.3905,2027-04-01
1500,2025-04-16,0.4394,2025-04-01
1501,2025-04-16,0.4524,2025-04-01
1502,2025-04-16,0.3746,2025-05-01
1503,2025-04-16,0.3778,2025-05-01
1504,2025-04-16,0.3536,2025-06-01
1505,2025-04-16,0.3477,2025-06-01
1506,2025-04-16,0.3214,2025-07-01
1507,2025-04-16,0.3397,2025-07-01
1508,2025-04-16,0.3325,2025-08-01
1509,2025-04-16,0.3122,2025-08-01
1510,2025-04-16,0.3139,2025-09-01
1511,2025-04-16,0.3144,2025-09-01
1512,2025-04-16,0.3865,2025-10-01
1513,2025-04-16,0.4029,2025-10-01
1514,2025-04-16,0.3239,2025-11-01
1515,2025-04-16,0.3324,2025-11-01
1516,2025-04-16,0.5436,2025-12-01
1517,2025-04-16,0.5605,2025-12-01
1518,2025-04-16,0.4356,2026-01-01
1519,2025-04-16,0.4488,2026-01-01
1520,2025-04-16,0.6398,2026-02-01
1521,2025-04-16,0.6121,2026-02-01
1522,2025-04-16,0.392,2026-03-01
1523,2025-04-16,0.3856,2026-03-01
1524,2025-04-16,0.3825,2026-04-01
1525,2025-04-16,0.3989,2026-04-01
1526,2025-04-16,0.2962,2026-05-01
1527,2025-04-16,0.302,2026-05-01
1528,2025-04-16,0.2486,2026-06-01
1529,2025-04-16,0.2621,2026-06-01
1530,2025-04-16,0.2343,2026-07-01
1531,2025-04-16,0.2495,2026-07-01
1532,2025-04-16,0.1999,2026-08-01
1533,2025-04-16,0.1999,2026-08-01
1534,2025-04-16,0.296,2026-09-01
1535,2025-04-16,0.2932,2026-09-01
1536,2025-04-16,0.3845,2026-10-01
1537,2025-04-16,0.3834,2026-10-01
1538,2025-04-16,0.3483,2026-11-01
1539,2025-04-16,0.3404,2026-11-01
1540,2025-04-16,0.5559,2026-12-01
1541,2025-04-16,0.5529,2026-12-01
1542,2025-04-16,0.4292,2027-01-01
1543,2025-04-16,0.4252,2027-01-01
1544,2025-04-16,0.6398,2027-02-01
1545,2025-04-16,0.5841,2027-02-01
1546,2025-04-16,0.4109,2027-03-01
1547,2025-04-16,0.3785,2027-03-01
1548,2025-04-16,0.3952,2027-04-01
1549,2025-04-16,0.3952,2027-04-01
1550,2025-04-17,0.4348,2025-04-01
1551,2025-04-17,0.4351,2025-04-01
1552,2025-04-17,0.3663,2025-05-01
1553,2025-04-17,0.3675,2025-05-01
1554,2025-04-17,0.3569,2025-06-01
1555,2025-04-17,0.3473,2025-06-01
1556,2025-04-17,0.3126,2025-07-01
1557,2025-04-17,0.3195,2025-07-01
1558,2025-04-17,0.3531,2025-08-01
1559,2025-04-17,0.3357,2025-08-01
1560,2025-04-17,0.3158,2025-09-01
1561,2025-04-17,0.3174,2025-09-01
1562,2025-04-17,0.393,2025-10-01
1563,2025-04-17,0.394,2025-10-01
1564,2025-04-17,0.3252,2025-11-01
1565,2025-04-17,0.3352,2025-11-01
1566,2025-04-17,0.5573,2025-12-01
1567,2025-04-17,0.5565,2025-12-01
1568,2025-04-17,0.4511,2026-01-01
1569,2025-04-17,0.4499,2026-01-01
1570,2025-04-17,0.6264,2026-02-01
1571,2025-04-17,0.6131,2026-02-01
1572,2025-04-17,0.3931,2026-03-01
1573,2025-04-17,0.3905,2026-03-01
1574,2025-04-17,0.4096,2026-04-01
1575,2025-04-17,0.3999,2026-04-01
1576,2025-04-17,0.3038,2026-05-01
1577,2025-04-17,0.3039,2026-05-01
1578,2025-04-17,0.2533,2026-06-01
1579,2025-04-17,0.2575,2026-06-01
1580,2025-04-17,0.2501,2026-07-01
1581,2025-04-17,0.2476,2026-07-01
1582,2025-04-17,0.2123,2026-08-01
1583,2025-04-17,0.2094,2026-08-01
1584,2025-04-17,0.2961,2026-09-01
1585,2025-04-17,0.2906,2026-09-01
1586,2025-04-17,0.3876,2026-10-01
1587,2025-04-17,0.3794,2026-10-01
1588,2025-04-17,0.3416,2026-11-01
1589,2025-04-17,0.3406,2026-11-01
1590,2025-04-17,0.5416,2026-12-01
1591,2025-04-17,0.543,2026-12-01
1592,2025-04-17,0.4297,2027-01-01
1593,2025-04-17,0.4171,2027-01-01
1594,2025-04-17,0.6062,2027-02-01
1595,2025-04-17,0.5797,2027-02-01
1596,2025-04-17,0.3869,2027-03-01
1597,2025-04-17,0.3725,2027-03-01
1598,2025-04-17,0.381,2027-04-01
1599,2025-04-17,0.381,2027-04-01
1600,2025-04-22,0.4314,2025-04-01
1601,2025-04-22,0.438,2025-04-01
1602,2025-04-22,0.3671,2025-05-01
1603,2025-04-22,0.3699,2025-05-01
1604,2025-04-22,0.3514,2025-06-01
1605,2025-04-22,0.3498,2025-06-01
1606,2025-04-22,0.3103,2025-07-01
1607,2025-04-22,0.3176,2025-07-01
1608,2025-04-22,0.3522,2025-08-01
1609,2025-04-22,0.3395,2025-08-01
1610,2025-04-22,0.3163,2025-09-01
1611,2025-04-22,0.3145,2025-09-01
1612,2025-04-22,0.3898,2025-10-01
1613,2025-04-22,0.3907,2025-10-01
1614,2025-04-22,0.3251,2025-11-01
1615,2025-04-22,0.3291,2025-11-01
1616,2025-04-22,0.5633,2025-12-01
1617,2025-04-22,0.5554,2025-12-01
1618,2025-04-22,0.4533,2026-01-01
1619,2025-04-22,0.4489,2026-01-01
1620,2025-04-22,0.6236,2026-02-01
1621,2025-04-22,0.6195,2026-02-01
1622,2025-04-22,0.3911,2026-03-01
1623,2025-04-22,0.3923,2026-03-01
1624,2025-04-22,0.4094,2026-04-01
1625,2025-04-22,0.4034,2026-04-01
1626,2025-04-22,0.2967,2026-05-01
1627,2025-04-22,0.3017,2026-05-01
1628,2025-04-22,0.2484,2026-06-01
1629,2025-04-22,0.2536,2026-06-01
1630,2025-04-22,0.2418,2026-07-01
1631,2025-04-22,0.2446,2026-07-01
1632,2025-04-22,0.2106,2026-08-01
1633,2025-04-22,0.2093,2026-08-01
1634,2025-04-22,0.2982,2026-09-01
1635,2025-04-22,0.2956,2026-09-01
1636,2025-04-22,0.3876,2026-10-01
1637,2025-04-22,0.3845,2026-10-01
1638,2025-04-22,0.3391,2026-11-01
1639,2025-04-22,0.3438,2026-11-01
1640,2025-04-22,0.5387,2026-12-01
1641,2025-04-22,0.5466,2026-12-01
1642,2025-04-22,0.4315,2027-01-01
1643,2025-04-22,0.4183,2027-01-01
1644,2025-04-22,0.6027,2027-02-01
1645,2025-04-22,0.5868,2027-02-01
1646,2025-04-22,0.3774,2027-03-01
1647,2025-04-22,0.3752,2027-03-01
1648,2025-04-22,0.3755,2027-04-01
1649,2025-04-22,0.3778,2027-04-01
1650,2025-04-23,0.4321,2025-04-01
1651,2025-04-23,0.4378,2025-04-01
1652,2025-04-23,0.364,2025-05-01
1653,2025-04-23,0.37,2025-05-01
1654,2025-04-23,0.3481,2025-06-01
1655,2025-04-23,0.3498,2025-06-01
1656,2025-04-23,0.3085,2025-07-01
1657,2025-04-23,0.3176,2025-07-01
1658,2025-04-23,0.35,2025-08-01
1659,2025-04-23,0.3395,2025-08-01
1660,2025-04-23,0.3162,2025-09-01
1661,2025-04-23,0.3145,2025-09-01
1662,2025-04-23,0.3901,2025-10-01
1663,2025-04-23,0.3907,2025-10-01
1664,2025-04-23,0.3252,2025-11-01
1665,2025-04-23,0.3291,2025-11-01
1666,2025-04-23,0.5645,2025-12-01
1667,2025-04-23,0.5554,2025-12-01
1668,2025-04-23,0.4542,2026-01-01
1669,2025-04-23,0.4491,2026-01-01
1670,2025-04-23,0.6244,2026-02-01
1671,2025-04-23,0.6195,2026-02-01
1672,2025-04-23,0.3876,2026-03-01
1673,2025-04-23,0.3923,2026-03-01
1674,2025-04-23,0.4092,2026-04-01
1675,2025-04-23,0.4036,2026-04-01
1676,2025-04-23,0.2953,2026-05-01
1677,2025-04-23,0.3021,2026-05-01
1678,2025-04-23,0.2481,2026-06-01
1679,2025-04-23,0.2547,2026-06-01
1680,2025-04-23,0.24,2026-07-01
1681,2025-04-23,0.2447,2026-07-01
1682,2025-04-23,0.2078,2026-08-01
1683,2025-04-23,0.2093,2026-08-01
1684,2025-04-23,0.2955,2026-09-01
1685,2025-04-23,0.2956,2026-09-01
1686,2025-04-23,0.3834,2026-10-01
1687,2025-04-23,0.3845,2026-10-01
1688,2025-04-23,0.3356,2026-11-01
1689,2025-04-23,0.3438,2026-11-01
1690,2025-04-23,0.5401,2026-12-01
1691,2025-04-23,0.5466,2026-12-01
1692,2025-04-23,0.4302,2027-01-01
1693,2025-04-23,0.4183,2027-01-01
1694,2025-04-23,0.5988,2027-02-01
1695,2025-04-23,0.5868,2027-02-01
1696,2025-04-23,0.3713,2027-03-01
1697,2025-04-23,0.3752,2027-03-01
1698,2025-04-23,0.3679,2027-04-01
1699,2025-04-23,0.3778,2027-04-01
1700,2025-04-24,0.4329,2025-04-01
1701,2025-04-24,0.4374,2025-04-01
1702,2025-04-24,0.3634,2025-05-01
1703,2025-04-24,0.3703,2025-05-01
1704,2025-04-24,0.3469,2025-06-01
1705,2025-04-24,0.3494,2025-06-01
1706,2025-04-24,0.3071,2025-07-01
1707,2025-04-24,0.3172,2025-07-01
1708,2025-04-24,0.3484,2025-08-01
1709,2025-04-24,0.3399,2025-08-01
1710,2025-04-24,0.3162,2025-09-01
1711,2025-04-24,0.315,2025-09-01
1712,2025-04-24,0.3895,2025-10-01
1713,2025-04-24,0.3914,2025-10-01
1714,2025-04-24,0.325,2025-11-01
1715,2025-04-24,0.3286,2025-11-01
1716,2025-04-24,0.5651,2025-12-01
1717,2025-04-24,0.5557,2025-12-01
1718,2025-04-24,0.456,2026-01-01
1719,2025-04-24,0.4495,2026-01-01
1720,2025-04-24,0.627,2026-02-01
1721,2025-04-24,0.6205,2026-02-01
1722,2025-04-24,0.391,2026-03-01
1723,2025-04-24,0.3914,2026-03-01
1724,2025-04-24,0.4087,2026-04-01
1725,2025-04-24,0.4041,2026-04-01
1726,2025-04-24,0.2953,2026-05-01
1727,2025-04-24,0.3021,2026-05-01
1728,2025-04-24,0.2472,2026-06-01
1729,2025-04-24,0.2551,2026-06-01
1730,2025-04-24,0.2441,2026-07-01
1731,2025-04-24,0.2451,2026-07-01
1732,2025-04-24,0.2111,2026-08-01
1733,2025-04-24,0.2094,2026-08-01
1734,2025-04-24,0.2983,2026-09-01
1735,2025-04-24,0.2964,2026-09-01
1736,2025-04-24,0.3844,2026-10-01
1737,2025-04-24,0.3852,2026-10-01
1738,2025-04-24,0.3384,2026-11-01
1739,2025-04-24,0.3442,2026-11-01
1740,2025-04-24,0.543,2026-12-01
1741,2025-04-24,0.5497,2026-12-01
1742,2025-04-24,0.4295,2027-01-01
1743,2025-04-24,0.4174,2027-01-01
1744,2025-04-24,0.5959,2027-02-01
1745,2025-04-24,0.5878,2027-02-01
1746,2025-04-24,0.3703,2027-03-01
1747,2025-04-24,0.3738,2027-03-01
1748,2025-04-24,0.3674,2027-04-01
1749,2025-04-24,0.3778,2027-04-01
1750,2025-04-25,0.4332,2025-04-01
1751,2025-04-25,0.435,2025-04-01
1752,2025-04-25,0.3661,2025-05-01
1753,2025-04-25,0.3707,2025-05-01
1754,2025-04-25,0.3508,2025-06-01
1755,2025-04-25,0.3493,2025-06-01
1756,2025-04-25,0.3096,2025-07-01
1757,2025-04-25,0.3132,2025-07-01
1758,2025-04-25,0.3554,2025-08-01
1759,2025-04-25,0.3478,2025-08-01
1760,2025-04-25,0.3119,2025-09-01
1761,2025-04-25,0.3138,2025-09-01
1762,2025-04-25,0.3845,2025-10-01
1763,2025-04-25,0.3861,2025-10-01
1764,2025-04-25,0.3229,2025-11-01
1765,2025-04-25,0.3271,2025-11-01
1766,2025-04-25,0.5544,2025-12-01
1767,2025-04-25,0.5531,2025-12-01
1768,2025-04-25,0.456,2026-01-01
1769,2025-04-25,0.4516,2026-01-01
1770,2025-04-25,0.6224,2026-02-01
1771,2025-04-25,0.619,2026-02-01
1772,2025-04-25,0.3886,2026-03-01
1773,2025-04-25,0.3915,2026-03-01
1774,2025-04-25,0.4088,2026-04-01
1775,2025-04-25,0.4059,2026-04-01
1776,2025-04-25,0.2971,2026-05-01
1777,2025-04-25,0.3028,2026-05-01
1778,2025-04-25,0.2528,2026-06-01
1779,2025-04-25,0.2542,2026-06-01
1780,2025-04-25,0.2421,2026-07-01
1781,2025-04-25,0.2464,2026-07-01
1782,2025-04-25,0.211,2026-08-01
1783,2025-04-25,0.2107,2026-08-01
1784,2025-04-25,0.2964,2026-09-01
1785,2025-04-25,0.2967,2026-09-01
1786,2025-04-25,0.3774,2026-10-01
1787,2025-04-25,0.3832,2026-10-01
1788,2025-04-25,0.3345,2026-11-01
1789,2025-04-25,0.343,2026-11-01
1790,2025-04-25,0.5377,2026-12-01
1791,2025-04-25,0.5497,2026-12-01
1792,2025-04-25,0.4197,2027-01-01
1793,2025-04-25,0.4153,2027-01-01
1794,2025-04-25,0.5786,2027-02-01
1795,2025-04-25,0.5824,2027-02-01
1796,2025-04-25,0.3614,2027-03-01
1797,2025-04-25,0.3696,2027-03-01
1798,2025-04-25,0.3614,2027-04-01
1799,2025-04-25,0.3695,2027-04-01
1800,2025-04-28,0.4387,2025-04-01
1801,2025-04-28,0.436,2025-04-01
1802,2025-04-28,0.3716,2025-05-01
1803,2025-04-28,0.371,2025-05-01
1804,2025-04-28,0.3497,2025-06-01
1805,2025-04-28,0.3508,2025-06-01
1806,2025-04-28,0.3029,2025-07-01
1807,2025-04-28,0.3072,2025-07-01
1808,2025-04-28,0.3478,2025-08-01
1809,2025-04-28,0.3535,2025-08-01
1810,2025-04-28,0.2918,2025-09-01
1811,2025-04-28,0.3106,2025-09-01
1812,2025-04-28,0.3788,2025-10-01
1813,2025-04-28,0.3882,2025-10-01
1814,2025-04-28,0.3148,2025-11-01
1815,2025-04-28,0.323,2025-11-01
1816,2025-04-28,0.5327,2025-12-01
1817,2025-04-28,0.5524,2025-12-01
1818,2025-04-28,0.4321,2026-01-01
1819,2025-04-28,0.452,2026-01-01
1820,2025-04-28,0.6254,2026-02-01
1821,2025-04-28,0.6163,2026-02-01
1822,2025-04-28,0.3893,2026-03-01
1823,2025-04-28,0.3927,2026-03-01
1824,2025-04-28,0.3826,2026-04-01
1825,2025-04-28,0.4065,2026-04-01
1826,2025-04-28,0.2946,2026-05-01
1827,2025-04-28,0.2992,2026-05-01
1828,2025-04-28,0.2473,2026-06-01
1829,2025-04-28,0.254,2026-06-01
1830,2025-04-28,0.2127,2026-07-01
1831,2025-04-28,0.2447,2026-07-01
1832,2025-04-28,0.1941,2026-08-01
1833,2025-04-28,0.2091,2026-08-01
1834,2025-04-28,0.2956,2026-09-01
1835,2025-04-28,0.2968,2026-09-01
1836,2025-04-28,0.3643,2026-10-01
1837,2025-04-28,0.3821,2026-10-01
1838,2025-04-28,0.3323,2026-11-01
1839,2025-04-28,0.3392,2026-11-01
1840,2025-04-28,0.5364,2026-12-01
1841,2025-04-28,0.551,2026-12-01
1842,2025-04-28,0.3912,2027-01-01
1843,2025-04-28,0.4134,2027-01-01
1844,2025-04-28,0.5604,2027-02-01
1845,2025-04-28,0.5794,2027-02-01
1846,2025-04-28,0.3489,2027-03-01
1847,2025-04-28,0.3717,2027-03-01
1848,2025-04-28,0.3312,2027-04-01
1849,2025-04-28,0.3693,2027-04-01
1850,2025-04-29,0.4361,2025-04-01
1851,2025-04-29,0.4359,2025-04-01
1852,2025-04-29,0.3729,2025-05-01
1853,2025-04-29,0.3722,2025-05-01
1854,2025-04-29,0.3529,2025-06-01
1855,2025-04-29,0.3499,2025-06-01
1856,2025-04-29,0.2963,2025-07-01
1857,2025-04-29,0.3037,2025-07-01
1858,2025-04-29,0.3521,2025-08-01
1859,2025-04-29,0.3578,2025-08-01
1860,2025-04-29,0.2961,2025-09-01
1861,2025-04-29,0.3091,2025-09-01
1862,2025-04-29,0.3794,2025-10-01
1863,2025-04-29,0.3882,2025-10-01
1864,2025-04-29,0.3185,2025-11-01
1865,2025-04-29,0.3233,2025-11-01
1866,2025-04-29,0.5367,2025-12-01
1867,2025-04-29,0.5519,2025-12-01
1868,2025-04-29,0.4311,2026-01-01
1869,2025-04-29,0.4509,2026-01-01
1870,2025-04-29,0.6207,2026-02-01
1871,2025-04-29,0.6163,2026-02-01
1872,2025-04-29,0.3906,2026-03-01
1873,2025-04-29,0.3927,2026-03-01
1874,2025-04-29,0.3867,2026-04-01
1875,2025-04-29,0.4069,2026-04-01
1876,2025-04-29,0.2935,2026-05-01
1877,2025-04-29,0.2983,2026-05-01
1878,2025-04-29,0.2497,2026-06-01
1879,2025-04-29,0.2531,2026-06-01
1880,2025-04-29,0.217,2026-07-01
1881,2025-04-29,0.2461,2026-07-01
1882,2025-04-29,0.1922,2026-08-01
1883,2025-04-29,0.2081,2026-08-01
1884,2025-04-29,0.2956,2026-09-01
1885,2025-04-29,0.2955,2026-09-01
1886,2025-04-29,0.3734,2026-10-01
1887,2025-04-29,0.3833,2026-10-01
1888,2025-04-29,0.3323,2026-11-01
1889,2025-04-29,0.3388,2026-11-01
1890,2025-04-29,0.5393,2026-12-01
1891,2025-04-29,0.552,2026-12-01
1892,2025-04-29,0.3961,2027-01-01
1893,2025-04-29,0.4134,2027-01-01
1894,2025-04-29,0.5608,2027-02-01
1895,2025-04-29,0.5785,2027-02-01
1896,2025-04-29,0.354,2027-03-01
1897,2025-04-29,0.3718,2027-03-01
1898,2025-04-29,0.3395,2027-04-01
1899,2025-04-29,0.3691,2027-04-01
1900,2025-04-30,0.4312,2025-04-01
1901,2025-04-30,0.4348,2025-04-01
1902,2025-04-30,0.3737,2025-05-01
1903,2025-04-30,0.3748,2025-05-01
1904,2025-04-30,0.3458,2025-06-01
1905,2025-04-30,0.3481,2025-06-01
1906,2025-04-30,0.2904,2025-07-01
1907,2025-04-30,0.2986,2025-07-01
1908,2025-04-30,0.3611,2025-08-01
1909,2025-04-30,0.364,2025-08-01
1910,2025-04-30,0.2928,2025-09-01
1911,2025-04-30,0.3076,2025-09-01
1912,2025-04-30,0.3738,2025-10-01
1913,2025-04-30,0.3891,2025-10-01
1914,2025-04-30,0.3137,2025-11-01
1915,2025-04-30,0.3221,2025-11-01
1916,2025-04-30,0.5339,2025-12-01
1917,2025-04-30,0.5494,2025-12-01
1918,2025-04-30,0.4341,2026-01-01
1919,2025-04-30,0.4513,2026-01-01
1920,2025-04-30,0.6235,2026-02-01
1921,2025-04-30,0.6182,2026-02-01
1922,2025-04-30,0.3911,2026-03-01
1923,2025-04-30,0.393,2026-03-01
1924,2025-04-30,0.395,2026-04-01
1925,2025-04-30,0.4081,2026-04-01
1926,2025-04-30,0.293,2026-05-01
1927,2025-04-30,0.2986,2026-05-01
1928,2025-04-30,0.2414,2026-06-01
1929,2025-04-30,0.2535,2026-06-01
1930,2025-04-30,0.224,2026-07-01
1931,2025-04-30,0.2484,2026-07-01
1932,2025-04-30,0.1875,2026-08-01
1933,2025-04-30,0.2092,2026-08-01
1934,2025-04-30,0.2919,2026-09-01
1935,2025-04-30,0.2953,2026-09-01
1936,2025-04-30,0.377,2026-10-01
1937,2025-04-30,0.3831,2026-10-01
1938,2025-04-30,0.3378,2026-11-01
1939,2025-04-30,0.3406,2026-11-01
1940,2025-04-30,0.5383,2026-12-01
1941,2025-04-30,0.5463,2026-12-01
1942,2025-04-30,0.3899,2027-01-01
1943,2025-04-30,0.4131,2027-01-01
1944,2025-04-30,0.5713,2027-02-01
1945,2025-04-30,0.5777,2027-02-01
1946,2025-04-30,0.364,2027-03-01
1947,2025-04-30,0.3721,2027-03-01
1948,2025-04-30,0.3412,2027-04-01
1949,2025-04-30,0.3677,2027-04-01
1950,2025-05-02,0.4269,2025-04-01
1951,2025-05-02,0.4308,2025-04-01
1952,2025-05-02,0.3766,2025-05-01
1953,2025-05-02,0.3772,2025-05-01
1954,2025-05-02,0.343,2025-06-01
1955,2025-05-02,0.3409,2025-06-01
1956,2025-05-02,0.2869,2025-07-01
1957,2025-05-02,0.2905,2025-07-01
1958,2025-05-02,0.373,2025-08-01
1959,2025-05-02,0.3653,2025-08-01
1960,2025-05-02,0.3022,2025-09-01
1961,2025-05-02,0.3093,2025-09-01
1962,2025-05-02,0.3808,2025-10-01
1963,2025-05-02,0.3857,2025-10-01
1964,2025-05-02,0.3123,2025-11-01
1965,2025-05-02,0.323,2025-11-01
1966,2025-05-02,0.5443,2025-12-01
1967,2025-05-02,0.5468,2025-12-01
1968,2025-05-02,0.4556,2026-01-01
1969,2025-05-02,0.4546,2026-01-01
1970,2025-05-02,0.619,2026-02-01
1971,2025-05-02,0.619,2026-02-01
1972,2025-05-02,0.3934,2026-03-01
1973,2025-05-02,0.3958,2026-03-01
1974,2025-05-02,0.4156,2026-04-01
1975,2025-05-02,0.4102,2026-04-01
1976,2025-05-02,0.3053,2026-05-01
1977,2025-05-02,0.3009,2026-05-01
1978,2025-05-02,0.2527,2026-06-01
1979,2025-05-02,0.254,2026-06-01
1980,2025-05-02,0.2439,2026-07-01
1981,2025-05-02,0.2483,2026-07-01
1982,2025-05-02,0.2048,2026-08-01
1983,2025-05-02,0.2078,2026-08-01
1984,2025-05-02,0.293,2026-09-01
1985,2025-05-02,0.2956,2026-09-01
1986,2025-05-02,0.3847,2026-10-01
1987,2025-05-02,0.382,2026-10-01
1988,2025-05-02,0.3459,2026-11-01
1989,2025-05-02,0.344,2026-11-01
1990,2025-05-02,0.5387,2026-12-01
1991,2025-05-02,0.5462,2026-12-01
1992,2025-05-02,0.4158,2027-01-01
1993,2025-05-02,0.4124,2027-01-01
1994,2025-05-02,0.5804,2027-02-01
1995,2025-05-02,0.5774,2027-02-01
1996,2025-05-02,0.3795,2027-03-01
1997,2025-05-02,0.3776,2027-03-01
1998,2025-05-02,0.3658,2027-04-01
1999,2025-05-02,0.3719,2027-04-01
2000,2025-05-05,0.4247,2025-04-01
2001,2025-05-05,0.4304,2025-04-01
2002,2025-05-05,0.3778,2025-05-01
2003,2025-05-05,0.3764,2025-05-01
2004,2025-05-05,0.3411,2025-06-01
2005,2025-05-05,0.3393,2025-06-01
2006,2025-05-05,0.2851,2025-07-01
2007,2025-05-05,0.2898,2025-07-01
2008,2025-05-05,0.3762,2025-08-01
2009,2025-05-05,0.3653,2025-08-01
2010,2025-05-05,0.3009,2025-09-01
2011,2025-05-05,0.3102,2025-09-01
2012,2025-05-05,0.3814,2025-10-01
2013,2025-05-05,0.3856,2025-10-01
2014,2025-05-05,0.3104,2025-11-01
2015,2025-05-05,0.3236,2025-11-01
2016,2025-05-05,0.541,2025-12-01
2017,2025-05-05,0.5454,2025-12-01
2018,2025-05-05,0.4631,2026-01-01
2019,2025-05-05,0.4543,2026-01-01
2020,2025-05-05,0.6228,2026-02-01
2021,2025-05-05,0.6189,2026-02-01
2022,2025-05-05,0.3934,2026-03-01
2023,2025-05-05,0.3957,2026-03-01
2024,2025-05-05,0.4194,2026-04-01
2025,2025-05-05,0.41,2026-04-01
2026,2025-05-05,0.3071,2026-05-01
2027,2025-05-05,0.3009,2026-05-01
2028,2025-05-05,0.2536,2026-06-01
2029,2025-05-05,0.2541,2026-06-01
2030,2025-05-05,0.2513,2026-07-01
2031,2025-05-05,0.2482,2026-07-01
2032,2025-05-05,0.2058,2026-08-01
2033,2025-05-05,0.2079,2026-08-01
2034,2025-05-05,0.2992,2026-09-01
2035,2025-05-05,0.2957,2026-09-01
2036,2025-05-05,0.3867,2026-10-01
2037,2025-05-05,0.3816,2026-10-01
2038,2025-05-05,0.3393,2026-11-01
2039,2025-05-05,0.3442,2026-11-01
2040,2025-05-05,0.5538,2026-12-01
2041,2025-05-05,0.5455,2026-12-01
2042,2025-05-05,0.4166,2027-01-01
2043,2025-05-05,0.4123,2027-01-01
2044,2025-05-05,0.5904,2027-02-01
2045,2025-05-05,0.5776,2027-02-01
2046,2025-05-05,0.3889,2027-03-01
2047,2025-05-05,0.3779,2027-03-01
2048,2025-05-05,0.378,2027-04-01
2049,2025-05-05,0.3694,2027-04-01
2050,2025-05-06,0.4234,2025-04-01
2051,2025-05-06,0.4304,2025-04-01
2052,2025-05-06,0.3758,2025-05-01
2053,2025-05-06,0.3767,2025-05-01
2054,2025-05-06,0.3392,2025-06-01
2055,2025-05-06,0.3386,2025-06-01
2056,2025-05-06,0.2861,2025-07-01
2057,2025-05-06,0.2893,2025-07-01
2058,2025-05-06,0.3787,2025-08-01
2059,2025-05-06,0.3635,2025-08-01
2060,2025-05-06,0.2982,2025-09-01
2061,2025-05-06,0.3099,2025-09-01
2062,2025-05-06,0.3805,2025-10-01
2063,2025-05-06,0.3862,2025-10-01
2064,2025-05-06,0.3112,2025-11-01
2065,2025-05-06,0.3263,2025-11-01
2066,2025-05-06,0.542,2025-12-01
2067,2025-05-06,0.5462,2025-12-01
2068,2025-05-06,0.4675,2026-01-01
2069,2025-05-06,0.456,2026-01-01
2070,2025-05-06,0.6218,2026-02-01
2071,2025-05-06,0.619,2026-02-01
2072,2025-05-06,0.3891,2026-03-01
2073,2025-05-06,0.3939,2026-03-01
2074,2025-05-06,0.4205,2026-04-01
2075,2025-05-06,0.409,2026-04-01
2076,2025-05-06,0.3092,2026-05-01
2077,2025-05-06,0.3021,2026-05-01
2078,2025-05-06,0.254,2026-06-01
2079,2025-05-06,0.254,2026-06-01
2080,2025-05-06,0.2514,2026-07-01
2081,2025-05-06,0.2479,2026-07-01
2082,2025-05-06,0.2044,2026-08-01
2083,2025-05-06,0.2072,2026-08-01
2084,2025-05-06,0.2967,2026-09-01
2085,2025-05-06,0.2951,2026-09-01
2086,2025-05-06,0.3859,2026-10-01
2087,2025-05-06,0.3818,2026-10-01
2088,2025-05-06,0.3424,2026-11-01
2089,2025-05-06,0.3468,2026-11-01
2090,2025-05-06,0.5567,2026-12-01
2091,2025-05-06,0.5464,2026-12-01
2092,2025-05-06,0.4201,2027-01-01
2093,2025-05-06,0.4151,2027-01-01
2094,2025-05-06,0.5929,2027-02-01
2095,2025-05-06,0.5783,2027-02-01
2096,2025-05-06,0.3849,2027-03-01
2097,2025-05-06,0.3758,2027-03-01
2098,2025-05-06,0.3754,2027-04-01
2099,2025-05-06,0.3686,2027-04-01
2100,2025-05-07,0.4214,2025-04-01
2101,2025-05-07,0.4298,2025-04-01
2102,2025-05-07,0.3749,2025-05-01
2103,2025-05-07,0.3769,2025-05-01
2104,2025-05-07,0.3397,2025-06-01
2105,2025-05-07,0.3388,2025-06-01
2106,2025-05-07,0.287,2025-07-01
2107,2025-05-07,0.2858,2025-07-01
2108,2025-05-07,0.3781,2025-08-01
2109,2025-05-07,0.3636,2025-08-01
2110,2025-05-07,0.2963,2025-09-01
2111,2025-05-07,0.3097,2025-09-01
2112,2025-05-07,0.3841,2025-10-01
2113,2025-05-07,0.3865,2025-10-01
2114,2025-05-07,0.3108,2025-11-01
2115,2025-05-07,0.327,2025-11-01
2116,2025-05-07,0.5408,2025-12-01
2117,2025-05-07,0.5467,2025-12-01
2118,2025-05-07,0.4694,2026-01-01
2119,2025-05-07,0.4556,2026-01-01
2120,2025-05-07,0.6257,2026-02-01
2121,2025-05-07,0.6186,2026-02-01
2122,2025-05-07,0.3894,2026-03-01
2123,2025-05-07,0.3939,2026-03-01
2124,2025-05-07,0.4214,2026-04-01
2125,2025-05-07,0.4088,2026-04-01
2126,2025-05-07,0.3091,2026-05-01
2127,2025-05-07,0.3007,2026-05-01
2128,2025-05-07,0.2509,2026-06-01
2129,2025-05-07,0.2528,2026-06-01
2130,2025-05-07,0.252,2026-07-01
2131,2025-05-07,0.2474,2026-07-01
2132,2025-05-07,0.2051,2026-08-01
2133,2025-05-07,0.2071,2026-08-01
2134,2025-05-07,0.2962,2026-09-01
2135,2025-05-07,0.2951,2026-09-01
2136,2025-05-07,0.3862,2026-10-01
2137,2025-05-07,0.3817,2026-10-01
2138,2025-05-07,0.3443,2026-11-01
2139,2025-05-07,0.3468,2026-11-01
2140,2025-05-07,0.5571,2026-12-01
2141,2025-05-07,0.5463,2026-12-01
2142,2025-05-07,0.4229,2027-01-01
2143,2025-05-07,0.4151,2027-01-01
2144,2025-05-07,0.5986,2027-02-01
2145,2025-05-07,0.5783,2027-02-01
2146,2025-05-07,0.388,2027-03-01
2147,2025-05-07,0.3758,2027-03-01
2148,2025-05-07,0.3783,2027-04-01
2149,2025-05-07,0.3686,2027-04-01
2150,2025-05-08,0.4202,2025-04-01
2151,2025-05-08,0.4298,2025-04-01
2152,2025-05-08,0.3754,2025-05-01
2153,2025-05-08,0.3772,2025-05-01
2154,2025-05-08,0.3423,2025-06-01
2155,2025-05-08,0.3384,2025-06-01
2156,2025-05-08,0.2864,2025-07-01
2157,2025-05-08,0.2859,2025-07-01
2158,2025-05-08,0.3836,2025-08-01
2159,2025-05-08,0.3636,2025-08-01
2160,2025-05-08,0.2968,2025-09-01
2161,2025-05-08,0.3097,2025-09-01
2162,2025-05-08,0.3845,2025-10-01
2163,2025-05-08,0.3865,2025-10-01
2164,2025-05-08,0.3103,2025-11-01
2165,2025-05-08,0.327,2025-11-01
2166,2025-05-08,0.5472,2025-12-01
2167,2025-05-08,0.5467,2025-12-01
2168,2025-05-08,0.4694,2026-01-01
2169,2025-05-08,0.4554,2026-01-01
2170,2025-05-08,0.6306,2026-02-01
2171,2025-05-08,0.6185,2026-02-01
2172,2025-05-08,0.3906,2026-03-01
2173,2025-05-08,0.3941,2026-03-01
2174,2025-05-08,0.4211,2026-04-01
2175,2025-05-08,0.4092,2026-04-01
2176,2025-05-08,0.3138,2026-05-01
2177,2025-05-08,0.3011,2026-05-01
2178,2025-05-08,0.2511,2026-06-01
2179,2025-05-08,0.2531,2026-06-01
2180,2025-05-08,0.2508,2026-07-01
2181,2025-05-08,0.2478,2026-07-01
2182,2025-05-08,0.2078,2026-08-01
2183,2025-05-08,0.2072,2026-08-01
2184,2025-05-08,0.297,2026-09-01
2185,2025-05-08,0.2951,2026-09-01
2186,2025-05-08,0.3825,2026-10-01
2187,2025-05-08,0.382,2026-10-01
2188,2025-05-08,0.3429,2026-11-01
2189,2025-05-08,0.3478,2026-11-01
2190,2025-05-08,0.5636,2026-12-01
2191,2025-05-08,0.5467,2026-12-01
2192,2025-05-08,0.4266,2027-01-01
2193,2025-05-08,0.4145,2027-01-01
2194,2025-05-08,0.6014,2027-02-01
2195,2025-05-08,0.5777,2027-02-01
2196,2025-05-08,0.3823,2027-03-01
2197,2025-05-08,0.3758,2027-03-01
2198,2025-05-08,0.3751,2027-04-01
2199,2025-05-08,0.3687,2027-04-01
2200,2025-05-09,0.3881,2025-05-01
2201,2025-05-09,0.3805,2025-05-01
2202,2025-05-09,0.3282,2025-06-01
2203,2025-05-09,0.334,2025-06-01
2204,2025-05-09,0.2611,2025-07-01
2205,2025-05-09,0.2775,2025-07-01
2206,2025-05-09,0.3446,2025-08-01
2207,2025-05-09,0.3646,2025-08-01
2208,2025-05-09,0.3054,2025-09-01
2209,2025-05-09,0.3072,2025-09-01
2210,2025-05-09,0.3952,2025-10-01
2211,2025-05-09,0.3853,2025-10-01
2212,2025-05-09,0.3194,2025-11-01
2213,2025-05-09,0.323,2025-11-01
2214,2025-05-09,0.5475,2025-12-01
2215,2025-05-09,0.5433,2025-12-01
2216,2025-05-09,0.4646,2026-01-01
2217,2025-05-09,0.4544,2026-01-01
2218,2025-05-09,0.6359,2026-02-01
2219,2025-05-09,0.6165,2026-02-01
2220,2025-05-09,0.3854,2026-03-01
2221,2025-05-09,0.3925,2026-03-01
2222,2025-05-09,0.4113,2026-04-01
2223,2025-05-09,0.4104,2026-04-01
2224,2025-05-09,0.3139,2026-05-01
2225,2025-05-09,0.3003,2026-05-01
2226,2025-05-09,0.2526,2026-06-01
2227,2025-05-09,0.2531,2026-06-01
2228,2025-05-09,0.2514,2026-07-01
2229,2025-05-09,0.2499,2026-07-01
2230,2025-05-09,0.2004,2026-08-01
2231,2025-05-09,0.2077,2026-08-01
2232,2025-05-09,0.2983,2026-09-01
2233,2025-05-09,0.2947,2026-09-01
2234,2025-05-09,0.3673,2026-10-01
2235,2025-05-09,0.3817,2026-10-01
2236,2025-05-09,0.339,2026-11-01
2237,2025-05-09,0.3464,2026-11-01
2238,2025-05-09,0.577,2026-12-01
2239,2025-05-09,0.5466,2026-12-01
2240,2025-05-09,0.3889,2027-01-01
2241,2025-05-09,0.4137,2027-01-01
2242,2025-05-09,0.614,2027-02-01
2243,2025-05-09,0.5782,2027-02-01
2244,2025-05-09,0.3732,2027-03-01
2245,2025-05-09,0.3735,2027-03-01
2246,2025-05-09,0.3773,2027-04-01
2247,2025-05-09,0.3699,2027-04-01
2248,2025-05-09,0.2895,2027-05-01
2249,2025-05-09,0.2895,2027-05-01
2250,2025-05-12,0.3829,2025-05-01
2251,2025-05-12,0.3813,2025-05-01
2252,2025-05-12,0.3183,2025-06-01
2253,2025-05-12,0.3353,2025-06-01
2254,2025-05-12,0.2619,2025-07-01
2255,2025-05-12,0.2763,2025-07-01
2256,2025-05-12,0.34,2025-08-01
2257,2025-05-12,0.3668,2025-08-01
2258,2025-05-12,0.3029,2025-09-01
2259,2025-05-12,0.3061,2025-09-01
2260,2025-05-12,0.3952,2025-10-01
2261,2025-05-12,0.3849,2025-10-01
2262,2025-05-12,0.314,2025-11-01
2263,2025-05-12,0.3232,2025-11-01
2264,2025-05-12,0.5538,2025-12-01
2265,2025-05-12,0.5423,2025-12-01
2266,2025-05-12,0.4457,2026-01-01
2267,2025-05-12,0.4542,2026-01-01
2268,2025-05-12,0.6348,2026-02-01
2269,2025-05-12,0.6164,2026-02-01
2270,2025-05-12,0.379,2026-03-01
2271,2025-05-12,0.3924,2026-03-01
2272,2025-05-12,0.3978,2026-04-01
2273,2025-05-12,0.4104,2026-04-01
2274,2025-05-12,0.3012,2026-05-01
2275,2025-05-12,0.3003,2026-05-01
2276,2025-05-12,0.2441,2026-06-01
2277,2025-05-12,0.2531,2026-06-01
2278,2025-05-12,0.2371,2026-07-01
2279,2025-05-12,0.2499,2026-07-01
2280,2025-05-12,0.1887,2026-08-01
2281,2025-05-12,0.2077,2026-08-01
2282,2025-05-12,0.2844,2026-09-01
2283,2025-05-12,0.2946,2026-09-01
2284,2025-05-12,0.3704,2026-10-01
2285,2025-05-12,0.3816,2026-10-01
2286,2025-05-12,0.3466,2026-11-01
2287,2025-05-12,0.3464,2026-11-01
2288,2025-05-12,0.5374,2026-12-01
2289,2025-05-12,0.5465,2026-12-01
2290,2025-05-12,0.4064,2027-01-01
2291,2025-05-12,0.4137,2027-01-01
2292,2025-05-12,0.6279,2027-02-01
2293,2025-05-12,0.5782,2027-02-01
2294,2025-05-12,0.3773,2027-03-01
2295,2025-05-12,0.3735,2027-03-01
2296,2025-05-12,0.3745,2027-04-01
2297,2025-05-12,0.3698,2027-04-01
2298,2025-05-12,0.2861,2027-05-01
2299,2025-05-12,0.2861,2027-05-01
2300,2025-05-13,0.386,2025-05-01
2301,2025-05-13,0.3816,2025-05-01
2302,2025-05-13,0.3228,2025-06-01
2303,2025-05-13,0.3343,2025-06-01
2304,2025-05-13,0.2641,2025-07-01
2305,2025-05-13,0.2756,2025-07-01
2306,2025-05-13,0.3542,2025-08-01
2307,2025-05-13,0.3687,2025-08-01
2308,2025-05-13,0.3072,2025-09-01
2309,2025-05-13,0.3051,2025-09-01
2310,2025-05-13,0.394,2025-10-01
2311,2025-05-13,0.3851,2025-10-01
2312,2025-05-13,0.309,2025-11-01
2313,2025-05-13,0.3228,2025-11-01
2314,2025-05-13,0.5572,2025-12-01
2315,2025-05-13,0.5424,2025-12-01
2316,2025-05-13,0.4441,2026-01-01
2317,2025-05-13,0.4539,2026-01-01
2318,2025-05-13,0.634,2026-02-01
2319,2025-05-13,0.6174,2026-02-01
2320,2025-05-13,0.3899,2026-03-01
2321,2025-05-13,0.3936,2026-03-01
2322,2025-05-13,0.4036,2026-04-01
2323,2025-05-13,0.4116,2026-04-01
2324,2025-05-13,0.3005,2026-05-01
2325,2025-05-13,0.3003,2026-05-01
2326,2025-05-13,0.2463,2026-06-01
2327,2025-05-13,0.2531,2026-06-01
2328,2025-05-13,0.2348,2026-07-01
2329,2025-05-13,0.2499,2026-07-01
2330,2025-05-13,0.1909,2026-08-01
2331,2025-05-13,0.2077,2026-08-01
2332,2025-05-13,0.2854,2026-09-01
2333,2025-05-13,0.2946,2026-09-01
2334,2025-05-13,0.366,2026-10-01
2335,2025-05-13,0.3816,2026-10-01
2336,2025-05-13,0.3416,2026-11-01
2337,2025-05-13,0.3464,2026-11-01
2338,2025-05-13,0.5383,2026-12-01
2339,2025-05-13,0.5486,2026-12-01
2340,2025-05-13,0.3955,2027-01-01
2341,2025-05-13,0.4137,2027-01-01
2342,2025-05-13,0.6161,2027-02-01
2343,2025-05-13,0.5782,2027-02-01
2344,2025-05-13,0.3747,2027-03-01
2345,2025-05-13,0.3735,2027-03-01
2346,2025-05-13,0.3696,2027-04-01
2347,2025-05-13,0.3698,2027-04-01
2348,2025-05-13,0.2863,2027-05-01
2349,2025-05-13,0.2863,2027-05-01
2350,2025-05-14,0.3919,2025-05-01
2351,2025-05-14,0.3838,2025-05-01
2352,2025-05-14,0.3236,2025-06-01
2353,2025-05-14,0.3351,2025-06-01
2354,2025-05-14,0.2577,2025-07-01
2355,2025-05-14,0.2732,2025-07-01
2356,2025-05-14,0.3617,2025-08-01
2357,2025-05-14,0.37,2025-08-01
2358,2025-05-14,0.3016,2025-09-01
2359,2025-05-14,0.3036,2025-09-01
2360,2025-05-14,0.3956,2025-10-01
2361,2025-05-14,0.3843,2025-10-01
2362,2025-05-14,0.3153,2025-11-01
2363,2025-05-14,0.3208,2025-11-01
2364,2025-05-14,0.5516,2025-12-01
2365,2025-05-14,0.5409,2025-12-01
2366,2025-05-14,0.4486,2026-01-01
2367,2025-05-14,0.4533,2026-01-01
2368,2025-05-14,0.6231,2026-02-01
2369,2025-05-14,0.6171,2026-02-01
2370,2025-05-14,0.3899,2026-03-01
2371,2025-05-14,0.3966,2026-03-01
2372,2025-05-14,0.3977,2026-04-01
2373,2025-05-14,0.4129,2026-04-01
2374,2025-05-14,0.3025,2026-05-01
2375,2025-05-14,0.3008,2026-05-01
2376,2025-05-14,0.2488,2026-06-01
2377,2025-05-14,0.2533,2026-06-01
2378,2025-05-14,0.2304,2026-07-01
2379,2025-05-14,0.2496,2026-07-01
2380,2025-05-14,0.1817,2026-08-01
2381,2025-05-14,0.2071,2026-08-01
2382,2025-05-14,0.2817,2026-09-01
2383,2025-05-14,0.2946,2026-09-01
2384,2025-05-14,0.3662,2026-10-01
2385,2025-05-14,0.3814,2026-10-01
2386,2025-05-14,0.3473,2026-11-01
2387,2025-05-14,0.346,2026-11-01
2388,2025-05-14,0.5778,2026-12-01
2389,2025-05-14,0.5482,2026-12-01
2390,2025-05-14,0.4058,2027-01-01
2391,2025-05-14,0.4126,2027-01-01
2392,2025-05-14,0.6045,2027-02-01
2393,2025-05-14,0.5771,2027-02-01
2394,2025-05-14,0.3819,2027-03-01
2395,2025-05-14,0.3763,2027-03-01
2396,2025-05-14,0.3731,2027-04-01
2397,2025-05-14,0.3711,2027-04-01
2398,2025-05-14,0.2982,2027-05-01
2399,2025-05-14,0.2982,2027-05-01
2400,2025-05-15,0.3893,2025-05-01
2401,2025-05-15,0.3817,2025-05-01
2402,2025-05-15,0.3189,2025-06-01
2403,2025-05-15,0.3325,2025-06-01
2404,2025-05-15,0.2667,2025-07-01
2405,2025-05-15,0.2744,2025-07-01
2406,2025-05-15,0.3515,2025-08-01
2407,2025-05-15,0.3671,2025-08-01
2408,2025-05-15,0.3035,2025-09-01
2409,2025-05-15,0.3032,2025-09-01
2410,2025-05-15,0.3936,2025-10-01
2411,2025-05-15,0.3831,2025-10-01
2412,2025-05-15,0.3179,2025-11-01
2413,2025-05-15,0.319,2025-11-01
2414,2025-05-15,0.5505,2025-12-01
2415,2025-05-15,0.5421,2025-12-01
2416,2025-05-15,0.4482,2026-01-01
2417,2025-05-15,0.4541,2026-01-01
2418,2025-05-15,0.6184,2026-02-01
2419,2025-05-15,0.618,2026-02-01
2420,2025-05-15,0.3879,2026-03-01
2421,2025-05-15,0.394,2026-03-01
2422,2025-05-15,0.3976,2026-04-01
2423,2025-05-15,0.4131,2026-04-01
2424,2025-05-15,0.2996,2026-05-01
2425,2025-05-15,0.2987,2026-05-01
2426,2025-05-15,0.2484,2026-06-01
2427,2025-05-15,0.2528,2026-06-01
2428,2025-05-15,0.2303,2026-07-01
2429,2025-05-15,0.25,2026-07-01
2430,2025-05-15,0.1821,2026-08-01
2431,2025-05-15,0.2045,2026-08-01
2432,2025-05-15,0.2822,2026-09-01
2433,2025-05-15,0.2928,2026-09-01
2434,2025-05-15,0.372,2026-10-01
2435,2025-05-15,0.3807,2026-10-01
2436,2025-05-15,0.3454,2026-11-01
2437,2025-05-15,0.3433,2026-11-01
2438,2025-05-15,0.573,2026-12-01
2439,2025-05-15,0.5503,2026-12-01
2440,2025-05-15,0.406,2027-01-01
2441,2025-05-15,0.4132,2027-01-01
2442,2025-05-15,0.5901,2027-02-01
2443,2025-05-15,0.5718,2027-02-01
2444,2025-05-15,0.3747,2027-03-01
2445,2025-05-15,0.3705,2027-03-01
2446,2025-05-15,0.3682,2027-04-01
2447,2025-05-15,0.3663,2027-04-01
2448,2025-05-15,0.2906,2027-05-01
2449,2025-05-15,0.2906,2027-05-01
2450,2025-05-16,0.3976,2025-05-01
2451,2025-05-16,0.3868,2025-05-01
2452,2025-05-16,0.3389,2025-06-01
2453,2025-05-16,0.3383,2025-06-01
2454,2025-05-16,0.2659,2025-07-01
2455,2025-05-16,0.268,2025-07-01
2456,2025-05-16,0.3853,2025-08-01
2457,2025-05-16,0.3739,2025-08-01
2458,2025-05-16,0.284,2025-09-01
2459,2025-05-16,0.2988,2025-09-01
2460,2025-05-16,0.3789,2025-10-01
2461,2025-05-16,0.3808,2025-10-01
2462,2025-05-16,0.3135,2025-11-01
2463,2025-05-16,0.318,2025-11-01
2464,2025-05-16,0.5501,2025-12-01
2465,2025-05-16,0.5438,2025-12-01
2466,2025-05-16,0.4551,2026-01-01
2467,2025-05-16,0.4569,2026-01-01
2468,2025-05-16,0.6222,2026-02-01
2469,2025-05-16,0.6229,2026-02-01
2470,2025-05-16,0.396,2026-03-01
2471,2025-05-16,0.3998,2026-03-01
2472,2025-05-16,0.4018,2026-04-01
2473,2025-05-16,0.4149,2026-04-01
2474,2025-05-16,0.3036,2026-05-01
2475,2025-05-16,0.3007,2026-05-01
2476,2025-05-16,0.239,2026-06-01
2477,2025-05-16,0.2539,2026-06-01
2478,2025-05-16,0.22,2026-07-01
2479,2025-05-16,0.2474,2026-07-01
2480,2025-05-16,0.183,2026-08-01
2481,2025-05-16,0.2034,2026-08-01
2482,2025-05-16,0.2891,2026-09-01
2483,2025-05-16,0.2932,2026-09-01
2484,2025-05-16,0.3721,2026-10-01
2485,2025-05-16,0.3804,2026-10-01
2486,2025-05-16,0.3487,2026-11-01
2487,2025-05-16,0.3456,2026-11-01
2488,2025-05-16,0.5764,2026-12-01
2489,2025-05-16,0.5487,2026-12-01
2490,2025-05-16,0.3985,2027-01-01
2491,2025-05-16,0.4151,2027-01-01
2492,2025-05-16,0.5799,2027-02-01
2493,2025-05-16,0.577,2027-02-01
2494,2025-05-16,0.3873,2027-03-01
2495,2025-05-16,0.3761,2027-03-01
2496,2025-05-16,0.3729,2027-04-01
2497,2025-05-16,0.3684,2027-04-01
2498,2025-05-16,0.303,2027-05-01
2499,2025-05-16,0.2934,2027-05-01
2500,2025-05-19,0.3964,2025-05-01
2501,2025-05-19,0.3886,2025-05-01
2502,2025-05-19,0.3516,2025-06-01
2503,2025-05-19,0.3402,2025-06-01
2504,2025-05-19,0.2628,2025-07-01
2505,2025-05-19,0.2674,2025-07-01
2506,2025-05-19,0.3892,2025-08-01
2507,2025-05-19,0.37,2025-08-01
2508,2025-05-19,0.2797,2025-09-01
2509,2025-05-19,0.292,2025-09-01
2510,2025-05-19,0.3772,2025-10-01
2511,2025-05-19,0.3791,2025-10-01
2512,2025-05-19,0.3078,2025-11-01
2513,2025-05-19,0.3139,2025-11-01
2514,2025-05-19,0.5377,2025-12-01
2515,2025-05-19,0.54,2025-12-01
2516,2025-05-19,0.4596,2026-01-01
2517,2025-05-19,0.4594,2026-01-01
2518,2025-05-19,0.6234,2026-02-01
2519,2025-05-19,0.6205,2026-02-01
2520,2025-05-19,0.3981,2026-03-01
2521,2025-05-19,0.3971,2026-03-01
2522,2025-05-19,0.4042,2026-04-01
2523,2025-05-19,0.4117,2026-04-01
2524,2025-05-19,0.3019,2026-05-01
2525,2025-05-19,0.3025,2026-05-01
2526,2025-05-19,0.2444,2026-06-01
2527,2025-05-19,0.2539,2026-06-01
2528,2025-05-19,0.2217,2026-07-01
2529,2025-05-19,0.2438,2026-07-01
2530,2025-05-19,0.1782,2026-08-01
2531,2025-05-19,0.2035,2026-08-01
2532,2025-05-19,0.2867,2026-09-01
2533,2025-05-19,0.2917,2026-09-01
2534,2025-05-19,0.3724,2026-10-01
2535,2025-05-19,0.3791,2026-10-01
2536,2025-05-19,0.3457,2026-11-01
2537,2025-05-19,0.3431,2026-11-01
2538,2025-05-19,0.5852,2026-12-01
2539,2025-05-19,0.5464,2026-12-01
2540,2025-05-19,0.4109,2027-01-01
2541,2025-05-19,0.413,2027-01-01
2542,2025-05-19,0.5849,2027-02-01
2543,2025-05-19,0.5747,2027-02-01
2544,2025-05-19,0.3892,2027-03-01
2545,2025-05-19,0.3754,2027-03-01
2546,2025-05-19,0.3728,2027-04-01
2547,2025-05-19,0.3661,2027-04-01
2548,2025-05-19,0.2988,2027-05-01
2549,2025-05-19,0.2906,2027-05-01
2550,2025-05-20,0.3942,2025-05-01
2551,2025-05-20,0.3901,2025-05-01
2552,2025-05-20,0.3426,2025-06-01
2553,2025-05-20,0.3418,2025-06-01
2554,2025-05-20,0.2554,2025-07-01
2555,2025-05-20,0.2688,2025-07-01
2556,2025-05-20,0.3832,2025-08-01
2557,2025-05-20,0.3705,2025-08-01
2558,2025-05-20,0.2776,2025-09-01
2559,2025-05-20,0.2923,2025-09-01
2560,2025-05-20,0.3713,2025-10-01
2561,2025-05-20,0.3774,2025-10-01
2562,2025-05-20,0.3086,2025-11-01
2563,2025-05-20,0.3128,2025-11-01
2564,2025-05-20,0.535,2025-12-01
2565,2025-05-20,0.5403,2025-12-01
2566,2025-05-20,0.4618,2026-01-01
2567,2025-05-20,0.4592,2026-01-01
2568,2025-05-20,0.6271,2026-02-01
2569,2025-05-20,0.6205,2026-02-01
2570,2025-05-20,0.3943,2026-03-01
2571,2025-05-20,0.3974,2026-03-01
2572,2025-05-20,0.4036,2026-04-01
2573,2025-05-20,0.4118,2026-04-01
2574,2025-05-20,0.3022,2026-05-01
2575,2025-05-20,0.3026,2026-05-01
2576,2025-05-20,0.2443,2026-06-01
2577,2025-05-20,0.2541,2026-06-01
2578,2025-05-20,0.2266,2026-07-01
2579,2025-05-20,0.2439,2026-07-01
2580,2025-05-20,0.1775,2026-08-01
2581,2025-05-20,0.2035,2026-08-01
2582,2025-05-20,0.2884,2026-09-01
2583,2025-05-20,0.2919,2026-09-01
2584,2025-05-20,0.3798,2026-10-01
2585,2025-05-20,0.3792,2026-10-01
2586,2025-05-20,0.3489,2026-11-01
2587,2025-05-20,0.3431,2026-11-01
2588,2025-05-20,0.5784,2026-12-01
2589,2025-05-20,0.5465,2026-12-01
2590,2025-05-20,0.407,2027-01-01
2591,2025-05-20,0.413,2027-01-01
2592,2025-05-20,0.5985,2027-02-01
2593,2025-05-20,0.5747,2027-02-01
2594,2025-05-20,0.3934,2027-03-01
2595,2025-05-20,0.3754,2027-03-01
2596,2025-05-20,0.3776,2027-04-01
2597,2025-05-20,0.3661,2027-04-01
2598,2025-05-20,0.2991,2027-05-01
2599,2025-05-20,0.291,2027-05-01
2600,2025-05-21,0.3905,2025-05-01
2601,2025-05-21,0.3907,2025-05-01
2602,2025-05-21,0.343,2025-06-01
2603,2025-05-21,0.3435,2025-06-01
2604,2025-05-21,0.2608,2025-07-01
2605,2025-05-21,0.2687,2025-07-01
2606,2025-05-21,0.3771,2025-08-01
2607,2025-05-21,0.3733,2025-08-01
2608,2025-05-21,0.2784,2025-09-01
2609,2025-05-21,0.2922,2025-09-01
2610,2025-05-21,0.3707,2025-10-01
2611,2025-05-21,0.3772,2025-10-01
2612,2025-05-21,0.3048,2025-11-01
2613,2025-05-21,0.3117,2025-11-01
2614,2025-05-21,0.5358,2025-12-01
2615,2025-05-21,0.5389,2025-12-01
2616,2025-05-21,0.4541,2026-01-01
2617,2025-05-21,0.4558,2026-01-01
2618,2025-05-21,0.6445,2026-02-01
2619,2025-05-21,0.6218,2026-02-01
2620,2025-05-21,0.3962,2026-03-01
2621,2025-05-21,0.3973,2026-03-01
2622,2025-05-21,0.4122,2026-04-01
2623,2025-05-21,0.4116,2026-04-01
2624,2025-05-21,0.3043,2026-05-01
2625,2025-05-21,0.3028,2026-05-01
2626,2025-05-21,0.2456,2026-06-01
2627,2025-05-21,0.257,2026-06-01
2628,2025-05-21,0.2201,2026-07-01
2629,2025-05-21,0.2451,2026-07-01
2630,2025-05-21,0.1882,2026-08-01
2631,2025-05-21,0.2077,2026-08-01
2632,2025-05-21,0.2875,2026-09-01
2633,2025-05-21,0.2924,2026-09-01
2634,2025-05-21,0.3743,2026-10-01
2635,2025-05-21,0.3782,2026-10-01
2636,2025-05-21,0.3438,2026-11-01
2637,2025-05-21,0.3407,2026-11-01
2638,2025-05-21,0.5429,2026-12-01
2639,2025-05-21,0.5439,2026-12-01
2640,2025-05-21,0.4061,2027-01-01
2641,2025-05-21,0.4115,2027-01-01
2642,2025-05-21,0.603,2027-02-01
2643,2025-05-21,0.5727,2027-02-01
2644,2025-05-21,0.3858,2027-03-01
2645,2025-05-21,0.3738,2027-03-01
2646,2025-05-21,0.3712,2027-04-01
2647,2025-05-21,0.3659,2027-04-01
2648,2025-05-21,0.2921,2027-05-01
2649,2025-05-21,0.29,2027-05-01
2650,2025-05-22,0.3976,2025-05-01
2651,2025-05-22,0.3917,2025-05-01
2652,2025-05-22,0.3493,2025-06-01
2653,2025-05-22,0.3432,2025-06-01
2654,2025-05-22,0.2455,2025-07-01
2655,2025-05-22,0.2658,2025-07-01
2656,2025-05-22,0.391,2025-08-01
2657,2025-05-22,0.3715,2025-08-01
2658,2025-05-22,0.2809,2025-09-01
2659,2025-05-22,0.2933,2025-09-01
2660,2025-05-22,0.3717,2025-10-01
2661,2025-05-22,0.3776,2025-10-01
2662,2025-05-22,0.3002,2025-11-01
2663,2025-05-22,0.3131,2025-11-01
2664,2025-05-22,0.537,2025-12-01
2665,2025-05-22,0.5393,2025-12-01
2666,2025-05-22,0.4555,2026-01-01
2667,2025-05-22,0.4541,2026-01-01
2668,2025-05-22,0.6501,2026-02-01
2669,2025-05-22,0.6221,2026-02-01
2670,2025-05-22,0.3975,2026-03-01
2671,2025-05-22,0.3984,2026-03-01
2672,2025-05-22,0.4103,2026-04-01
2673,2025-05-22,0.4115,2026-04-01
2674,2025-05-22,0.3008,2026-05-01
2675,2025-05-22,0.3029,2026-05-01
2676,2025-05-22,0.2483,2026-06-01
2677,2025-05-22,0.258,2026-06-01
2678,2025-05-22,0.2187,2026-07-01
2679,2025-05-22,0.2445,2026-07-01
2680,2025-05-22,0.1879,2026-08-01
2681,2025-05-22,0.207,2026-08-01
2682,2025-05-22,0.2885,2026-09-01
2683,2025-05-22,0.2924,2026-09-01
2684,2025-05-22,0.3666,2026-10-01
2685,2025-05-22,0.3768,2026-10-01
2686,2025-05-22,0.3404,2026-11-01
2687,2025-05-22,0.3413,2026-11-01
2688,2025-05-22,0.5375,2026-12-01
2689,2025-05-22,0.5435,2026-12-01
2690,2025-05-22,0.4075,2027-01-01
2691,2025-05-22,0.41,2027-01-01
2692,2025-05-22,0.6218,2027-02-01
2693,2025-05-22,0.5743,2027-02-01
2694,2025-05-22,0.3913,2027-03-01
2695,2025-05-22,0.3725,2027-03-01
2696,2025-05-22,0.372,2027-04-01
2697,2025-05-22,0.3647,2027-04-01
2698,2025-05-22,0.2963,2027-05-01
2699,2025-05-22,0.29,2027-05-01
2700,2025-05-23,0.4032,2025-05-01
2701,2025-05-23,0.3977,2025-05-01
2702,2025-05-23,0.3603,2025-06-01
2703,2025-05-23,0.3555,2025-06-01
2704,2025-05-23,0.2417,2025-07-01
2705,2025-05-23,0.2555,2025-07-01
2706,2025-05-23,0.3977,2025-08-01
2707,2025-05-23,0.3836,2025-08-01
2708,2025-05-23,0.2802,2025-09-01
2709,2025-05-23,0.2879,2025-09-01
2710,2025-05-23,0.3698,2025-10-01
2711,2025-05-23,0.3759,2025-10-01
2712,2025-05-23,0.3032,2025-11-01
2713,2025-05-23,0.3066,2025-11-01
2714,2025-05-23,0.531,2025-12-01
2715,2025-05-23,0.533,2025-12-01
2716,2025-05-23,0.4613,2026-01-01
2717,2025-05-23,0.4532,2026-01-01
2718,2025-05-23,0.6367,2026-02-01
2719,2025-05-23,0.6229,2026-02-01
2720,2025-05-23,0.4033,2026-03-01
2721,2025-05-23,0.3993,2026-03-01
2722,2025-05-23,0.4249,2026-04-01
2723,2025-05-23,0.414,2026-04-01
2724,2025-05-23,0.3013,2026-05-01
2725,2025-05-23,0.3032,2026-05-01
2726,2025-05-23,0.2633,2026-06-01
2727,2025-05-23,0.265,2026-06-01
2728,2025-05-23,0.2491,2026-07-01
2729,2025-05-23,0.2502,2026-07-01
2730,2025-05-23,0.1996,2026-08-01
2731,2025-05-23,0.2071,2026-08-01
2732,2025-05-23,0.2883,2026-09-01
2733,2025-05-23,0.2929,2026-09-01
2734,2025-05-23,0.3712,2026-10-01
2735,2025-05-23,0.3737,2026-10-01
2736,2025-05-23,0.3388,2026-11-01
2737,2025-05-23,0.3408,2026-11-01
2738,2025-05-23,0.532,2026-12-01
2739,2025-05-23,0.5408,2026-12-01
2740,2025-05-23,0.4285,2027-01-01
2741,2025-05-23,0.4099,2027-01-01
2742,2025-05-23,0.6115,2027-02-01
2743,2025-05-23,0.5778,2027-02-01
2744,2025-05-23,0.3884,2027-03-01
2745,2025-05-23,0.3737,2027-03-01
2746,2025-05-23,0.3891,2027-04-01
2747,2025-05-23,0.3723,2027-04-01
2748,2025-05-23,0.3042,2027-05-01
2749,2025-05-23,0.3014,2027-05-01
2750,2025-05-26,0.405,2025-05-01
2751,2025-05-26,0.3986,2025-05-01
2752,2025-05-26,0.3583,2025-06-01
2753,2025-05-26,0.3549,2025-06-01
2754,2025-05-26,0.2412,2025-07-01
2755,2025-05-26,0.2546,2025-07-01
2756,2025-05-26,0.4049,2025-08-01
2757,2025-05-26,0.3886,2025-08-01
2758,2025-05-26,0.2782,2025-09-01
2759,2025-05-26,0.2862,2025-09-01
2760,2025-05-26,0.3724,2025-10-01
2761,2025-05-26,0.3757,2025-10-01
2762,2025-05-26,0.3043,2025-11-01
2763,2025-05-26,0.3057,2025-11-01
2764,2025-05-26,0.5361,2025-12-01
2765,2025-05-26,0.5305,2025-12-01
2766,2025-05-26,0.4587,2026-01-01
2767,2025-05-26,0.4524,2026-01-01
2768,2025-05-26,0.6376,2026-02-01
2769,2025-05-26,0.6235,2026-02-01
2770,2025-05-26,0.404,2026-03-01
2771,2025-05-26,0.3992,2026-03-01
2772,2025-05-26,0.4245,2026-04-01
2773,2025-05-26,0.4148,2026-04-01
2774,2025-05-26,0.3025,2026-05-01
2775,2025-05-26,0.303,2026-05-01
2776,2025-05-26,0.2607,2026-06-01
2777,2025-05-26,0.2641,2026-06-01
2778,2025-05-26,0.2487,2026-07-01
2779,2025-05-26,0.2502,2026-07-01
2780,2025-05-26,0.2008,2026-08-01
2781,2025-05-26,0.2067,2026-08-01
2782,2025-05-26,0.2908,2026-09-01
2783,2025-05-26,0.2927,2026-09-01
2784,2025-05-26,0.3713,2026-10-01
2785,2025-05-26,0.3736,2026-10-01
2786,2025-05-26,0.3404,2026-11-01
2787,2025-05-26,0.3407,2026-11-01
2788,2025-05-26,0.5345,2026-12-01
2789,2025-05-26,0.5417,2026-12-01
2790,2025-05-26,0.4288,2027-01-01
2791,2025-05-26,0.4129,2027-01-01
2792,2025-05-26,0.6036,2027-02-01
2793,2025-05-26,0.5823,2027-02-01
2794,2025-05-26,0.3798,2027-03-01
2795,2025-05-26,0.3723,2027-03-01
2796,2025-05-26,0.3878,2027-04-01
2797,2025-05-26,0.3741,2027-04-01
2798,2025-05-26,0.3058,2027-05-01
2799,2025-05-26,0.3016,2027-05-01
2800,2025-05-27,0.3985,2025-05-01
2801,2025-05-27,0.3955,2025-05-01
2802,2025-05-27,0.3573,2025-06-01
2803,2025-05-27,0.3556,2025-06-01
2804,2025-05-27,0.239,2025-07-01
2805,2025-05-27,0.2477,2025-07-01
2806,2025-05-27,0.4114,2025-08-01
2807,2025-05-27,0.3921,2025-08-01
2808,2025-05-27,0.2786,2025-09-01
2809,2025-05-27,0.2861,2025-09-01
2810,2025-05-27,0.3768,2025-10-01
2811,2025-05-27,0.3774,2025-10-01
2812,2025-05-27,0.3009,2025-11-01
2813,2025-05-27,0.3064,2025-11-01
2814,2025-05-27,0.5347,2025-12-01
2815,2025-05-27,0.5293,2025-12-01
2816,2025-05-27,0.4567,2026-01-01
2817,2025-05-27,0.4523,2026-01-01
2818,2025-05-27,0.6375,2026-02-01
2819,2025-05-27,0.6229,2026-02-01
2820,2025-05-27,0.4033,2026-03-01
2821,2025-05-27,0.3994,2026-03-01
2822,2025-05-27,0.4253,2026-04-01
2823,2025-05-27,0.4143,2026-04-01
2824,2025-05-27,0.3007,2026-05-01
2825,2025-05-27,0.3032,2026-05-01
2826,2025-05-27,0.2624,2026-06-01
2827,2025-05-27,0.264,2026-06-01
2828,2025-05-27,0.253,2026-07-01
2829,2025-05-27,0.2495,2026-07-01
2830,2025-05-27,0.2049,2026-08-01
2831,2025-05-27,0.2067,2026-08-01
2832,2025-05-27,0.2933,2026-09-01
2833,2025-05-27,0.293,2026-09-01
2834,2025-05-27,0.3724,2026-10-01
2835,2025-05-27,0.3735,2026-10-01
2836,2025-05-27,0.3375,2026-11-01
2837,2025-05-27,0.3407,2026-11-01
2838,2025-05-27,0.5318,2026-12-01
2839,2025-05-27,0.542,2026-12-01
2840,2025-05-27,0.422,2027-01-01
2841,2025-05-27,0.4131,2027-01-01
2842,2025-05-27,0.6051,2027-02-01
2843,2025-05-27,0.581,2027-02-01
2844,2025-05-27,0.3748,2027-03-01
2845,2025-05-27,0.372,2027-03-01
2846,2025-05-27,0.3869,2027-04-01
2847,2025-05-27,0.3755,2027-04-01
2848,2025-05-27,0.3033,2027-05-01
2849,2025-05-27,0.3044,2027-05-01
2850,2025-05-28,0.3971,2025-05-01
2851,2025-05-28,0.3953,2025-05-01
2852,2025-05-28,0.3563,2025-06-01
2853,2025-05-28,0.3557,2025-06-01
2854,2025-05-28,0.2397,2025-07-01
2855,2025-05-28,0.2468,2025-07-01
2856,2025-05-28,0.4038,2025-08-01
2857,2025-05-28,0.3897,2025-08-01
2858,2025-05-28,0.2779,2025-09-01
2859,2025-05-28,0.2863,2025-09-01
2860,2025-05-28,0.3782,2025-10-01
2861,2025-05-28,0.3786,2025-10-01
2862,2025-05-28,0.3049,2025-11-01
2863,2025-05-28,0.3084,2025-11-01
2864,2025-05-28,0.5346,2025-12-01
2865,2025-05-28,0.5306,2025-12-01
2866,2025-05-28,0.4591,2026-01-01
2867,2025-05-28,0.4542,2026-01-01
2868,2025-05-28,0.6291,2026-02-01
2869,2025-05-28,0.6229,2026-02-01
2870,2025-05-28,0.4036,2026-03-01
2871,2025-05-28,0.3999,2026-03-01
2872,2025-05-28,0.4243,2026-04-01
2873,2025-05-28,0.4148,2026-04-01
2874,2025-05-28,0.3026,2026-05-01
2875,2025-05-28,0.3035,2026-05-01
2876,2025-05-28,0.266,2026-06-01
2877,2025-05-28,0.2651,2026-06-01
2878,2025-05-28,0.2585,2026-07-01
2879,2025-05-28,0.25,2026-07-01
2880,2025-05-28,0.2009,2026-08-01
2881,2025-05-28,0.2057,2026-08-01
2882,2025-05-28,0.2937,2026-09-01
2883,2025-05-28,0.2922,2026-09-01
2884,2025-05-28,0.3737,2026-10-01
2885,2025-05-28,0.3741,2026-10-01
2886,2025-05-28,0.3381,2026-11-01
2887,2025-05-28,0.341,2026-11-01
2888,2025-05-28,0.5314,2026-12-01
2889,2025-05-28,0.5422,2026-12-01
2890,2025-05-28,0.4204,2027-01-01
2891,2025-05-28,0.4145,2027-01-01
2892,2025-05-28,0.5986,2027-02-01
2893,2025-05-28,0.5803,2027-02-01
2894,2025-05-28,0.3759,2027-03-01
2895,2025-05-28,0.3734,2027-03-01
2896,2025-05-28,0.3854,2027-04-01
2897,2025-05-28,0.3751,2027-04-01
2898,2025-05-28,0.3051,2027-05-01
2899,2025-05-28,0.304,2027-05-01
2900,2025-05-29,0.3936,2025-05-01
2901,2025-05-29,0.3919,2025-05-01
2902,2025-05-29,0.3548,2025-06-01
2903,2025-05-29,0.353,2025-06-01
2904,2025-05-29,0.2421,2025-07-01
2905,2025-05-29,0.2499,2025-07-01
2906,2025-05-29,0.401,2025-08-01
2907,2025-05-29,0.39,2025-08-01
2908,2025-05-29,0.2787,2025-09-01
2909,2025-05-29,0.286,2025-09-01
2910,2025-05-29,0.3778,2025-10-01
2911,2025-05-29,0.3781,2025-10-01
2912,2025-05-29,0.309,2025-11-01
2913,2025-05-29,0.3091,2025-11-01
2914,2025-05-29,0.5319,2025-12-01
2915,2025-05-29,0.5297,2025-12-01
2916,2025-05-29,0.4586,2026-01-01
2917,2025-05-29,0.4539,2026-01-01
2918,2025-05-29,0.6296,2026-02-01
2919,2025-05-29,0.6227,2026-02-01
2920,2025-05-29,0.4061,2026-03-01
2921,2025-05-29,0.3999,2026-03-01
2922,2025-05-29,0.424,2026-04-01
2923,2025-05-29,0.4152,2026-04-01
2924,2025-05-29,0.3032,2026-05-01
2925,2025-05-29,0.3039,2026-05-01
2926,2025-05-29,0.261,2026-06-01
2927,2025-05-29,0.2652,2026-06-01
2928,2025-05-29,0.2498,2026-07-01
2929,2025-05-29,0.2498,2026-07-01
2930,2025-05-29,0.199,2026-08-01
2931,2025-05-29,0.2059,2026-08-01
2932,2025-05-29,0.2902,2026-09-01
2933,2025-05-29,0.2922,2026-09-01
2934,2025-05-29,0.3771,2026-10-01
2935,2025-05-29,0.3737,2026-10-01
2936,2025-05-29,0.34,2026-11-01
2937,2025-05-29,0.341,2026-11-01
2938,2025-05-29,0.5356,2026-12-01
2939,2025-05-29,0.5427,2026-12-01
2940,2025-05-29,0.4212,2027-01-01
2941,2025-05-29,0.4144,2027-01-01
2942,2025-05-29,0.5951,2027-02-01
2943,2025-05-29,0.5809,2027-02-01
2944,2025-05-29,0.3783,2027-03-01
2945,2025-05-29,0.3735,2027-03-01
2946,2025-05-29,0.3823,2027-04-01
2947,2025-05-29,0.3752,2027-04-01
2948,2025-05-29,0.3056,2027-05-01
2949,2025-05-29,0.3031,2027-05-01
2950,2025-05-30,0.3524,2025-05-01
2951,2025-05-30,0.3806,2025-05-01
2952,2025-05-30,0.3393,2025-06-01
2953,2025-05-30,0.3511,2025-06-01
2954,2025-05-30,0.2077,2025-07-01
2955,2025-05-30,0.2426,2025-07-01
2956,2025-05-30,0.3999,2025-08-01
2957,2025-05-30,0.3895,2025-08-01
2958,2025-05-30,0.2815,2025-09-01
2959,2025-05-30,0.2839,2025-09-01
2960,2025-05-30,0.383,2025-10-01
2961,2025-05-30,0.3798,2025-10-01
2962,2025-05-30,0.3047,2025-11-01
2963,2025-05-30,0.3097,2025-11-01
2964,2025-05-30,0.5204,2025-12-01
2965,2025-05-30,0.5305,2025-12-01
2966,2025-05-30,0.4403,2026-01-01
2967,2025-05-30,0.4528,2026-01-01
2968,2025-05-30,0.6283,2026-02-01
2969,2025-05-30,0.621,2026-02-01
2970,2025-05-30,0.4142,2026-03-01
2971,2025-05-30,0.4018,2026-03-01
2972,2025-05-30,0.4119,2026-04-01
2973,2025-05-30,0.4151,2026-04-01
2974,2025-05-30,0.305,2026-05-01
2975,2025-05-30,0.3039,2026-05-01
2976,2025-05-30,0.2508,2026-06-01
2977,2025-05-30,0.2655,2026-06-01
2978,2025-05-30,0.2129,2026-07-01
2979,2025-05-30,0.2489,2026-07-01
2980,2025-05-30,0.188,2026-08-01
2981,2025-05-30,0.2082,2026-08-01
2982,2025-05-30,0.2885,2026-09-01
2983,2025-05-30,0.2914,2026-09-01
2984,2025-05-30,0.3751,2026-10-01
2985,2025-05-30,0.3731,2026-10-01
2986,2025-05-30,0.33,2026-11-01
2987,2025-05-30,0.341,2026-11-01
2988,2025-05-30,0.5232,2026-12-01
2989,2025-05-30,0.5403,2026-12-01
2990,2025-05-30,0.3822,2027-01-01
2991,2025-05-30,0.4142,2027-01-01
2992,2025-05-30,0.5835,2027-02-01
2993,2025-05-30,0.5786,2027-02-01
2994,2025-05-30,0.3828,2027-03-01
2995,2025-05-30,0.3749,2027-03-01
2996,2025-05-30,0.3633,2027-04-01
2997,2025-05-30,0.3757,2027-04-01
2998,2025-05-30,0.3052,2027-05-01
2999,2025-05-30,0.2999,2027-05-01
3000,2025-06-02,0.3518,2025-05-01
3001,2025-06-02,0.3801,2025-05-01
3002,2025-06-02,0.3325,2025-06-01
3003,2025-06-02,0.3474,2025-06-01
3004,2025-06-02,0.2031,2025-07-01
3005,2025-06-02,0.2391,2025-07-01
3006,2025-06-02,0.3946,2025-08-01
3007,2025-06-02,0.3909,2025-08-01
3008,2025-06-02,0.2802,2025-09-01
3009,2025-06-02,0.2832,2025-09-01
3010,2025-06-02,0.3817,2025-10-01
3011,2025-06-02,0.3796,2025-10-01
3012,2025-06-02,0.3039,2025-11-01
3013,2025-06-02,0.3116,2025-11-01
3014,2025-06-02,0.5257,2025-12-01
3015,2025-06-02,0.5328,2025-12-01
3016,2025-06-02,0.4363,2026-01-01
3017,2025-06-02,0.454,2026-01-01
3018,2025-06-02,0.6401,2026-02-01
3019,2025-06-02,0.6234,2026-02-01
3020,2025-06-02,0.4117,2026-03-01
3021,2025-06-02,0.4032,2026-03-01
3022,2025-06-02,0.4085,2026-04-01
3023,2025-06-02,0.4164,2026-04-01
3024,2025-06-02,0.3036,2026-05-01
3025,2025-06-02,0.303,2026-05-01
3026,2025-06-02,0.254,2026-06-01
3027,2025-06-02,0.2644,2026-06-01
3028,2025-06-02,0.2148,2026-07-01
3029,2025-06-02,0.2494,2026-07-01
3030,2025-06-02,0.1848,2026-08-01
3031,2025-06-02,0.2059,2026-08-01
3032,2025-06-02,0.2855,2026-09-01
3033,2025-06-02,0.29,2026-09-01
3034,2025-06-02,0.3726,2026-10-01
3035,2025-06-02,0.3715,2026-10-01
3036,2025-06-02,0.3306,2026-11-01
3037,2025-06-02,0.3385,2026-11-01
3038,2025-06-02,0.5213,2026-12-01
3039,2025-06-02,0.5413,2026-12-01
3040,2025-06-02,0.382,2027-01-01
3041,2025-06-02,0.415,2027-01-01
3042,2025-06-02,0.6005,2027-02-01
3043,2025-06-02,0.5812,2027-02-01
3044,2025-06-02,0.3919,2027-03-01
3045,2025-06-02,0.3745,2027-03-01
3046,2025-06-02,0.3621,2027-04-01
3047,2025-06-02,0.3764,2027-04-01
3048,2025-06-02,0.2999,2027-05-01
3049,2025-06-02,0.3,2027-05-01
3050,2025-06-03,0.3508,2025-05-01
3051,2025-06-03,0.3784,2025-05-01
3052,2025-06-03,0.336,2025-06-01
3053,2025-06-03,0.3426,2025-06-01
3054,2025-06-03,0.2127,2025-07-01
3055,2025-06-03,0.2382,2025-07-01
3056,2025-06-03,0.395,2025-08-01
3057,2025-06-03,0.3918,2025-08-01
3058,2025-06-03,0.2757,2025-09-01
3059,2025-06-03,0.2834,2025-09-01
3060,2025-06-03,0.3795,2025-10-01
3061,2025-06-03,0.3796,2025-10-01
3062,2025-06-03,0.3007,2025-11-01
3063,2025-06-03,0.312,2025-11-01
3064,2025-06-03,0.5313,2025-12-01
3065,2025-06-03,0.533,2025-12-01
3066,2025-06-03,0.4257,2026-01-01
3067,2025-06-03,0.4532,2026-01-01
3068,2025-06-03,0.6474,2026-02-01
3069,2025-06-03,0.6247,2026-02-01
3070,2025-06-03,0.418,2026-03-01
3071,2025-06-03,0.4035,2026-03-01
3072,2025-06-03,0.4037,2026-04-01
3073,2025-06-03,0.4164,2026-04-01
3074,2025-06-03,0.3031,2026-05-01
3075,2025-06-03,0.3027,2026-05-01
3076,2025-06-03,0.2634,2026-06-01
3077,2025-06-03,0.2649,2026-06-01
3078,2025-06-03,0.2148,2026-07-01
3079,2025-06-03,0.2496,2026-07-01
3080,2025-06-03,0.1904,2026-08-01
3081,2025-06-03,0.2057,2026-08-01
3082,2025-06-03,0.2803,2026-09-01
3083,2025-06-03,0.29,2026-09-01
3084,2025-06-03,0.3688,2026-10-01
3085,2025-06-03,0.372,2026-10-01
3086,2025-06-03,0.3235,2026-11-01
3087,2025-06-03,0.3383,2026-11-01
3088,2025-06-03,0.5233,2026-12-01
3089,2025-06-03,0.5405,2026-12-01
3090,2025-06-03,0.3949,2027-01-01
3091,2025-06-03,0.4139,2027-01-01
3092,2025-06-03,0.59,2027-02-01
3093,2025-06-03,0.5814,2027-02-01
3094,2025-06-03,0.3964,2027-03-01
3095,2025-06-03,0.3728,2027-03-01
3096,2025-06-03,0.363,2027-04-01
3097,2025-06-03,0.3762,2027-04-01
3098,2025-06-03,0.2922,2027-05-01
3099,2025-06-03,0.298,2027-05-01
3100,2025-06-04,0.3571,2025-05-01
3101,2025-06-04,0.3796,2025-05-01
3102,2025-06-04,0.3339,2025-06-01
3103,2025-06-04,0.3425,2025-06-01
3104,2025-06-04,0.2218,2025-07-01
3105,2025-06-04,0.2393,2025-07-01
3106,2025-06-04,0.4012,2025-08-01
3107,2025-06-04,0.3944,2025-08-01
3108,2025-06-04,0.2704,2025-09-01
3109,2025-06-04,0.2805,2025-09-01
3110,2025-06-04,0.3831,2025-10-01
3111,2025-06-04,0.379,2025-10-01
3112,2025-06-04,0.3007,2025-11-01
3113,2025-06-04,0.3108,2025-11-01
3114,2025-06-04,0.533,2025-12-01
3115,2025-06-04,0.5323,2025-12-01
3116,2025-06-04,0.4278,2026-01-01
3117,2025-06-04,0.454,2026-01-01
3118,2025-06-04,0.6455,2026-02-01
3119,2025-06-04,0.6253,2026-02-01
3120,2025-06-04,0.4123,2026-03-01
3121,2025-06-04,0.4039,2026-03-01
3122,2025-06-04,0.4013,2026-04-01
3123,2025-06-04,0.4163,2026-04-01
3124,2025-06-04,0.3014,2026-05-01
3125,2025-06-04,0.3035,2026-05-01
3126,2025-06-04,0.2603,2026-06-01
3127,2025-06-04,0.2662,2026-06-01
3128,2025-06-04,0.2172,2026-07-01
3129,2025-06-04,0.2495,2026-07-01
3130,2025-06-04,0.1945,2026-08-01
3131,2025-06-04,0.2059,2026-08-01
3132,2025-06-04,0.2818,2026-09-01
3133,2025-06-04,0.2901,2026-09-01
3134,2025-06-04,0.3705,2026-10-01
3135,2025-06-04,0.3729,2026-10-01
3136,2025-06-04,0.3272,2026-11-01
3137,2025-06-04,0.3388,2026-11-01
3138,2025-06-04,0.5208,2026-12-01
3139,2025-06-04,0.5397,2026-12-01
3140,2025-06-04,0.3983,2027-01-01
3141,2025-06-04,0.4141,2027-01-01
3142,2025-06-04,0.5894,2027-02-01
3143,2025-06-04,0.581,2027-02-01
3144,2025-06-04,0.3946,2027-03-01
3145,2025-06-04,0.3728,2027-03-01
3146,2025-06-04,0.3654,2027-04-01
3147,2025-06-04,0.3757,2027-04-01
3148,2025-06-04,0.2949,2027-05-01
3149,2025-06-04,0.2977,2027-05-01
3150,2025-06-05,0.3551,2025-05-01
3151,2025-06-05,0.3784,2025-05-01
3152,2025-06-05,0.3307,2025-06-01
3153,2025-06-05,0.3414,2025-06-01
3154,2025-06-05,0.2109,2025-07-01
3155,2025-06-05,0.2361,2025-07-01
3156,2025-06-05,0.4037,2025-08-01
3157,2025-06-05,0.3951,2025-08-01
3158,2025-06-05,0.2712,2025-09-01
3159,2025-06-05,0.2812,2025-09-01
3160,2025-06-05,0.3835,2025-10-01
3161,2025-06-05,0.3792,2025-10-01
3162,2025-06-05,0.3047,2025-11-01
3163,2025-06-05,0.312,2025-11-01
3164,2025-06-05,0.5522,2025-12-01
3165,2025-06-05,0.537,2025-12-01
3166,2025-06-05,0.4248,2026-01-01
3167,2025-06-05,0.4542,2026-01-01
3168,2025-06-05,0.6468,2026-02-01
3169,2025-06-05,0.6255,2026-02-01
3170,2025-06-05,0.413,2026-03-01
3171,2025-06-05,0.4043,2026-03-01
3172,2025-06-05,0.4007,2026-04-01
3173,2025-06-05,0.4166,2026-04-01
3174,2025-06-05,0.3033,2026-05-01
3175,2025-06-05,0.3042,2026-05-01
3176,2025-06-05,0.2632,2026-06-01
3177,2025-06-05,0.2666,2026-06-01
3178,2025-06-05,0.2271,2026-07-01
3179,2025-06-05,0.2503,2026-07-01
3180,2025-06-05,0.1966,2026-08-01
3181,2025-06-05,0.2062,2026-08-01
3182,2025-06-05,0.2899,2026-09-01
3183,2025-06-05,0.292,2026-09-01
3184,2025-06-05,0.375,2026-10-01
3185,2025-06-05,0.3731,2026-10-01
3186,2025-06-05,0.333,2026-11-01
3187,2025-06-05,0.3395,2026-11-01
3188,2025-06-05,0.5276,2026-12-01
3189,2025-06-05,0.5434,2026-12-01
3190,2025-06-05,0.3943,2027-01-01
3191,2025-06-05,0.414,2027-01-01
3192,2025-06-05,0.5922,2027-02-01
3193,2025-06-05,0.5811,2027-02-01
3194,2025-06-05,0.397,2027-03-01
3195,2025-06-05,0.3729,2027-03-01
3196,2025-06-05,0.3664,2027-04-01
3197,2025-06-05,0.3756,2027-04-01
3198,2025-06-05,0.2954,2027-05-01
3199,2025-06-05,0.2971,2027-05-01
3200,2025-06-06,0.3484,2025-05-01
3201,2025-06-06,0.3709,2025-05-01
3202,2025-06-06,0.2972,2025-06-01
3203,2025-06-06,0.322,2025-06-01
3204,2025-06-06,0.2075,2025-07-01
3205,2025-06-06,0.2371,2025-07-01
3206,2025-06-06,0.4008,2025-08-01
3207,2025-06-06,0.3911,2025-08-01
3208,2025-06-06,0.271,2025-09-01
3209,2025-06-06,0.2831,2025-09-01
3210,2025-06-06,0.3786,2025-10-01
3211,2025-06-06,0.3812,2025-10-01
3212,2025-06-06,0.2937,2025-11-01
3213,2025-06-06,0.3136,2025-11-01
3214,2025-06-06,0.5495,2025-12-01
3215,2025-06-06,0.5375,2025-12-01
3216,2025-06-06,0.4327,2026-01-01
3217,2025-06-06,0.4524,2026-01-01
3218,2025-06-06,0.6438,2026-02-01
3219,2025-06-06,0.6232,2026-02-01
3220,2025-06-06,0.3931,2026-03-01
3221,2025-06-06,0.4015,2026-03-01
3222,2025-06-06,0.405,2026-04-01
3223,2025-06-06,0.4141,2026-04-01
3224,2025-06-06,0.3038,2026-05-01
3225,2025-06-06,0.3044,2026-05-01
3226,2025-06-06,0.2642,2026-06-01
3227,2025-06-06,0.2673,2026-06-01
3228,2025-06-06,0.2289,2026-07-01
3229,2025-06-06,0.2481,2026-07-01
3230,2025-06-06,0.2029,2026-08-01
3231,2025-06-06,0.2104,2026-08-01
3232,2025-06-06,0.2858,2026-09-01
3233,2025-06-06,0.293,2026-09-01
3234,2025-06-06,0.364,2026-10-01
3235,2025-06-06,0.3725,2026-10-01
3236,2025-06-06,0.3285,2026-11-01
3237,2025-06-06,0.3393,2026-11-01
3238,2025-06-06,0.5276,2026-12-01
3239,2025-06-06,0.5404,2026-12-01
3240,2025-06-06,0.4117,2027-01-01
3241,2025-06-06,0.4142,2027-01-01
3242,2025-06-06,0.6089,2027-02-01
3243,2025-06-06,0.5828,2027-02-01
3244,2025-06-06,0.3666,2027-03-01
3245,2025-06-06,0.3717,2027-03-01
3246,2025-06-06,0.3713,2027-04-01
3247,2025-06-06,0.3749,2027-04-01
3248,2025-06-06,0.2888,2027-05-01
3249,2025-06-06,0.2969,2027-05-01
3250,2025-06-09,0.345,2025-05-01
3251,2025-06-09,0.3684,2025-05-01
3252,2025-06-09,0.2901,2025-06-01
3253,2025-06-09,0.3178,2025-06-01
3254,2025-06-09,0.212,2025-07-01
3255,2025-06-09,0.2347,2025-07-01
3256,2025-06-09,0.41,2025-08-01
3257,2025-06-09,0.3968,2025-08-01
3258,2025-06-09,0.2753,2025-09-01
3259,2025-06-09,0.2819,2025-09-01
3260,2025-06-09,0.3797,2025-10-01
3261,2025-06-09,0.3811,2025-10-01
3262,2025-06-09,0.2928,2025-11-01
3263,2025-06-09,0.3128,2025-11-01
3264,2025-06-09,0.5541,2025-12-01
3265,2025-06-09,0.5395,2025-12-01
3266,2025-06-09,0.43,2026-01-01
3267,2025-06-09,0.4531,2026-01-01
3268,2025-06-09,0.6351,2026-02-01
3269,2025-06-09,0.6243,2026-02-01
3270,2025-06-09,0.3913,2026-03-01
3271,2025-06-09,0.4007,2026-03-01
3272,2025-06-09,0.402,2026-04-01
3273,2025-06-09,0.4144,2026-04-01
3274,2025-06-09,0.3025,2026-05-01
3275,2025-06-09,0.3042,2026-05-01
3276,2025-06-09,0.2598,2026-06-01
3277,2025-06-09,0.2671,2026-06-01
3278,2025-06-09,0.2248,2026-07-01
3279,2025-06-09,0.2476,2026-07-01
3280,2025-06-09,0.2026,2026-08-01
3281,2025-06-09,0.2099,2026-08-01
3282,2025-06-09,0.2864,2026-09-01
3283,2025-06-09,0.2931,2026-09-01
3284,2025-06-09,0.3641,2026-10-01
3285,2025-06-09,0.373,2026-10-01
3286,2025-06-09,0.3271,2026-11-01
3287,2025-06-09,0.3391,2026-11-01
3288,2025-06-09,0.5549,2026-12-01
3289,2025-06-09,0.5417,2026-12-01
3290,2025-06-09,0.4014,2027-01-01
3291,2025-06-09,0.4152,2027-01-01
3292,2025-06-09,0.5977,2027-02-01
3293,2025-06-09,0.5852,2027-02-01
3294,2025-06-09,0.3634,2027-03-01
3295,2025-06-09,0.3726,2027-03-01
3296,2025-06-09,0.3736,2027-04-01
3297,2025-06-09,0.3752,2027-04-01
3298,2025-06-09,0.2867,2027-05-01
3299,2025-06-09,0.2971,2027-05-01
3300,2025-06-10,0.2876,2025-06-01
3301,2025-06-10,0.316,2025-06-01
3302,2025-06-10,0.2047,2025-07-01
3303,2025-06-10,0.2351,2025-07-01
3304,2025-06-10,0.416,2025-08-01
3305,2025-06-10,0.3971,2025-08-01
3306,2025-06-10,0.2752,2025-09-01
3307,2025-06-10,0.2818,2025-09-01
3308,2025-06-10,0.3769,2025-10-01
3309,2025-06-10,0.3813,2025-10-01
3310,2025-06-10,0.2933,2025-11-01
3311,2025-06-10,0.3135,2025-11-01
3312,2025-06-10,0.5566,2025-12-01
3313,2025-06-10,0.5521,2025-12-01
3314,2025-06-10,0.4339,2026-01-01
3315,2025-06-10,0.4523,2026-01-01
3316,2025-06-10,0.6378,2026-02-01
3317,2025-06-10,0.6238,2026-02-01
3318,2025-06-10,0.387,2026-03-01
3319,2025-06-10,0.4004,2026-03-01
3320,2025-06-10,0.3982,2026-04-01
3321,2025-06-10,0.4139,2026-04-01
3322,2025-06-10,0.302,2026-05-01
3323,2025-06-10,0.304,2026-05-01
3324,2025-06-10,0.2615,2026-06-01
3325,2025-06-10,0.2674,2026-06-01
3326,2025-06-10,0.2283,2026-07-01
3327,2025-06-10,0.2481,2026-07-01
3328,2025-06-10,0.2072,2026-08-01
3329,2025-06-10,0.2103,2026-08-01
3330,2025-06-10,0.2876,2026-09-01
3331,2025-06-10,0.2932,2026-09-01
3332,2025-06-10,0.3619,2026-10-01
3333,2025-06-10,0.3728,2026-10-01
3334,2025-06-10,0.3266,2026-11-01
3335,2025-06-10,0.3395,2026-11-01
3336,2025-06-10,0.5531,2026-12-01
3337,2025-06-10,0.5397,2026-12-01
3338,2025-06-10,0.395,2027-01-01
3339,2025-06-10,0.4142,2027-01-01
3340,2025-06-10,0.6099,2027-02-01
3341,2025-06-10,0.5838,2027-02-01
3342,2025-06-10,0.3675,2027-03-01
3343,2025-06-10,0.3719,2027-03-01
3344,2025-06-10,0.3757,2027-04-01
3345,2025-06-10,0.3745,2027-04-01
3346,2025-06-10,0.2918,2027-05-01
3347,2025-06-10,0.2971,2027-05-01
3348,2025-06-10,0.3672,2027-06-01
3349,2025-06-10,0.3672,2027-06-01
3350,2025-06-11,0.2802,2025-06-01
3351,2025-06-11,0.3092,2025-06-01
3352,2025-06-11,0.1991,2025-07-01
3353,2025-06-11,0.2312,2025-07-01
3354,2025-06-11,0.4218,2025-08-01
3355,2025-06-11,0.4,2025-08-01
3356,2025-06-11,0.28,2025-09-01
3357,2025-06-11,0.281,2025-09-01
3358,2025-06-11,0.3722,2025-10-01
3359,2025-06-11,0.3816,2025-10-01
3360,2025-06-11,0.2891,2025-11-01
3361,2025-06-11,0.3138,2025-11-01
3362,2025-06-11,0.5614,2025-12-01
3363,2025-06-11,0.5532,2025-12-01
3364,2025-06-11,0.4394,2026-01-01
3365,2025-06-11,0.4518,2026-01-01
3366,2025-06-11,0.641,2026-02-01
3367,2025-06-11,0.6232,2026-02-01
3368,2025-06-11,0.3856,2026-03-01
3369,2025-06-11,0.3998,2026-03-01
3370,2025-06-11,0.404,2026-04-01
3371,2025-06-11,0.4135,2026-04-01
3372,2025-06-11,0.3009,2026-05-01
3373,2025-06-11,0.3035,2026-05-01
3374,2025-06-11,0.2578,2026-06-01
3375,2025-06-11,0.2669,2026-06-01
3376,2025-06-11,0.219,2026-07-01
3377,2025-06-11,0.2478,2026-07-01
3378,2025-06-11,0.2102,2026-08-01
3379,2025-06-11,0.2101,2026-08-01
3380,2025-06-11,0.2907,2026-09-01
3381,2025-06-11,0.293,2026-09-01
3382,2025-06-11,0.3621,2026-10-01
3383,2025-06-11,0.3727,2026-10-01
3384,2025-06-11,0.3284,2026-11-01
3385,2025-06-11,0.3394,2026-11-01
3386,2025-06-11,0.5574,2026-12-01
3387,2025-06-11,0.5396,2026-12-01
3388,2025-06-11,0.399,2027-01-01
3389,2025-06-11,0.4139,2027-01-01
3390,2025-06-11,0.6193,2027-02-01
3391,2025-06-11,0.5834,2027-02-01
3392,2025-06-11,0.3641,2027-03-01
3393,2025-06-11,0.3716,2027-03-01
3394,2025-06-11,0.3811,2027-04-01
3395,2025-06-11,0.3745,2027-04-01
3396,2025-06-11,0.2895,2027-05-01
3397,2025-06-11,0.2969,2027-05-01
3398,2025-06-11,0.2906,2027-06-01
3399,2025-06-11,0.2906,2027-06-01
3400,2025-06-12,0.2828,2025-06-01
3401,2025-06-12,0.3088,2025-06-01
3402,2025-06-12,0.2034,2025-07-01
3403,2025-06-12,0.2286,2025-07-01
3404,2025-06-12,0.4214,2025-08-01
3405,2025-06-12,0.4014,2025-08-01
3406,2025-06-12,0.2809,2025-09-01
3407,2025-06-12,0.2816,2025-09-01
3408,2025-06-12,0.3717,2025-10-01
3409,2025-06-12,0.3801,2025-10-01
3410,2025-06-12,0.2821,2025-11-01
3411,2025-06-12,0.3118,2025-11-01
3412,2025-06-12,0.5486,2025-12-01
3413,2025-06-12,0.5535,2025-12-01
3414,2025-06-12,0.4464,2026-01-01
3415,2025-06-12,0.4506,2026-01-01
3416,2025-06-12,0.6325,2026-02-01
3417,2025-06-12,0.6229,2026-02-01
3418,2025-06-12,0.3783,2026-03-01
3419,2025-06-12,0.3996,2026-03-01
3420,2025-06-12,0.3969,2026-04-01
3421,2025-06-12,0.4134,2026-04-01
3422,2025-06-12,0.295,2026-05-01
3423,2025-06-12,0.3034,2026-05-01
3424,2025-06-12,0.264,2026-06-01
3425,2025-06-12,0.2669,2026-06-01
3426,2025-06-12,0.2184,2026-07-01
3427,2025-06-12,0.2479,2026-07-01
3428,2025-06-12,0.2131,2026-08-01
3429,2025-06-12,0.2103,2026-08-01
3430,2025-06-12,0.292,2026-09-01
3431,2025-06-12,0.293,2026-09-01
3432,2025-06-12,0.3641,2026-10-01
3433,2025-06-12,0.3727,2026-10-01
3434,2025-06-12,0.3283,2026-11-01
3435,2025-06-12,0.3394,2026-11-01
3436,2025-06-12,0.5429,2026-12-01
3437,2025-06-12,0.5397,2026-12-01
3438,2025-06-12,0.4111,2027-01-01
3439,2025-06-12,0.4138,2027-01-01
3440,2025-06-12,0.6082,2027-02-01
3441,2025-06-12,0.5836,2027-02-01
3442,2025-06-12,0.3494,2027-03-01
3443,2025-06-12,0.3717,2027-03-01
3444,2025-06-12,0.3719,2027-04-01
3445,2025-06-12,0.3747,2027-04-01
3446,2025-06-12,0.2843,2027-05-01
3447,2025-06-12,0.2977,2027-05-01
3448,2025-06-12,0.2877,2027-06-01
3449,2025-06-12,0.2877,2027-06-01
3450,2025-06-13,0.2652,2025-06-01
3451,2025-06-13,0.2769,2025-06-01
3452,2025-06-13,0.1882,2025-07-01
3453,2025-06-13,0.2031,2025-07-01
3454,2025-06-13,0.4456,2025-08-01
3455,2025-06-13,0.4324,2025-08-01
3456,2025-06-13,0.2673,2025-09-01
3457,2025-06-13,0.2716,2025-09-01
3458,2025-06-13,0.3838,2025-10-01
3459,2025-06-13,0.3828,2025-10-01
3460,2025-06-13,0.3092,2025-11-01
3461,2025-06-13,0.3142,2025-11-01
3462,2025-06-13,0.5474,2025-12-01
3463,2025-06-13,0.5454,2025-12-01
3464,2025-06-13,0.4487,2026-01-01
3465,2025-06-13,0.4508,2026-01-01
3466,2025-06-13,0.632,2026-02-01
3467,2025-06-13,0.6223,2026-02-01
3468,2025-06-13,0.3929,2026-03-01
3469,2025-06-13,0.3979,2026-03-01
3470,2025-06-13,0.4093,2026-04-01
3471,2025-06-13,0.4104,2026-04-01
3472,2025-06-13,0.2927,2026-05-01
3473,2025-06-13,0.3038,2026-05-01
3474,2025-06-13,0.2645,2026-06-01
3475,2025-06-13,0.2629,2026-06-01
3476,2025-06-13,0.2442,2026-07-01
3477,2025-06-13,0.2488,2026-07-01
3478,2025-06-13,0.2124,2026-08-01
3479,2025-06-13,0.2131,2026-08-01
3480,2025-06-13,0.2888,2026-09-01
3481,2025-06-13,0.2903,2026-09-01
3482,2025-06-13,0.3746,2026-10-01
3483,2025-06-13,0.3729,2026-10-01
3484,2025-06-13,0.3377,2026-11-01
3485,2025-06-13,0.3413,2026-11-01
3486,2025-06-13,0.546,2026-12-01
3487,2025-06-13,0.54,2026-12-01
3488,2025-06-13,0.4194,2027-01-01
3489,2025-06-13,0.4179,2027-01-01
3490,2025-06-13,0.6001,2027-02-01
3491,2025-06-13,0.5844,2027-02-01
3492,2025-06-13,0.375,2027-03-01
3493,2025-06-13,0.3762,2027-03-01
3494,2025-06-13,0.378,2027-04-01
3495,2025-06-13,0.377,2027-04-01
3496,2025-06-13,0.2846,2027-05-01
3497,2025-06-13,0.2953,2027-05-01
3498,2025-06-13,0.2529,2027-06-01
3499,2025-06-13,0.2529,2027-06-01
3500,2025-06-16,0.2622,2025-06-01
3501,2025-06-16,0.2742,2025-06-01
3502,2025-06-16,0.1852,2025-07-01
3503,2025-06-16,0.199,2025-07-01
3504,2025-06-16,0.4499,2025-08-01
3505,2025-06-16,0.4343,2025-08-01
3506,2025-06-16,0.2662,2025-09-01
3507,2025-06-16,0.2708,2025-09-01
3508,2025-06-16,0.3822,2025-10-01
3509,2025-06-16,0.3825,2025-10-01
3510,2025-06-16,0.3075,2025-11-01
3511,2025-06-16,0.3124,2025-11-01
3512,2025-06-16,0.5478,2025-12-01
3513,2025-06-16,0.5447,2025-12-01
3514,2025-06-16,0.4486,2026-01-01
3515,2025-06-16,0.4497,2026-01-01
3516,2025-06-16,0.6313,2026-02-01
3517,2025-06-16,0.6245,2026-02-01
3518,2025-06-16,0.3934,2026-03-01
3519,2025-06-16,0.3989,2026-03-01
3520,2025-06-16,0.4101,2026-04-01
3521,2025-06-16,0.411,2026-04-01
3522,2025-06-16,0.2938,2026-05-01
3523,2025-06-16,0.304,2026-05-01
3524,2025-06-16,0.2639,2026-06-01
3525,2025-06-16,0.2616,2026-06-01
3526,2025-06-16,0.2464,2026-07-01
3527,2025-06-16,0.2484,2026-07-01
3528,2025-06-16,0.2125,2026-08-01
3529,2025-06-16,0.2115,2026-08-01
3530,2025-06-16,0.2883,2026-09-01
3531,2025-06-16,0.2898,2026-09-01
3532,2025-06-16,0.3741,2026-10-01
3533,2025-06-16,0.3733,2026-10-01
3534,2025-06-16,0.3367,2026-11-01
3535,2025-06-16,0.3401,2026-11-01
3536,2025-06-16,0.5454,2026-12-01
3537,2025-06-16,0.5404,2026-12-01
3538,2025-06-16,0.4193,2027-01-01
3539,2025-06-16,0.4178,2027-01-01
3540,2025-06-16,0.6007,2027-02-01
3541,2025-06-16,0.5877,2027-02-01
3542,2025-06-16,0.3746,2027-03-01
3543,2025-06-16,0.3776,2027-03-01
3544,2025-06-16,0.3771,2027-04-01
3545,2025-06-16,0.3766,2027-04-01
3546,2025-06-16,0.285,2027-05-01
3547,2025-06-16,0.2963,2027-05-01
3548,2025-06-16,0.252,2027-06-01
3549,2025-06-16,0.252,2027-06-01
3550,2025-06-17,0.2623,2025-06-01
3551,2025-06-17,0.2734,2025-06-01
3552,2025-06-17,0.1829,2025-07-01
3553,2025-06-17,0.1981,2025-07-01
3554,2025-06-17,0.4475,2025-08-01
3555,2025-06-17,0.4343,2025-08-01
3556,2025-06-17,0.2635,2025-09-01
3557,2025-06-17,0.2712,2025-09-01
3558,2025-06-17,0.38,2025-10-01
3559,2025-06-17,0.3818,2025-10-01
3560,2025-06-17,0.308,2025-11-01
3561,2025-06-17,0.3124,2025-11-01
3562,2025-06-17,0.5476,2025-12-01
3563,2025-06-17,0.5456,2025-12-01
3564,2025-06-17,0.4546,2026-01-01
3565,2025-06-17,0.4511,2026-01-01
3566,2025-06-17,0.6296,2026-02-01
3567,2025-06-17,0.6253,2026-02-01
3568,2025-06-17,0.3933,2026-03-01
3569,2025-06-17,0.3986,2026-03-01
3570,2025-06-17,0.4144,2026-04-01
3571,2025-06-17,0.411,2026-04-01
3572,2025-06-17,0.2986,2026-05-01
3573,2025-06-17,0.3033,2026-05-01
3574,2025-06-17,0.2584,2026-06-01
3575,2025-06-17,0.2615,2026-06-01
3576,2025-06-17,0.2426,2026-07-01
3577,2025-06-17,0.2479,2026-07-01
3578,2025-06-17,0.204,2026-08-01
3579,2025-06-17,0.2113,2026-08-01
3580,2025-06-17,0.2879,2026-09-01
3581,2025-06-17,0.2903,2026-09-01
3582,2025-06-17,0.3752,2026-10-01
3583,2025-06-17,0.3739,2026-10-01
3584,2025-06-17,0.3418,2026-11-01
3585,2025-06-17,0.3402,2026-11-01
3586,2025-06-17,0.5354,2026-12-01
3587,2025-06-17,0.5414,2026-12-01
3588,2025-06-17,0.4262,2027-01-01
3589,2025-06-17,0.4178,2027-01-01
3590,2025-06-17,0.6037,2027-02-01
3591,2025-06-17,0.5877,2027-02-01
3592,2025-06-17,0.3794,2027-03-01
3593,2025-06-17,0.3776,2027-03-01
3594,2025-06-17,0.3773,2027-04-01
3595,2025-06-17,0.3766,2027-04-01
3596,2025-06-17,0.2893,2027-05-01
3597,2025-06-17,0.2969,2027-05-01
3598,2025-06-17,0.246,2027-06-01
3599,2025-06-17,0.2494,2027-06-01
3600,2025-06-18,0.2628,2025-06-01
3601,2025-06-18,0.2735,2025-06-01
3602,2025-06-18,0.1827,2025-07-01
3603,2025-06-18,0.1979,2025-07-01
3604,2025-06-18,0.4487,2025-08-01
3605,2025-06-18,0.4343,2025-08-01
3606,2025-06-18,0.2652,2025-09-01
3607,2025-06-18,0.2715,2025-09-01
3608,2025-06-18,0.3819,2025-10-01
3609,2025-06-18,0.3821,2025-10-01
3610,2025-06-18,0.3123,2025-11-01
3611,2025-06-18,0.3126,2025-11-01
3612,2025-06-18,0.5474,2025-12-01
3613,2025-06-18,0.5456,2025-12-01
3614,2025-06-18,0.4509,2026-01-01
3615,2025-06-18,0.4506,2026-01-01
3616,2025-06-18,0.6304,2026-02-01
3617,2025-06-18,0.6247,2026-02-01
3618,2025-06-18,0.394,2026-03-01
3619,2025-06-18,0.3981,2026-03-01
3620,2025-06-18,0.4135,2026-04-01
3621,2025-06-18,0.4109,2026-04-01
3622,2025-06-18,0.3004,2026-05-01
3623,2025-06-18,0.3035,2026-05-01
3624,2025-06-18,0.2582,2026-06-01
3625,2025-06-18,0.2612,2026-06-01
3626,2025-06-18,0.2518,2026-07-01
3627,2025-06-18,0.2482,2026-07-01
3628,2025-06-18,0.2034,2026-08-01
3629,2025-06-18,0.2122,2026-08-01
3630,2025-06-18,0.2878,2026-09-01
3631,2025-06-18,0.2902,2026-09-01
3632,2025-06-18,0.3753,2026-10-01
3633,2025-06-18,0.3733,2026-10-01
3634,2025-06-18,0.3427,2026-11-01
3635,2025-06-18,0.3405,2026-11-01
3636,2025-06-18,0.5339,2026-12-01
3637,2025-06-18,0.5416,2026-12-01
3638,2025-06-18,0.4249,2027-01-01
3639,2025-06-18,0.4186,2027-01-01
3640,2025-06-18,0.5998,2027-02-01
3641,2025-06-18,0.5855,2027-02-01
3642,2025-06-18,0.3769,2027-03-01
3643,2025-06-18,0.3755,2027-03-01
3644,2025-06-18,0.3729,2027-04-01
3645,2025-06-18,0.3754,2027-04-01
3646,2025-06-18,0.2921,2027-05-01
3647,2025-06-18,0.2972,2027-05-01
3648,2025-06-18,0.2439,2027-06-01
3649,2025-06-18,0.2484,2027-06-01
3650,2025-06-20,0.2552,2025-06-01
3651,2025-06-20,0.2699,2025-06-01
3652,2025-06-20,0.1722,2025-07-01
3653,2025-06-20,0.1896,2025-07-01
3654,2025-06-20,0.4263,2025-08-01
3655,2025-06-20,0.4222,2025-08-01
3656,2025-06-20,0.2765,2025-09-01
3657,2025-06-20,0.2806,2025-09-01
3658,2025-06-20,0.3867,2025-10-01
3659,2025-06-20,0.3857,2025-10-01
3660,2025-06-20,0.3131,2025-11-01
3661,2025-06-20,0.3137,2025-11-01
3662,2025-06-20,0.5522,2025-12-01
3663,2025-06-20,0.545,2025-12-01
3664,2025-06-20,0.4503,2026-01-01
3665,2025-06-20,0.4503,2026-01-01
3666,2025-06-20,0.6297,2026-02-01
3667,2025-06-20,0.6227,2026-02-01
3668,2025-06-20,0.3976,2026-03-01
3669,2025-06-20,0.3963,2026-03-01
3670,2025-06-20,0.4172,2026-04-01
3671,2025-06-20,0.4082,2026-04-01
3672,2025-06-20,0.3039,2026-05-01
3673,2025-06-20,0.3031,2026-05-01
3674,2025-06-20,0.2586,2026-06-01
3675,2025-06-20,0.2624,2026-06-01
3676,2025-06-20,0.2533,2026-07-01
3677,2025-06-20,0.2499,2026-07-01
3678,2025-06-20,0.2058,2026-08-01
3679,2025-06-20,0.2158,2026-08-01
3680,2025-06-20,0.2869,2026-09-01
3681,2025-06-20,0.2902,2026-09-01
3682,2025-06-20,0.3749,2026-10-01
3683,2025-06-20,0.3724,2026-10-01
3684,2025-06-20,0.3427,2026-11-01
3685,2025-06-20,0.3392,2026-11-01
3686,2025-06-20,0.537,2026-12-01
3687,2025-06-20,0.5396,2026-12-01
3688,2025-06-20,0.4207,2027-01-01
3689,2025-06-20,0.4166,2027-01-01
3690,2025-06-20,0.599,2027-02-01
3691,2025-06-20,0.5813,2027-02-01
3692,2025-06-20,0.3849,2027-03-01
3693,2025-06-20,0.3751,2027-03-01
3694,2025-06-20,0.3804,2027-04-01
3695,2025-06-20,0.3734,2027-04-01
3696,2025-06-20,0.294,2027-05-01
3697,2025-06-20,0.2962,2027-05-01
3698,2025-06-20,0.2395,2027-06-01
3699,2025-06-20,0.2437,2027-06-01
3700,2025-06-23,0.2536,2025-06-01
3701,2025-06-23,0.2666,2025-06-01
3702,2025-06-23,0.1645,2025-07-01
3703,2025-06-23,0.1879,2025-07-01
3704,2025-06-23,0.425,2025-08-01
3705,2025-06-23,0.4218,2025-08-01
3706,2025-06-23,0.278,2025-09-01
3707,2025-06-23,0.2814,2025-09-01
3708,2025-06-23,0.3887,2025-10-01
3709,2025-06-23,0.3873,2025-10-01
3710,2025-06-23,0.297,2025-11-01
3711,2025-06-23,0.3142,2025-11-01
3712,2025-06-23,0.5431,2025-12-01
3713,2025-06-23,0.5444,2025-12-01
3714,2025-06-23,0.454,2026-01-01
3715,2025-06-23,0.4506,2026-01-01
3716,2025-06-23,0.6114,2026-02-01
3717,2025-06-23,0.6233,2026-02-01
3718,2025-06-23,0.3893,2026-03-01
3719,2025-06-23,0.3959,2026-03-01
3720,2025-06-23,0.4128,2026-04-01
3721,2025-06-23,0.4084,2026-04-01
3722,2025-06-23,0.3012,2026-05-01
3723,2025-06-23,0.303,2026-05-01
3724,2025-06-23,0.256,2026-06-01
3725,2025-06-23,0.2624,2026-06-01
3726,2025-06-23,0.2497,2026-07-01
3727,2025-06-23,0.2511,2026-07-01
3728,2025-06-23,0.2075,2026-08-01
3729,2025-06-23,0.2164,2026-08-01
3730,2025-06-23,0.2774,2026-09-01
3731,2025-06-23,0.2899,2026-09-01
3732,2025-06-23,0.3679,2026-10-01
3733,2025-06-23,0.3722,2026-10-01
3734,2025-06-23,0.333,2026-11-01
3735,2025-06-23,0.3393,2026-11-01
3736,2025-06-23,0.5486,2026-12-01
3737,2025-06-23,0.5388,2026-12-01
3738,2025-06-23,0.4057,2027-01-01
3739,2025-06-23,0.4158,2027-01-01
3740,2025-06-23,0.5801,2027-02-01
3741,2025-06-23,0.5802,2027-02-01
3742,2025-06-23,0.375,2027-03-01
3743,2025-06-23,0.3743,2027-03-01
3744,2025-06-23,0.373,2027-04-01
3745,2025-06-23,0.3728,2027-04-01
3746,2025-06-23,0.2849,2027-05-01
3747,2025-06-23,0.2939,2027-05-01
3748,2025-06-23,0.2334,2027-06-01
3749,2025-06-23,0.2419,2027-06-01
3750,2025-06-24,0.2532,2025-06-01
3751,2025-06-24,0.2653,2025-06-01
3752,2025-06-24,0.1668,2025-07-01
3753,2025-06-24,0.1868,2025-07-01
3754,2025-06-24,0.426,2025-08-01
3755,2025-06-24,0.4219,2025-08-01
3756,2025-06-24,0.2788,2025-09-01
3757,2025-06-24,0.2816,2025-09-01
3758,2025-06-24,0.3896,2025-10-01
3759,2025-06-24,0.3876,2025-10-01
3760,2025-06-24,0.298,2025-11-01
3761,2025-06-24,0.3146,2025-11-01
3762,2025-06-24,0.5411,2025-12-01
3763,2025-06-24,0.5443,2025-12-01
3764,2025-06-24,0.4535,2026-01-01
3765,2025-06-24,0.4506,2026-01-01
3766,2025-06-24,0.6126,2026-02-01
3767,2025-06-24,0.6233,2026-02-01
3768,2025-06-24,0.3893,2026-03-01
3769,2025-06-24,0.3959,2026-03-01
3770,2025-06-24,0.4127,2026-04-01
3771,2025-06-24,0.4084,2026-04-01
3772,2025-06-24,0.3018,2026-05-01
3773,2025-06-24,0.303,2026-05-01
3774,2025-06-24,0.2557,2026-06-01
3775,2025-06-24,0.2624,2026-06-01
3776,2025-06-24,0.2496,2026-07-01
3777,2025-06-24,0.2511,2026-07-01
3778,2025-06-24,0.2101,2026-08-01
3779,2025-06-24,0.2164,2026-08-01
3780,2025-06-24,0.2805,2026-09-01
3781,2025-06-24,0.2899,2026-09-01
3782,2025-06-24,0.3679,2026-10-01
3783,2025-06-24,0.3722,2026-10-01
3784,2025-06-24,0.3318,2026-11-01
3785,2025-06-24,0.3393,2026-11-01
3786,2025-06-24,0.5484,2026-12-01
3787,2025-06-24,0.5388,2026-12-01
3788,2025-06-24,0.4026,2027-01-01
3789,2025-06-24,0.4158,2027-01-01
3790,2025-06-24,0.5738,2027-02-01
3791,2025-06-24,0.5802,2027-02-01
3792,2025-06-24,0.3727,2027-03-01
3793,2025-06-24,0.3743,2027-03-01
3794,2025-06-24,0.3709,2027-04-01
3795,2025-06-24,0.3728,2027-04-01
3796,2025-06-24,0.2829,2027-05-01
3797,2025-06-24,0.2939,2027-05-01
3798,2025-06-24,0.234,2027-06-01
3799,2025-06-24,0.2431,2027-06-01
3800,2025-06-25,0.2562,2025-06-01
3801,2025-06-25,0.2659,2025-06-01
3802,2025-06-25,0.1639,2025-07-01
3803,2025-06-25,0.1847,2025-07-01
3804,2025-06-25,0.4287,2025-08-01
3805,2025-06-25,0.4211,2025-08-01
3806,2025-06-25,0.2797,2025-09-01
3807,2025-06-25,0.283,2025-09-01
3808,2025-06-25,0.3944,2025-10-01
3809,2025-06-25,0.3888,2025-10-01
3810,2025-06-25,0.2969,2025-11-01
3811,2025-06-25,0.3152,2025-11-01
3812,2025-06-25,0.5384,2025-12-01
3813,2025-06-25,0.5419,2025-12-01
3814,2025-06-25,0.4513,2026-01-01
3815,2025-06-25,0.4501,2026-01-01
3816,2025-06-25,0.6125,2026-02-01
3817,2025-06-25,0.6227,2026-02-01
3818,2025-06-25,0.3905,2026-03-01
3819,2025-06-25,0.3962,2026-03-01
3820,2025-06-25,0.411,2026-04-01
3821,2025-06-25,0.408,2026-04-01
3822,2025-06-25,0.3007,2026-05-01
3823,2025-06-25,0.3028,2026-05-01
3824,2025-06-25,0.2578,2026-06-01
3825,2025-06-25,0.2621,2026-06-01
3826,2025-06-25,0.2513,2026-07-01
3827,2025-06-25,0.2505,2026-07-01
3828,2025-06-25,0.2143,2026-08-01
3829,2025-06-25,0.2158,2026-08-01
3830,2025-06-25,0.2817,2026-09-01
3831,2025-06-25,0.2896,2026-09-01
3832,2025-06-25,0.3687,2026-10-01
3833,2025-06-25,0.3721,2026-10-01
3834,2025-06-25,0.3321,2026-11-01
3835,2025-06-25,0.3392,2026-11-01
3836,2025-06-25,0.54,2026-12-01
3837,2025-06-25,0.5346,2026-12-01
3838,2025-06-25,0.401,2027-01-01
3839,2025-06-25,0.415,2027-01-01
3840,2025-06-25,0.5732,2027-02-01
3841,2025-06-25,0.5793,2027-02-01
3842,2025-06-25,0.3699,2027-03-01
3843,2025-06-25,0.3746,2027-03-01
3844,2025-06-25,0.369,2027-04-01
3845,2025-06-25,0.3722,2027-04-01
3846,2025-06-25,0.2784,2027-05-01
3847,2025-06-25,0.2933,2027-05-01
3848,2025-06-25,0.2379,2027-06-01
3849,2025-06-25,0.2427,2027-06-01
3850,2025-06-26,0.2514,2025-06-01
3851,2025-06-26,0.2637,2025-06-01
3852,2025-06-26,0.1612,2025-07-01
3853,2025-06-26,0.1832,2025-07-01
3854,2025-06-26,0.4134,2025-08-01
3855,2025-06-26,0.4099,2025-08-01
3856,2025-06-26,0.2903,2025-09-01
3857,2025-06-26,0.2899,2025-09-01
3858,2025-06-26,0.3952,2025-10-01
3859,2025-06-26,0.3897,2025-10-01
3860,2025-06-26,0.3,2025-11-01
3861,2025-06-26,0.3159,2025-11-01
3862,2025-06-26,0.5391,2025-12-01
3863,2025-06-26,0.5421,2025-12-01
3864,2025-06-26,0.451,2026-01-01
3865,2025-06-26,0.45,2026-01-01
3866,2025-06-26,0.615,2026-02-01
3867,2025-06-26,0.6224,2026-02-01
3868,2025-06-26,0.3899,2026-03-01
3869,2025-06-26,0.3955,2026-03-01
3870,2025-06-26,0.4046,2026-04-01
3871,2025-06-26,0.4078,2026-04-01
3872,2025-06-26,0.2962,2026-05-01
3873,2025-06-26,0.3026,2026-05-01
3874,2025-06-26,0.2577,2026-06-01
3875,2025-06-26,0.2619,2026-06-01
3876,2025-06-26,0.2509,2026-07-01
3877,2025-06-26,0.2499,2026-07-01
3878,2025-06-26,0.2088,2026-08-01
3879,2025-06-26,0.2157,2026-08-01
3880,2025-06-26,0.2823,2026-09-01
3881,2025-06-26,0.2898,2026-09-01
3882,2025-06-26,0.3665,2026-10-01
3883,2025-06-26,0.3711,2026-10-01
3884,2025-06-26,0.3288,2026-11-01
3885,2025-06-26,0.339,2026-11-01
3886,2025-06-26,0.5357,2026-12-01
3887,2025-06-26,0.5345,2026-12-01
3888,2025-06-26,0.4027,2027-01-01
3889,2025-06-26,0.4149,2027-01-01
3890,2025-06-26,0.5695,2027-02-01
3891,2025-06-26,0.5792,2027-02-01
3892,2025-06-26,0.3706,2027-03-01
3893,2025-06-26,0.3745,2027-03-01
3894,2025-06-26,0.3653,2027-04-01
3895,2025-06-26,0.3722,2027-04-01
3896,2025-06-26,0.2814,2027-05-01
3897,2025-06-26,0.2933,2027-05-01
3898,2025-06-26,0.2345,2027-06-01
3899,2025-06-26,0.2424,2027-06-01
3900,2025-06-27,0.2305,2025-06-01
3901,2025-06-27,0.252,2025-06-01
3902,2025-06-27,0.2105,2025-07-01
3903,2025-06-27,0.2019,2025-07-01
3904,2025-06-27,0.2421,2025-08-01
3905,2025-06-27,0.342,2025-08-01
3906,2025-06-27,0.3859,2025-09-01
3907,2025-06-27,0.3282,2025-09-01
3908,2025-06-27,0.3951,2025-10-01
3909,2025-06-27,0.3915,2025-10-01
3910,2025-06-27,0.3057,2025-11-01
3911,2025-06-27,0.3166,2025-11-01
3912,2025-06-27,0.5284,2025-12-01
3913,2025-06-27,0.5421,2025-12-01
3914,2025-06-27,0.4275,2026-01-01
3915,2025-06-27,0.4473,2026-01-01
3916,2025-06-27,0.6243,2026-02-01
3917,2025-06-27,0.6197,2026-02-01
3918,2025-06-27,0.3925,2026-03-01
3919,2025-06-27,0.3956,2026-03-01
3920,2025-06-27,0.3952,2026-04-01
3921,2025-06-27,0.4078,2026-04-01
3922,2025-06-27,0.3059,2026-05-01
3923,2025-06-27,0.3023,2026-05-01
3924,2025-06-27,0.2487,2026-06-01
3925,2025-06-27,0.2616,2026-06-01
3926,2025-06-27,0.2368,2026-07-01
3927,2025-06-27,0.249,2026-07-01
3928,2025-06-27,0.1861,2026-08-01
3929,2025-06-27,0.2151,2026-08-01
3930,2025-06-27,0.2799,2026-09-01
3931,2025-06-27,0.2872,2026-09-01
3932,2025-06-27,0.3683,2026-10-01
3933,2025-06-27,0.3702,2026-10-01
3934,2025-06-27,0.3364,2026-11-01
3935,2025-06-27,0.3397,2026-11-01
3936,2025-06-27,0.5378,2026-12-01
3937,2025-06-27,0.5339,2026-12-01
3938,2025-06-27,0.3745,2027-01-01
3939,2025-06-27,0.4161,2027-01-01
3940,2025-06-27,0.5609,2027-02-01
3941,2025-06-27,0.5778,2027-02-01
3942,2025-06-27,0.3671,2027-03-01
3943,2025-06-27,0.3751,2027-03-01
3944,2025-06-27,0.3534,2027-04-01
3945,2025-06-27,0.3715,2027-04-01
3946,2025-06-27,0.2788,2027-05-01
3947,2025-06-27,0.2924,2027-05-01
3948,2025-06-27,0.2185,2027-06-01
3949,2025-06-27,0.2429,2027-06-01
3950,2025-06-30,0.223,2025-06-01
3951,2025-06-30,0.2456,2025-06-01
3952,2025-06-30,0.2086,2025-07-01
3953,2025-06-30,0.2004,2025-07-01
3954,2025-06-30,0.2341,2025-08-01
3955,2025-06-30,0.3425,2025-08-01
3956,2025-06-30,0.3937,2025-09-01
3957,2025-06-30,0.3311,2025-09-01
3958,2025-06-30,0.3916,2025-10-01
3959,2025-06-30,0.3894,2025-10-01
3960,2025-06-30,0.3095,2025-11-01
3961,2025-06-30,0.3152,2025-11-01
3962,2025-06-30,0.5329,2025-12-01
3963,2025-06-30,0.5404,2025-12-01
3964,2025-06-30,0.436,2026-01-01
3965,2025-06-30,0.447,2026-01-01
3966,2025-06-30,0.6329,2026-02-01
3967,2025-06-30,0.6168,2026-02-01
3968,2025-06-30,0.3942,2026-03-01
3969,2025-06-30,0.3926,2026-03-01
3970,2025-06-30,0.404,2026-04-01
3971,2025-06-30,0.4073,2026-04-01
3972,2025-06-30,0.3062,2026-05-01
3973,2025-06-30,0.3005,2026-05-01
3974,2025-06-30,0.2486,2026-06-01
3975,2025-06-30,0.2607,2026-06-01
3976,2025-06-30,0.2357,2026-07-01
3977,2025-06-30,0.2486,2026-07-01
3978,2025-06-30,0.1878,2026-08-01
3979,2025-06-30,0.215,2026-08-01
3980,2025-06-30,0.2774,2026-09-01
3981,2025-06-30,0.2862,2026-09-01
3982,2025-06-30,0.3673,2026-10-01
3983,2025-06-30,0.3673,2026-10-01
3984,2025-06-30,0.339,2026-11-01
3985,2025-06-30,0.3382,2026-11-01
3986,2025-06-30,0.5202,2026-12-01
3987,2025-06-30,0.5334,2026-12-01
3988,2025-06-30,0.3993,2027-01-01
3989,2025-06-30,0.4158,2027-01-01
3990,2025-06-30,0.5749,2027-02-01
3991,2025-06-30,0.5733,2027-02-01
3992,2025-06-30,0.3746,2027-03-01
3993,2025-06-30,0.3708,2027-03-01
3994,2025-06-30,0.3586,2027-04-01
3995,2025-06-30,0.3696,2027-04-01
3996,2025-06-30,0.2825,2027-05-01
3997,2025-06-30,0.2902,2027-05-01
3998,2025-06-30,0.2191,2027-06-01
3999,2025-06-30,0.2435,2027-06-01
4000,2025-07-01,0.2218,2025-06-01
4001,2025-07-01,0.2445,2025-06-01
4002,2025-07-01,0.2185,2025-07-01
4003,2025-07-01,0.201,2025-07-01
4004,2025-07-01,0.2264,2025-08-01
4005,2025-07-01,0.3382,2025-08-01
4006,2025-07-01,0.3998,2025-09-01
4007,2025-07-01,0.3344,2025-09-01
4008,2025-07-01,0.3902,2025-10-01
4009,2025-07-01,0.3887,2025-10-01
4010,2025-07-01,0.3101,2025-11-01
4011,2025-07-01,0.315,2025-11-01
4012,2025-07-01,0.5302,2025-12-01
4013,2025-07-01,0.5423,2025-12-01
4014,2025-07-01,0.4369,2026-01-01
4015,2025-07-01,0.4471,2026-01-01
4016,2025-07-01,0.6269,2026-02-01
4017,2025-07-01,0.617,2026-02-01
4018,2025-07-01,0.3918,2026-03-01
4019,2025-07-01,0.3926,2026-03-01
4020,2025-07-01,0.3999,2026-04-01
4021,2025-07-01,0.4074,2026-04-01
4022,2025-07-01,0.3018,2026-05-01
4023,2025-07-01,0.3006,2026-05-01
4024,2025-07-01,0.2508,2026-06-01
4025,2025-07-01,0.2608,2026-06-01
4026,2025-07-01,0.2374,2026-07-01
4027,2025-07-01,0.2486,2026-07-01
4028,2025-07-01,0.1911,2026-08-01
4029,2025-07-01,0.215,2026-08-01
4030,2025-07-01,0.2767,2026-09-01
4031,2025-07-01,0.2863,2026-09-01
4032,2025-07-01,0.3662,2026-10-01
4033,2025-07-01,0.3673,2026-10-01
4034,2025-07-01,0.3405,2026-11-01
4035,2025-07-01,0.3384,2026-11-01
4036,2025-07-01,0.5151,2026-12-01
4037,2025-07-01,0.5335,2026-12-01
4038,2025-07-01,0.3966,2027-01-01
4039,2025-07-01,0.4158,2027-01-01
4040,2025-07-01,0.5748,2027-02-01
4041,2025-07-01,0.5733,2027-02-01
4042,2025-07-01,0.3701,2027-03-01
4043,2025-07-01,0.3708,2027-03-01
4044,2025-07-01,0.3577,2027-04-01
4045,2025-07-01,0.3696,2027-04-01
4046,2025-07-01,0.2787,2027-05-01
4047,2025-07-01,0.2902,2027-05-01
4048,2025-07-01,0.2232,2027-06-01
4049,2025-07-01,0.2442,2027-06-01
4050,2025-07-02,0.2164,2025-06-01
4051,2025-07-02,0.2443,2025-06-01
4052,2025-07-02,0.2214,2025-07-01
4053,2025-07-02,0.2024,2025-07-01
4054,2025-07-02,0.2158,2025-08-01
4055,2025-07-02,0.3339,2025-08-01
4056,2025-07-02,0.4102,2025-09-01
4057,2025-07-02,0.3373,2025-09-01
4058,2025-07-02,0.3898,2025-10-01
4059,2025-07-02,0.3887,2025-10-01
4060,2025-07-02,0.3101,2025-11-01
4061,2025-07-02,0.315,2025-11-01
4062,2025-07-02,0.532,2025-12-01
4063,2025-07-02,0.5423,2025-12-01
4064,2025-07-02,0.4384,2026-01-01
4065,2025-07-02,0.4471,2026-01-01
4066,2025-07-02,0.6293,2026-02-01
4067,2025-07-02,0.617,2026-02-01
4068,2025-07-02,0.3884,2026-03-01
4069,2025-07-02,0.3926,2026-03-01
4070,2025-07-02,0.4014,2026-04-01
4071,2025-07-02,0.4074,2026-04-01
4072,2025-07-02,0.3001,2026-05-01
4073,2025-07-02,0.3006,2026-05-01
4074,2025-07-02,0.2494,2026-06-01
4075,2025-07-02,0.2608,2026-06-01
4076,2025-07-02,0.2351,2026-07-01
4077,2025-07-02,0.2486,2026-07-01
4078,2025-07-02,0.1905,2026-08-01
4079,2025-07-02,0.215,2026-08-01
4080,2025-07-02,0.2768,2026-09-01
4081,2025-07-02,0.2863,2026-09-01
4082,2025-07-02,0.3644,2026-10-01
4083,2025-07-02,0.3673,2026-10-01
4084,2025-07-02,0.3392,2026-11-01
4085,2025-07-02,0.3384,2026-11-01
4086,2025-07-02,0.5182,2026-12-01
4087,2025-07-02,0.5335,2026-12-01
4088,2025-07-02,0.4004,2027-01-01
4089,2025-07-02,0.4158,2027-01-01
4090,2025-07-02,0.579,2027-02-01
4091,2025-07-02,0.5733,2027-02-01
4092,2025-07-02,0.3707,2027-03-01
4093,2025-07-02,0.3708,2027-03-01
4094,2025-07-02,0.3608,2027-04-01
4095,2025-07-02,0.3696,2027-04-01
4096,2025-07-02,0.2787,2027-05-01
4097,2025-07-02,0.2902,2027-05-01
4098,2025-07-02,0.22,2027-06-01
4099,2025-07-02,0.2442,2027-06-01
4100,2025-07-03,0.2223,2025-06-01
4101,2025-07-03,0.2429,2025-06-01
4102,2025-07-03,0.2363,2025-07-01
4103,2025-07-03,0.2047,2025-07-01
4104,2025-07-03,0.2144,2025-08-01
4105,2025-07-03,0.3309,2025-08-01
4106,2025-07-03,0.404,2025-09-01
4107,2025-07-03,0.3405,2025-09-01
4108,2025-07-03,0.3876,2025-10-01
4109,2025-07-03,0.388,2025-10-01
4110,2025-07-03,0.307,2025-11-01
4111,2025-07-03,0.3144,2025-11-01
4112,2025-07-03,0.5312,2025-12-01
4113,2025-07-03,0.5419,2025-12-01
4114,2025-07-03,0.4393,2026-01-01
4115,2025-07-03,0.4471,2026-01-01
4116,2025-07-03,0.6248,2026-02-01
4117,2025-07-03,0.6169,2026-02-01
4118,2025-07-03,0.3908,2026-03-01
4119,2025-07-03,0.3926,2026-03-01
4120,2025-07-03,0.4073,2026-04-01
4121,2025-07-03,0.4068,2026-04-01
4122,2025-07-03,0.3019,2026-05-01
4123,2025-07-03,0.3005,2026-05-01
4124,2025-07-03,0.2472,2026-06-01
4125,2025-07-03,0.2599,2026-06-01
4126,2025-07-03,0.2376,2026-07-01
4127,2025-07-03,0.2499,2026-07-01
4128,2025-07-03,0.1946,2026-08-01
4129,2025-07-03,0.2146,2026-08-01
4130,2025-07-03,0.2779,2026-09-01
4131,2025-07-03,0.2863,2026-09-01
4132,2025-07-03,0.3695,2026-10-01
4133,2025-07-03,0.3673,2026-10-01
4134,2025-07-03,0.3394,2026-11-01
4135,2025-07-03,0.3384,2026-11-01
4136,2025-07-03,0.5248,2026-12-01
4137,2025-07-03,0.5335,2026-12-01
4138,2025-07-03,0.398,2027-01-01
4139,2025-07-03,0.4159,2027-01-01
4140,2025-07-03,0.5741,2027-02-01
4141,2025-07-03,0.5737,2027-02-01
4142,2025-07-03,0.3736,2027-03-01
4143,2025-07-03,0.3706,2027-03-01
4144,2025-07-03,0.3649,2027-04-01
4145,2025-07-03,0.3694,2027-04-01
4146,2025-07-03,0.2802,2027-05-01
4147,2025-07-03,0.2901,2027-05-01
4148,2025-07-03,0.2298,2027-06-01
4149,2025-07-03,0.2448,2027-06-01
4150,2025-07-04,0.2199,2025-06-01
4151,2025-07-04,0.2392,2025-06-01
4152,2025-07-04,0.2647,2025-07-01
4153,2025-07-04,0.2149,2025-07-01
4154,2025-07-04,0.1831,2025-08-01
4155,2025-07-04,0.3085,2025-08-01
4156,2025-07-04,0.4283,2025-09-01
4157,2025-07-04,0.3537,2025-09-01
4158,2025-07-04,0.3944,2025-10-01
4159,2025-07-04,0.3909,2025-10-01
4160,2025-07-04,0.2894,2025-11-01
4161,2025-07-04,0.3118,2025-11-01
4162,2025-07-04,0.5346,2025-12-01
4163,2025-07-04,0.5426,2025-12-01
4164,2025-07-04,0.4454,2026-01-01
4165,2025-07-04,0.4465,2026-01-01
4166,2025-07-04,0.6367,2026-02-01
4167,2025-07-04,0.6161,2026-02-01
4168,2025-07-04,0.3851,2026-03-01
4169,2025-07-04,0.3922,2026-03-01
4170,2025-07-04,0.4189,2026-04-01
4171,2025-07-04,0.4062,2026-04-01
4172,2025-07-04,0.292,2026-05-01
4173,2025-07-04,0.3003,2026-05-01
4174,2025-07-04,0.2532,2026-06-01
4175,2025-07-04,0.2592,2026-06-01
4176,2025-07-04,0.2332,2026-07-01
4177,2025-07-04,0.2508,2026-07-01
4178,2025-07-04,0.2085,2026-08-01
4179,2025-07-04,0.215,2026-08-01
4180,2025-07-04,0.2781,2026-09-01
4181,2025-07-04,0.2865,2026-09-01
4182,2025-07-04,0.3545,2026-10-01
4183,2025-07-04,0.3675,2026-10-01
4184,2025-07-04,0.3202,2026-11-01
4185,2025-07-04,0.3386,2026-11-01
4186,2025-07-04,0.5101,2026-12-01
4187,2025-07-04,0.5312,2026-12-01
4188,2025-07-04,0.4014,2027-01-01
4189,2025-07-04,0.4156,2027-01-01
4190,2025-07-04,0.5706,2027-02-01
4191,2025-07-04,0.5747,2027-02-01
4192,2025-07-04,0.364,2027-03-01
4193,2025-07-04,0.3704,2027-03-01
4194,2025-07-04,0.3685,2027-04-01
4195,2025-07-04,0.3693,2027-04-01
4196,2025-07-04,0.2791,2027-05-01
4197,2025-07-04,0.2902,2027-05-01
4198,2025-07-04,0.2143,2027-06-01
4199,2025-07-04,0.2443,2027-06-01
4200,2025-07-07,0.2217,2025-06-01
4201,2025-07-07,0.2352,2025-06-01
4202,2025-07-07,0.2758,2025-07-01
4203,2025-07-07,0.2166,2025-07-01
4204,2025-07-07,0.1696,2025-08-01
4205,2025-07-07,0.3002,2025-08-01
4206,2025-07-07,0.4315,2025-09-01
4207,2025-07-07,0.3592,2025-09-01
4208,2025-07-07,0.4025,2025-10-01
4209,2025-07-07,0.3913,2025-10-01
4210,2025-07-07,0.2868,2025-11-01
4211,2025-07-07,0.3121,2025-11-01
4212,2025-07-07,0.5382,2025-12-01
4213,2025-07-07,0.5434,2025-12-01
4214,2025-07-07,0.4333,2026-01-01
4215,2025-07-07,0.4493,2026-01-01
4216,2025-07-07,0.64,2026-02-01
4217,2025-07-07,0.6158,2026-02-01
4218,2025-07-07,0.3857,2026-03-01
4219,2025-07-07,0.3933,2026-03-01
4220,2025-07-07,0.409,2026-04-01
4221,2025-07-07,0.4058,2026-04-01
4222,2025-07-07,0.2915,2026-05-01
4223,2025-07-07,0.3001,2026-05-01
4224,2025-07-07,0.2575,2026-06-01
4225,2025-07-07,0.2592,2026-06-01
4226,2025-07-07,0.2364,2026-07-01
4227,2025-07-07,0.2501,2026-07-01
4228,2025-07-07,0.2246,2026-08-01
4229,2025-07-07,0.2156,2026-08-01
4230,2025-07-07,0.2871,2026-09-01
4231,2025-07-07,0.2868,2026-09-01
4232,2025-07-07,0.3653,2026-10-01
4233,2025-07-07,0.3681,2026-10-01
4234,2025-07-07,0.3263,2026-11-01
4235,2025-07-07,0.3408,2026-11-01
4236,2025-07-07,0.5053,2026-12-01
4237,2025-07-07,0.5319,2026-12-01
4238,2025-07-07,0.3944,2027-01-01
4239,2025-07-07,0.4126,2027-01-01
4240,2025-07-07,0.5625,2027-02-01
4241,2025-07-07,0.5704,2027-02-01
4242,2025-07-07,0.365,2027-03-01
4243,2025-07-07,0.3713,2027-03-01
4244,2025-07-07,0.3683,2027-04-01
4245,2025-07-07,0.3672,2027-04-01
4246,2025-07-07,0.279,2027-05-01
4247,2025-07-07,0.2883,2027-05-01
4248,2025-07-07,0.2077,2027-06-01
4249,2025-07-07,0.2427,2027-06-01
4250,2025-07-08,0.2197,2025-06-01
4251,2025-07-08,0.2346,2025-06-01
4252,2025-07-08,0.2757,2025-07-01
4253,2025-07-08,0.2165,2025-07-01
4254,2025-07-08,0.16,2025-08-01
4255,2025-07-08,0.2997,2025-08-01
4256,2025-07-08,0.4417,2025-09-01
4257,2025-07-08,0.359,2025-09-01
4258,2025-07-08,0.406,2025-10-01
4259,2025-07-08,0.3916,2025-10-01
4260,2025-07-08,0.2807,2025-11-01
4261,2025-07-08,0.3122,2025-11-01
4262,2025-07-08,0.5467,2025-12-01
4263,2025-07-08,0.5432,2025-12-01
4264,2025-07-08,0.4337,2026-01-01
4265,2025-07-08,0.4493,2026-01-01
4266,2025-07-08,0.65,2026-02-01
4267,2025-07-08,0.6157,2026-02-01
4268,2025-07-08,0.3887,2026-03-01
4269,2025-07-08,0.3929,2026-03-01
4270,2025-07-08,0.4136,2026-04-01
4271,2025-07-08,0.4058,2026-04-01
4272,2025-07-08,0.2933,2026-05-01
4273,2025-07-08,0.3001,2026-05-01
4274,2025-07-08,0.2566,2026-06-01
4275,2025-07-08,0.2592,2026-06-01
4276,2025-07-08,0.2342,2026-07-01
4277,2025-07-08,0.2501,2026-07-01
4278,2025-07-08,0.2198,2026-08-01
4279,2025-07-08,0.2156,2026-08-01
4280,2025-07-08,0.2856,2026-09-01
4281,2025-07-08,0.2868,2026-09-01
4282,2025-07-08,0.3617,2026-10-01
4283,2025-07-08,0.3681,2026-10-01
4284,2025-07-08,0.3232,2026-11-01
4285,2025-07-08,0.3408,2026-11-01
4286,2025-07-08,0.511,2026-12-01
4287,2025-07-08,0.5319,2026-12-01
4288,2025-07-08,0.3973,2027-01-01
4289,2025-07-08,0.4126,2027-01-01
4290,2025-07-08,0.5762,2027-02-01
4291,2025-07-08,0.5699,2027-02-01
4292,2025-07-08,0.368,2027-03-01
4293,2025-07-08,0.3713,2027-03-01
4294,2025-07-08,0.3694,2027-04-01
4295,2025-07-08,0.3672,2027-04-01
4296,2025-07-08,0.2771,2027-05-01
4297,2025-07-08,0.2883,2027-05-01
4298,2025-07-08,0.2075,2027-06-01
4299,2025-07-08,0.2428,2027-06-01
4300,2025-07-09,0.2196,2025-06-01
4301,2025-07-09,0.2337,2025-06-01
4302,2025-07-09,0.2711,2025-07-01
4303,2025-07-09,0.2195,2025-07-01
4304,2025-07-09,0.1654,2025-08-01
4305,2025-07-09,0.2929,2025-08-01
4306,2025-07-09,0.4294,2025-09-01
4307,2025-07-09,0.3585,2025-09-01
4308,2025-07-09,0.3972,2025-10-01
4309,2025-07-09,0.3904,2025-10-01
4310,2025-07-09,0.2823,2025-11-01
4311,2025-07-09,0.3118,2025-11-01
4312,2025-07-09,0.5367,2025-12-01
4313,2025-07-09,0.5406,2025-12-01
4314,2025-07-09,0.4392,2026-01-01
4315,2025-07-09,0.4489,2026-01-01
4316,2025-07-09,0.6517,2026-02-01
4317,2025-07-09,0.616,2026-02-01
4318,2025-07-09,0.3881,2026-03-01
4319,2025-07-09,0.3922,2026-03-01
4320,2025-07-09,0.4046,2026-04-01
4321,2025-07-09,0.4058,2026-04-01
4322,2025-07-09,0.2895,2026-05-01
4323,2025-07-09,0.3005,2026-05-01
4324,2025-07-09,0.2604,2026-06-01
4325,2025-07-09,0.2591,2026-06-01
4326,2025-07-09,0.2321,2026-07-01
4327,2025-07-09,0.2501,2026-07-01
4328,2025-07-09,0.2195,2026-08-01
4329,2025-07-09,0.2156,2026-08-01
4330,2025-07-09,0.2846,2026-09-01
4331,2025-07-09,0.2868,2026-09-01
4332,2025-07-09,0.3663,2026-10-01
4333,2025-07-09,0.3681,2026-10-01
4334,2025-07-09,0.3285,2026-11-01
4335,2025-07-09,0.3408,2026-11-01
4336,2025-07-09,0.5026,2026-12-01
4337,2025-07-09,0.5319,2026-12-01
4338,2025-07-09,0.3939,2027-01-01
4339,2025-07-09,0.4126,2027-01-01
4340,2025-07-09,0.5779,2027-02-01
4341,2025-07-09,0.5699,2027-02-01
4342,2025-07-09,0.3463,2027-03-01
4343,2025-07-09,0.3713,2027-03-01
4344,2025-07-09,0.3521,2027-04-01
4345,2025-07-09,0.3672,2027-04-01
4346,2025-07-09,0.2675,2027-05-01
4347,2025-07-09,0.2883,2027-05-01
4348,2025-07-09,0.2214,2027-06-01
4349,2025-07-09,0.2428,2027-06-01
4350,2025-07-10,0.2684,2025-07-01
4351,2025-07-10,0.2234,2025-07-01
4352,2025-07-10,0.1461,2025-08-01
4353,2025-07-10,0.2795,2025-08-01
4354,2025-07-10,0.4468,2025-09-01
4355,2025-07-10,0.3655,2025-09-01
4356,2025-07-10,0.3838,2025-10-01
4357,2025-07-10,0.389,2025-10-01
4358,2025-07-10,0.2867,2025-11-01
4359,2025-07-10,0.311,2025-11-01
4360,2025-07-10,0.5335,2025-12-01
4361,2025-07-10,0.5386,2025-12-01
4362,2025-07-10,0.4277,2026-01-01
4363,2025-07-10,0.4503,2026-01-01
4364,2025-07-10,0.651,2026-02-01
4365,2025-07-10,0.6151,2026-02-01
4366,2025-07-10,0.394,2026-03-01
4367,2025-07-10,0.394,2026-03-01
4368,2025-07-10,0.4092,2026-04-01
4369,2025-07-10,0.4072,2026-04-01
4370,2025-07-10,0.2915,2026-05-01
4371,2025-07-10,0.3011,2026-05-01
4372,2025-07-10,0.2692,2026-06-01
4373,2025-07-10,0.2601,2026-06-01
4374,2025-07-10,0.2285,2026-07-01
4375,2025-07-10,0.25,2026-07-01
4376,2025-07-10,0.2134,2026-08-01
4377,2025-07-10,0.215,2026-08-01
4378,2025-07-10,0.2794,2026-09-01
4379,2025-07-10,0.2871,2026-09-01
4380,2025-07-10,0.3573,2026-10-01
4381,2025-07-10,0.3685,2026-10-01
4382,2025-07-10,0.3187,2026-11-01
4383,2025-07-10,0.3413,2026-11-01
4384,2025-07-10,0.5083,2026-12-01
4385,2025-07-10,0.5322,2026-12-01
4386,2025-07-10,0.3928,2027-01-01
4387,2025-07-10,0.4135,2027-01-01
4388,2025-07-10,0.5852,2027-02-01
4389,2025-07-10,0.5695,2027-02-01
4390,2025-07-10,0.3536,2027-03-01
4391,2025-07-10,0.3721,2027-03-01
4392,2025-07-10,0.353,2027-04-01
4393,2025-07-10,0.368,2027-04-01
4394,2025-07-10,0.2682,2027-05-01
4395,2025-07-10,0.289,2027-05-01
4396,2025-07-10,0.2318,2027-06-01
4397,2025-07-10,0.2428,2027-06-01
4398,2025-07-10,0.2191,2027-07-01
4399,2025-07-10,0.2191,2027-07-01
4400,2025-07-11,0.2639,2025-07-01
4401,2025-07-11,0.232,2025-07-01
4402,2025-07-11,0.141,2025-08-01
4403,2025-07-11,0.2495,2025-08-01
4404,2025-07-11,0.4329,2025-09-01
4405,2025-07-11,0.3756,2025-09-01
4406,2025-07-11,0.385,2025-10-01
4407,2025-07-11,0.3905,2025-10-01
4408,2025-07-11,0.3022,2025-11-01
4409,2025-07-11,0.311,2025-11-01
4410,2025-07-11,0.5434,2025-12-01
4411,2025-07-11,0.537,2025-12-01
4412,2025-07-11,0.437,2026-01-01
4413,2025-07-11,0.4512,2026-01-01
4414,2025-07-11,0.6403,2026-02-01
4415,2025-07-11,0.6149,2026-02-01
4416,2025-07-11,0.4084,2026-03-01
4417,2025-07-11,0.399,2026-03-01
4418,2025-07-11,0.4162,2026-04-01
4419,2025-07-11,0.408,2026-04-01
4420,2025-07-11,0.3029,2026-05-01
4421,2025-07-11,0.2992,2026-05-01
4422,2025-07-11,0.265,2026-06-01
4423,2025-07-11,0.2586,2026-06-01
4424,2025-07-11,0.2201,2026-07-01
4425,2025-07-11,0.2435,2026-07-01
4426,2025-07-11,0.2049,2026-08-01
4427,2025-07-11,0.2143,2026-08-01
4428,2025-07-11,0.2824,2026-09-01
4429,2025-07-11,0.2852,2026-09-01
4430,2025-07-11,0.3559,2026-10-01
4431,2025-07-11,0.3696,2026-10-01
4432,2025-07-11,0.3404,2026-11-01
4433,2025-07-11,0.3428,2026-11-01
4434,2025-07-11,0.5192,2026-12-01
4435,2025-07-11,0.5305,2026-12-01
4436,2025-07-11,0.375,2027-01-01
4437,2025-07-11,0.41,2027-01-01
4438,2025-07-11,0.5857,2027-02-01
4439,2025-07-11,0.5722,2027-02-01
4440,2025-07-11,0.3673,2027-03-01
4441,2025-07-11,0.3723,2027-03-01
4442,2025-07-11,0.364,2027-04-01
4443,2025-07-11,0.37,2027-04-01
4444,2025-07-11,0.2761,2027-05-01
4445,2025-07-11,0.2852,2027-05-01
4446,2025-07-11,0.2189,2027-06-01
4447,2025-07-11,0.242,2027-06-01
4448,2025-07-11,0.184,2027-07-01
4449,2025-07-11,0.184,2027-07-01
4450,2025-07-14,0.2592,2025-07-01
4451,2025-07-14,0.2352,2025-07-01
4452,2025-07-14,0.1363,2025-08-01
4453,2025-07-14,0.2338,2025-08-01
4454,2025-07-14,0.4426,2025-09-01
4455,2025-07-14,0.3862,2025-09-01
4456,2025-07-14,0.3878,2025-10-01
4457,2025-07-14,0.3936,2025-10-01
4458,2025-07-14,0.3056,2025-11-01
4459,2025-07-14,0.3074,2025-11-01
4460,2025-07-14,0.5505,2025-12-01
4461,2025-07-14,0.5349,2025-12-01
4462,2025-07-14,0.4475,2026-01-01
4463,2025-07-14,0.4506,2026-01-01
4464,2025-07-14,0.6389,2026-02-01
4465,2025-07-14,0.6175,2026-02-01
4466,2025-07-14,0.4155,2026-03-01
4467,2025-07-14,0.3987,2026-03-01
4468,2025-07-14,0.4232,2026-04-01
4469,2025-07-14,0.4082,2026-04-01
4470,2025-07-14,0.3087,2026-05-01
4471,2025-07-14,0.3002,2026-05-01
4472,2025-07-14,0.2657,2026-06-01
4473,2025-07-14,0.257,2026-06-01
4474,2025-07-14,0.2218,2026-07-01
4475,2025-07-14,0.2414,2026-07-01
4476,2025-07-14,0.2018,2026-08-01
4477,2025-07-14,0.2153,2026-08-01
4478,2025-07-14,0.2856,2026-09-01
4479,2025-07-14,0.2863,2026-09-01
4480,2025-07-14,0.3606,2026-10-01
4481,2025-07-14,0.3699,2026-10-01
4482,2025-07-14,0.3446,2026-11-01
4483,2025-07-14,0.3423,2026-11-01
4484,2025-07-14,0.532,2026-12-01
4485,2025-07-14,0.5329,2026-12-01
4486,2025-07-14,0.3885,2027-01-01
4487,2025-07-14,0.4064,2027-01-01
4488,2025-07-14,0.5938,2027-02-01
4489,2025-07-14,0.5723,2027-02-01
4490,2025-07-14,0.3751,2027-03-01
4491,2025-07-14,0.3669,2027-03-01
4492,2025-07-14,0.3703,2027-04-01
4493,2025-07-14,0.3646,2027-04-01
4494,2025-07-14,0.2817,2027-05-01
4495,2025-07-14,0.2849,2027-05-01
4496,2025-07-14,0.2214,2027-06-01
4497,2025-07-14,0.2408,2027-06-01
4498,2025-07-14,0.1871,2027-07-01
4499,2025-07-14,0.1871,2027-07-01
4500,2025-07-15,0.2585,2025-07-01
4501,2025-07-15,0.2374,2025-07-01
4502,2025-07-15,0.1442,2025-08-01
4503,2025-07-15,0.2295,2025-08-01
4504,2025-07-15,0.4367,2025-09-01
4505,2025-07-15,0.3895,2025-09-01
4506,2025-07-15,0.3863,2025-10-01
4507,2025-07-15,0.3937,2025-10-01
4508,2025-07-15,0.3062,2025-11-01
4509,2025-07-15,0.3079,2025-11-01
4510,2025-07-15,0.548,2025-12-01
4511,2025-07-15,0.535,2025-12-01
4512,2025-07-15,0.4474,2026-01-01
4513,2025-07-15,0.4493,2026-01-01
4514,2025-07-15,0.6311,2026-02-01
4515,2025-07-15,0.6159,2026-02-01
4516,2025-07-15,0.4133,2026-03-01
4517,2025-07-15,0.3979,2026-03-01
4518,2025-07-15,0.4175,2026-04-01
4519,2025-07-15,0.4067,2026-04-01
4520,2025-07-15,0.3078,2026-05-01
4521,2025-07-15,0.2998,2026-05-01
4522,2025-07-15,0.265,2026-06-01
4523,2025-07-15,0.2564,2026-06-01
4524,2025-07-15,0.2194,2026-07-01
4525,2025-07-15,0.2401,2026-07-01
4526,2025-07-15,0.202,2026-08-01
4527,2025-07-15,0.2147,2026-08-01
4528,2025-07-15,0.2837,2026-09-01
4529,2025-07-15,0.2857,2026-09-01
4530,2025-07-15,0.3612,2026-10-01
4531,2025-07-15,0.3684,2026-10-01
4532,2025-07-15,0.3484,2026-11-01
4533,2025-07-15,0.3423,2026-11-01
4534,2025-07-15,0.5301,2026-12-01
4535,2025-07-15,0.5323,2026-12-01
4536,2025-07-15,0.3873,2027-01-01
4537,2025-07-15,0.4056,2027-01-01
4538,2025-07-15,0.5864,2027-02-01
4539,2025-07-15,0.571,2027-02-01
4540,2025-07-15,0.3752,2027-03-01
4541,2025-07-15,0.367,2027-03-01
4542,2025-07-15,0.3691,2027-04-01
4543,2025-07-15,0.3642,2027-04-01
4544,2025-07-15,0.2812,2027-05-01
4545,2025-07-15,0.2843,2027-05-01
4546,2025-07-15,0.2223,2027-06-01
4547,2025-07-15,0.2403,2027-06-01
4548,2025-07-15,0.1921,2027-07-01
4549,2025-07-15,0.1921,2027-07-01
4550,2025-07-16,0.2713,2025-07-01
4551,2025-07-16,0.2424,2025-07-01
4552,2025-07-16,0.1155,2025-08-01
4553,2025-07-16,0.2117,2025-08-01
4554,2025-07-16,0.4521,2025-09-01
4555,2025-07-16,0.4013,2025-09-01
4556,2025-07-16,0.391,2025-10-01
4557,2025-07-16,0.3942,2025-10-01
4558,2025-07-16,0.3047,2025-11-01
4559,2025-07-16,0.305,2025-11-01
4560,2025-07-16,0.5513,2025-12-01
4561,2025-07-16,0.5354,2025-12-01
4562,2025-07-16,0.4444,2026-01-01
4563,2025-07-16,0.4493,2026-01-01
4564,2025-07-16,0.6241,2026-02-01
4565,2025-07-16,0.615,2026-02-01
4566,2025-07-16,0.4108,2026-03-01
4567,2025-07-16,0.3974,2026-03-01
4568,2025-07-16,0.4118,2026-04-01
4569,2025-07-16,0.4066,2026-04-01
4570,2025-07-16,0.3051,2026-05-01
4571,2025-07-16,0.2998,2026-05-01
4572,2025-07-16,0.2652,2026-06-01
4573,2025-07-16,0.2564,2026-06-01
4574,2025-07-16,0.2224,2026-07-01
4575,2025-07-16,0.24,2026-07-01
4576,2025-07-16,0.2032,2026-08-01
4577,2025-07-16,0.2149,2026-08-01
4578,2025-07-16,0.2863,2026-09-01
4579,2025-07-16,0.2857,2026-09-01
4580,2025-07-16,0.3647,2026-10-01
4581,2025-07-16,0.3683,2026-10-01
4582,2025-07-16,0.3486,2026-11-01
4583,2025-07-16,0.3421,2026-11-01
4584,2025-07-16,0.5264,2026-12-01
4585,2025-07-16,0.5323,2026-12-01
4586,2025-07-16,0.3876,2027-01-01
4587,2025-07-16,0.4056,2027-01-01
4588,2025-07-16,0.5773,2027-02-01
4589,2025-07-16,0.5707,2027-02-01
4590,2025-07-16,0.369,2027-03-01
4591,2025-07-16,0.3666,2027-03-01
4592,2025-07-16,0.3635,2027-04-01
4593,2025-07-16,0.3638,2027-04-01
4594,2025-07-16,0.2794,2027-05-01
4595,2025-07-16,0.2842,2027-05-01
4596,2025-07-16,0.2262,2027-06-01
4597,2025-07-16,0.2404,2027-06-01
4598,2025-07-16,0.1985,2027-07-01
4599,2025-07-16,0.1985,2027-07-01
4600,2025-07-17,0.2672,2025-07-01
4601,2025-07-17,0.2453,2025-07-01
4602,2025-07-17,0.0968,2025-08-01
4603,2025-07-17,0.199,2025-08-01
4604,2025-07-17,0.4579,2025-09-01
4605,2025-07-17,0.4108,2025-09-01
4606,2025-07-17,0.3898,2025-10-01
4607,2025-07-17,0.3945,2025-10-01
4608,2025-07-17,0.3006,2025-11-01
4609,2025-07-17,0.3053,2025-11-01
4610,2025-07-17,0.5462,2025-12-01
4611,2025-07-17,0.533,2025-12-01
4612,2025-07-17,0.4584,2026-01-01
4613,2025-07-17,0.4489,2026-01-01
4614,2025-07-17,0.6235,2026-02-01
4615,2025-07-17,0.6155,2026-02-01
4616,2025-07-17,0.407,2026-03-01
4617,2025-07-17,0.3977,2026-03-01
4618,2025-07-17,0.4149,2026-04-01
4619,2025-07-17,0.4064,2026-04-01
4620,2025-07-17,0.3117,2026-05-01
4621,2025-07-17,0.3004,2026-05-01
4622,2025-07-17,0.2627,2026-06-01
4623,2025-07-17,0.2558,2026-06-01
4624,2025-07-17,0.2286,2026-07-01
4625,2025-07-17,0.2398,2026-07-01
4626,2025-07-17,0.2064,2026-08-01
4627,2025-07-17,0.2145,2026-08-01
4628,2025-07-17,0.2909,2026-09-01
4629,2025-07-17,0.2853,2026-09-01
4630,2025-07-17,0.3612,2026-10-01
4631,2025-07-17,0.368,2026-10-01
4632,2025-07-17,0.3523,2026-11-01
4633,2025-07-17,0.3423,2026-11-01
4634,2025-07-17,0.5195,2026-12-01
4635,2025-07-17,0.5321,2026-12-01
4636,2025-07-17,0.3923,2027-01-01
4637,2025-07-17,0.4042,2027-01-01
4638,2025-07-17,0.5915,2027-02-01
4639,2025-07-17,0.5688,2027-02-01
4640,2025-07-17,0.3669,2027-03-01
4641,2025-07-17,0.3652,2027-03-01
4642,2025-07-17,0.3691,2027-04-01
4643,2025-07-17,0.3625,2027-04-01
4644,2025-07-17,0.2846,2027-05-01
4645,2025-07-17,0.2829,2027-05-01
4646,2025-07-17,0.22,2027-06-01
4647,2025-07-17,0.2403,2027-06-01
4648,2025-07-17,0.2011,2027-07-01
4649,2025-07-17,0.2048,2027-07-01
4650,2025-07-18,0.3071,2025-07-01
4651,2025-07-18,0.2958,2025-07-01
4652,2025-07-18,-0.0455,2025-08-01
4653,2025-07-18,0.0208,2025-08-01
4654,2025-07-18,0.5588,2025-09-01
4655,2025-07-18,0.5097,2025-09-01
4656,2025-07-18,0.3986,2025-10-01
4657,2025-07-18,0.3909,2025-10-01
4658,2025-07-18,0.2871,2025-11-01
4659,2025-07-18,0.3013,2025-11-01
4660,2025-07-18,0.5226,2025-12-01
4661,2025-07-18,0.5184,2025-12-01
4662,2025-07-18,0.4472,2026-01-01
4663,2025-07-18,0.4452,2026-01-01
4664,2025-07-18,0.6212,2026-02-01
4665,2025-07-18,0.6125,2026-02-01
4666,2025-07-18,0.3951,2026-03-01
4667,2025-07-18,0.395,2026-03-01
4668,2025-07-18,0.4094,2026-04-01
4669,2025-07-18,0.4023,2026-04-01
4670,2025-07-18,0.2979,2026-05-01
4671,2025-07-18,0.2963,2026-05-01
4672,2025-07-18,0.2515,2026-06-01
4673,2025-07-18,0.2537,2026-06-01
4674,2025-07-18,0.2343,2026-07-01
4675,2025-07-18,0.2348,2026-07-01
4676,2025-07-18,0.1912,2026-08-01
4677,2025-07-18,0.2006,2026-08-01
4678,2025-07-18,0.2835,2026-09-01
4679,2025-07-18,0.2864,2026-09-01
4680,2025-07-18,0.3768,2026-10-01
4681,2025-07-18,0.3689,2026-10-01
4682,2025-07-18,0.3385,2026-11-01
4683,2025-07-18,0.3395,2026-11-01
4684,2025-07-18,0.5148,2026-12-01
4685,2025-07-18,0.5223,2026-12-01
4686,2025-07-18,0.4074,2027-01-01
4687,2025-07-18,0.3997,2027-01-01
4688,2025-07-18,0.5805,2027-02-01
4689,2025-07-18,0.5607,2027-02-01
4690,2025-07-18,0.3696,2027-03-01
4691,2025-07-18,0.3575,2027-03-01
4692,2025-07-18,0.3661,2027-04-01
4693,2025-07-18,0.3579,2027-04-01
4694,2025-07-18,0.2797,2027-05-01
4695,2025-07-18,0.277,2027-05-01
4696,2025-07-18,0.2379,2027-06-01
4697,2025-07-18,0.2392,2027-06-01
4698,2025-07-18,0.2315,2027-07-01
4699,2025-07-18,0.2301,2027-07-01
4700,2025-07-21,0.3069,2025-07-01
4701,2025-07-21,0.2976,2025-07-01
4702,2025-07-21,-0.0513,2025-08-01
4703,2025-07-21,-0.0051,2025-08-01
4704,2025-07-21,0.5667,2025-09-01
4705,2025-07-21,0.5314,2025-09-01
4706,2025-07-21,0.3964,2025-10-01
4707,2025-07-21,0.3916,2025-10-01
4708,2025-07-21,0.2853,2025-11-01
4709,2025-07-21,0.2996,2025-11-01
4710,2025-07-21,0.5217,2025-12-01
4711,2025-07-21,0.5174,2025-12-01
4712,2025-07-21,0.4485,2026-01-01
4713,2025-07-21,0.4479,2026-01-01
4714,2025-07-21,0.6232,2026-02-01
4715,2025-07-21,0.6184,2026-02-01
4716,2025-07-21,0.3958,2026-03-01
4717,2025-07-21,0.3971,2026-03-01
4718,2025-07-21,0.4103,2026-04-01
4719,2025-07-21,0.4066,2026-04-01
4720,2025-07-21,0.2975,2026-05-01
4721,2025-07-21,0.2968,2026-05-01
4722,2025-07-21,0.2516,2026-06-01
4723,2025-07-21,0.2539,2026-06-01
4724,2025-07-21,0.2356,2026-07-01
4725,2025-07-21,0.2353,2026-07-01
4726,2025-07-21,0.1923,2026-08-01
4727,2025-07-21,0.1967,2026-08-01
4728,2025-07-21,0.2859,2026-09-01
4729,2025-07-21,0.2875,2026-09-01
4730,2025-07-21,0.3764,2026-10-01
4731,2025-07-21,0.3685,2026-10-01
4732,2025-07-21,0.336,2026-11-01
4733,2025-07-21,0.3393,2026-11-01
4734,2025-07-21,0.5152,2026-12-01
4735,2025-07-21,0.5105,2026-12-01
4736,2025-07-21,0.402,2027-01-01
4737,2025-07-21,0.4024,2027-01-01
4738,2025-07-21,0.5723,2027-02-01
4739,2025-07-21,0.5624,2027-02-01
4740,2025-07-21,0.3645,2027-03-01
4741,2025-07-21,0.3568,2027-03-01
4742,2025-07-21,0.365,2027-04-01
4743,2025-07-21,0.358,2027-04-01
4744,2025-07-21,0.2781,2027-05-01
4745,2025-07-21,0.2768,2027-05-01
4746,2025-07-21,0.2392,2027-06-01
4747,2025-07-21,0.2383,2027-06-01
4748,2025-07-21,0.2316,2027-07-01
4749,2025-07-21,0.2304,2027-07-01
4750,2025-07-22,0.3098,2025-07-01
4751,2025-07-22,0.2976,2025-07-01
4752,2025-07-22,-0.0652,2025-08-01
4753,2025-07-22,-0.0054,2025-08-01
4754,2025-07-22,0.574,2025-09-01
4755,2025-07-22,0.5314,2025-09-01
4756,2025-07-22,0.3967,2025-10-01
4757,2025-07-22,0.3916,2025-10-01
4758,2025-07-22,0.2863,2025-11-01
4759,2025-07-22,0.2996,2025-11-01
4760,2025-07-22,0.5235,2025-12-01
4761,2025-07-22,0.5174,2025-12-01
4762,2025-07-22,0.4493,2026-01-01
4763,2025-07-22,0.4479,2026-01-01
4764,2025-07-22,0.6265,2026-02-01
4765,2025-07-22,0.6184,2026-02-01
4766,2025-07-22,0.3944,2026-03-01
4767,2025-07-22,0.3971,2026-03-01
4768,2025-07-22,0.4101,2026-04-01
4769,2025-07-22,0.4066,2026-04-01
4770,2025-07-22,0.2974,2026-05-01
4771,2025-07-22,0.2968,2026-05-01
4772,2025-07-22,0.2521,2026-06-01
4773,2025-07-22,0.2539,2026-06-01
4774,2025-07-22,0.236,2026-07-01
4775,2025-07-22,0.2353,2026-07-01
4776,2025-07-22,0.1916,2026-08-01
4777,2025-07-22,0.1967,2026-08-01
4778,2025-07-22,0.2861,2026-09-01
4779,2025-07-22,0.2875,2026-09-01
4780,2025-07-22,0.3763,2026-10-01
4781,2025-07-22,0.3685,2026-10-01
4782,2025-07-22,0.336,2026-11-01
4783,2025-07-22,0.3393,2026-11-01
4784,2025-07-22,0.5164,2026-12-01
4785,2025-07-22,0.5105,2026-12-01
4786,2025-07-22,0.4016,2027-01-01
4787,2025-07-22,0.4024,2027-01-01
4788,2025-07-22,0.5727,2027-02-01
4789,2025-07-22,0.5624,2027-02-01
4790,2025-07-22,0.3644,2027-03-01
4791,2025-07-22,0.3568,2027-03-01
4792,2025-07-22,0.3655,2027-04-01
4793,2025-07-22,0.358,2027-04-01
4794,2025-07-22,0.2782,2027-05-01
4795,2025-07-22,0.2768,2027-05-01
4796,2025-07-22,0.2378,2027-06-01
4797,2025-07-22,0.2383,2027-06-01
4798,2025-07-22,0.2316,2027-07-01
4799,2025-07-22,0.2304,2027-07-01
4800,2025-07-23,0.3107,2025-07-01
4801,2025-07-23,0.2985,2025-07-01
4802,2025-07-23,-0.0738,2025-08-01
4803,2025-07-23,-0.0111,2025-08-01
4804,2025-07-23,0.5762,2025-09-01
4805,2025-07-23,0.5348,2025-09-01
4806,2025-07-23,0.3944,2025-10-01
4807,2025-07-23,0.3915,2025-10-01
4808,2025-07-23,0.2866,2025-11-01
4809,2025-07-23,0.2997,2025-11-01
4810,2025-07-23,0.5225,2025-12-01
4811,2025-07-23,0.518,2025-12-01
4812,2025-07-23,0.4511,2026-01-01
4813,2025-07-23,0.4478,2026-01-01
4814,2025-07-23,0.6269,2026-02-01
4815,2025-07-23,0.6183,2026-02-01
4816,2025-07-23,0.3943,2026-03-01
4817,2025-07-23,0.3972,2026-03-01
4818,2025-07-23,0.4102,2026-04-01
4819,2025-07-23,0.4066,2026-04-01
4820,2025-07-23,0.2978,2026-05-01
4821,2025-07-23,0.2967,2026-05-01
4822,2025-07-23,0.2521,2026-06-01
4823,2025-07-23,0.2538,2026-06-01
4824,2025-07-23,0.2358,2026-07-01
4825,2025-07-23,0.2354,2026-07-01
4826,2025-07-23,0.1902,2026-08-01
4827,2025-07-23,0.1966,2026-08-01
4828,2025-07-23,0.2851,2026-09-01
4829,2025-07-23,0.2876,2026-09-01
4830,2025-07-23,0.3739,2026-10-01
4831,2025-07-23,0.3683,2026-10-01
4832,2025-07-23,0.3362,2026-11-01
4833,2025-07-23,0.3394,2026-11-01
4834,2025-07-23,0.5176,2026-12-01
4835,2025-07-23,0.5106,2026-12-01
4836,2025-07-23,0.4022,2027-01-01
4837,2025-07-23,0.4023,2027-01-01
4838,2025-07-23,0.5758,2027-02-01
4839,2025-07-23,0.5625,2027-02-01
4840,2025-07-23,0.3643,2027-03-01
4841,2025-07-23,0.3569,2027-03-01
4842,2025-07-23,0.3642,2027-04-01
4843,2025-07-23,0.3579,2027-04-01
4844,2025-07-23,0.278,2027-05-01
4845,2025-07-23,0.2767,2027-05-01
4846,2025-07-23,0.2378,2027-06-01
4847,2025-07-23,0.2384,2027-06-01
4848,2025-07-23,0.228,2027-07-01
4849,2025-07-23,0.2273,2027-07-01
4850,2025-07-24,0.3092,2025-07-01
4851,2025-07-24,0.3012,2025-07-01
4852,2025-07-24,-0.0725,2025-08-01
4853,2025-07-24,-0.0232,2025-08-01
4854,2025-07-24,0.5755,2025-09-01
4855,2025-07-24,0.5433,2025-09-01
4856,2025-07-24,0.3952,2025-10-01
4857,2025-07-24,0.3915,2025-10-01
4858,2025-07-24,0.2889,2025-11-01
4859,2025-07-24,0.2983,2025-11-01
4860,2025-07-24,0.5213,2025-12-01
4861,2025-07-24,0.5167,2025-12-01
4862,2025-07-24,0.449,2026-01-01
4863,2025-07-24,0.4474,2026-01-01
4864,2025-07-24,0.6253,2026-02-01
4865,2025-07-24,0.6201,2026-02-01
4866,2025-07-24,0.3971,2026-03-01
4867,2025-07-24,0.3971,2026-03-01
4868,2025-07-24,0.4078,2026-04-01
4869,2025-07-24,0.4069,2026-04-01
4870,2025-07-24,0.2944,2026-05-01
4871,2025-07-24,0.2963,2026-05-01
4872,2025-07-24,0.2502,2026-06-01
4873,2025-07-24,0.2537,2026-06-01
4874,2025-07-24,0.2307,2026-07-01
4875,2025-07-24,0.2353,2026-07-01
4876,2025-07-24,0.189,2026-08-01
4877,2025-07-24,0.1967,2026-08-01
4878,2025-07-24,0.2861,2026-09-01
4879,2025-07-24,0.2886,2026-09-01
4880,2025-07-24,0.3751,2026-10-01
4881,2025-07-24,0.3701,2026-10-01
4882,2025-07-24,0.339,2026-11-01
4883,2025-07-24,0.3407,2026-11-01
4884,2025-07-24,0.5172,2026-12-01
4885,2025-07-24,0.5097,2026-12-01
4886,2025-07-24,0.397,2027-01-01
4887,2025-07-24,0.4034,2027-01-01
4888,2025-07-24,0.5746,2027-02-01
4889,2025-07-24,0.5665,2027-02-01
4890,2025-07-24,0.3626,2027-03-01
4891,2025-07-24,0.3574,2027-03-01
4892,2025-07-24,0.3593,2027-04-01
4893,2025-07-24,0.3584,2027-04-01
4894,2025-07-24,0.275,2027-05-01
4895,2025-07-24,0.2764,2027-05-01
4896,2025-07-24,0.2365,2027-06-01
4897,2025-07-24,0.2375,2027-06-01
4898,2025-07-24,0.2241,2027-07-01
4899,2025-07-24,0.2269,2027-07-01
4900,2025-07-25,0.3351,2025-07-01
4901,2025-07-25,0.3208,2025-07-01
4902,2025-07-25,-0.0472,2025-08-01
4903,2025-07-25,0.0048,2025-08-01
4904,2025-07-25,0.5401,2025-09-01
4905,2025-07-25,0.5085,2025-09-01
4906,2025-07-25,0.3798,2025-10-01
4907,2025-07-25,0.3784,2025-10-01
4908,2025-07-25,0.2854,2025-11-01
4909,2025-07-25,0.2943,2025-11-01
4910,2025-07-25,0.5236,2025-12-01
4911,2025-07-25,0.515,2025-12-01
4912,2025-07-25,0.446,2026-01-01
4913,2025-07-25,0.4461,2026-01-01
4914,2025-07-25,0.6253,2026-02-01
4915,2025-07-25,0.6181,2026-02-01
4916,2025-07-25,0.3998,2026-03-01
4917,2025-07-25,0.3961,2026-03-01
4918,2025-07-25,0.409,2026-04-01
4919,2025-07-25,0.405,2026-04-01
4920,2025-07-25,0.2901,2026-05-01
4921,2025-07-25,0.2942,2026-05-01
4922,2025-07-25,0.2511,2026-06-01
4923,2025-07-25,0.252,2026-06-01
4924,2025-07-25,0.236,2026-07-01
4925,2025-07-25,0.2358,2026-07-01
4926,2025-07-25,0.1925,2026-08-01
4927,2025-07-25,0.1991,2026-08-01
4928,2025-07-25,0.2862,2026-09-01
4929,2025-07-25,0.2861,2026-09-01
4930,2025-07-25,0.3732,2026-10-01
4931,2025-07-25,0.3721,2026-10-01
4932,2025-07-25,0.3343,2026-11-01
4933,2025-07-25,0.3396,2026-11-01
4934,2025-07-25,0.5209,2026-12-01
4935,2025-07-25,0.511,2026-12-01
4936,2025-07-25,0.3935,2027-01-01
4937,2025-07-25,0.3993,2027-01-01
4938,2025-07-25,0.5752,2027-02-01
4939,2025-07-25,0.5632,2027-02-01
4940,2025-07-25,0.3633,2027-03-01
4941,2025-07-25,0.3608,2027-03-01
4942,2025-07-25,0.3636,2027-04-01
4943,2025-07-25,0.3563,2027-04-01
4944,2025-07-25,0.2725,2027-05-01
4945,2025-07-25,0.2747,2027-05-01
4946,2025-07-25,0.2338,2027-06-01
4947,2025-07-25,0.2362,2027-06-01
4948,2025-07-25,0.2312,2027-07-01
4949,2025-07-25,0.2299,2027-07-01
4950,2025-07-28,0.3414,2025-07-01
4951,2025-07-28,0.3231,2025-07-01
4952,2025-07-28,-0.0557,2025-08-01
4953,2025-07-28,-0.002,2025-08-01
4954,2025-07-28,0.544,2025-09-01
4955,2025-07-28,0.5138,2025-09-01
4956,2025-07-28,0.38,2025-10-01
4957,2025-07-28,0.3772,2025-10-01
4958,2025-07-28,0.2871,2025-11-01
4959,2025-07-28,0.2924,2025-11-01
4960,2025-07-28,0.5242,2025-12-01
4961,2025-07-28,0.5144,2025-12-01
4962,2025-07-28,0.4464,2026-01-01
4963,2025-07-28,0.4461,2026-01-01
4964,2025-07-28,0.625,2026-02-01
4965,2025-07-28,0.6184,2026-02-01
4966,2025-07-28,0.3986,2026-03-01
4967,2025-07-28,0.3969,2026-03-01
4968,2025-07-28,0.4064,2026-04-01
4969,2025-07-28,0.4054,2026-04-01
4970,2025-07-28,0.2886,2026-05-01
4971,2025-07-28,0.2938,2026-05-01
4972,2025-07-28,0.2506,2026-06-01
4973,2025-07-28,0.2517,2026-06-01
4974,2025-07-28,0.2352,2026-07-01
4975,2025-07-28,0.2356,2026-07-01
4976,2025-07-28,0.1899,2026-08-01
4977,2025-07-28,0.1984,2026-08-01
4978,2025-07-28,0.2834,2026-09-01
4979,2025-07-28,0.2856,2026-09-01
4980,2025-07-28,0.3761,2026-10-01
4981,2025-07-28,0.3727,2026-10-01
4982,2025-07-28,0.3381,2026-11-01
4983,2025-07-28,0.3388,2026-11-01
4984,2025-07-28,0.5177,2026-12-01
4985,2025-07-28,0.511,2026-12-01
4986,2025-07-28,0.3937,2027-01-01
4987,2025-07-28,0.3992,2027-01-01
4988,2025-07-28,0.5854,2027-02-01
4989,2025-07-28,0.5638,2027-02-01
4990,2025-07-28,0.3642,2027-03-01
4991,2025-07-28,0.3623,2027-03-01
4992,2025-07-28,0.3634,2027-04-01
4993,2025-07-28,0.3579,2027-04-01
4994,2025-07-28,0.2704,2027-05-01
4995,2025-07-28,0.275,2027-05-01
4996,2025-07-28,0.2311,2027-06-01
4997,2025-07-28,0.2361,2027-06-01
4998,2025-07-28,0.2327,2027-07-01
4999,2025-07-28,0.2307,2027-07-01
5000,2025-07-29,0.3414,2025-07-01
5001,2025-07-29,0.3231,2025-07-01
5002,2025-07-29,-0.0557,2025-08-01
5003,2025-07-29,-0.002,2025-08-01
5004,2025-07-29,0.544,2025-09-01
5005,2025-07-29,0.5138,2025-09-01
5006,2025-07-29,0.38,2025-10-01
5007,2025-07-29,0.3772,2025-10-01
5008,2025-07-29,0.2871,2025-11-01
5009,2025-07-29,0.2924,2025-11-01
5010,2025-07-29,0.5242,2025-12-01
5011,2025-07-29,0.5144,2025-12-01
5012,2025-07-29,0.4464,2026-01-01
5013,2025-07-29,0.4461,2026-01-01
5014,2025-07-29,0.625,2026-02-01
5015,2025-07-29,0.6184,2026-02-01
5016,2025-07-29,0.3986,2026-03-01
5017,2025-07-29,0.3969,2026-03-01
5018,2025-07-29,0.4064,2026-04-01
5019,2025-07-29,0.4054,2026-04-01
5020,2025-07-29,0.2886,2026-05-01
5021,2025-07-29,0.2938,2026-05-01
5022,2025-07-29,0.2506,2026-06-01
5023,2025-07-29,0.2517,2026-06-01
5024,2025-07-29,0.2352,2026-07-01
5025,2025-07-29,0.2356,2026-07-01
5026,2025-07-29,0.1899,2026-08-01
5027,2025-07-29,0.1984,2026-08-01
5028,2025-07-29,0.2834,2026-09-01
5029,2025-07-29,0.2856,2026-09-01
5030,2025-07-29,0.3761,2026-10-01
5031,2025-07-29,0.3727,2026-10-01
5032,2025-07-29,0.3381,2026-11-01
5033,2025-07-29,0.3388,2026-11-01
5034,2025-07-29,0.5177,2026-12-01
5035,2025-07-29,0.511,2026-12-01
5036,2025-07-29,0.3937,2027-01-01
5037,2025-07-29,0.3992,2027-01-01
5038,2025-07-29,0.5854,2027-02-01
5039,2025-07-29,0.5638,2027-02-01
5040,2025-07-29,0.3642,2027-03-01
5041,2025-07-29,0.3623,2027-03-01
5042,2025-07-29,0.3634,2027-04-01
5043,2025-07-29,0.3579,2027-04-01
5044,2025-07-29,0.2704,2027-05-01
5045,2025-07-29,0.275,2027-05-01
5046,2025-07-29,0.2311,2027-06-01
5047,2025-07-29,0.2361,2027-06-01
5048,2025-07-29,0.2327,2027-07-01
5049,2025-07-29,0.2307,2027-07-01
5050,2025-07-30,0.3383,2025-07-01
5051,2025-07-30,0.3235,2025-07-01
5052,2025-07-30,-0.052,2025-08-01
5053,2025-07-30,-0.002,2025-08-01
5054,2025-07-30,0.543,2025-09-01
5055,2025-07-30,0.5148,2025-09-01
5056,2025-07-30,0.3778,2025-10-01
5057,2025-07-30,0.3761,2025-10-01
5058,2025-07-30,0.2874,2025-11-01
5059,2025-07-30,0.2919,2025-11-01
5060,2025-07-30,0.5233,2025-12-01
5061,2025-07-30,0.5144,2025-12-01
5062,2025-07-30,0.4473,2026-01-01
5063,2025-07-30,0.4461,2026-01-01
5064,2025-07-30,0.6265,2026-02-01
5065,2025-07-30,0.618,2026-02-01
5066,2025-07-30,0.3985,2026-03-01
5067,2025-07-30,0.3969,2026-03-01
5068,2025-07-30,0.4065,2026-04-01
5069,2025-07-30,0.4054,2026-04-01
5070,2025-07-30,0.2884,2026-05-01
5071,2025-07-30,0.2938,2026-05-01
5072,2025-07-30,0.2499,2026-06-01
5073,2025-07-30,0.2517,2026-06-01
5074,2025-07-30,0.2349,2026-07-01
5075,2025-07-30,0.2355,2026-07-01
5076,2025-07-30,0.1907,2026-08-01
5077,2025-07-30,0.1982,2026-08-01
5078,2025-07-30,0.2833,2026-09-01
5079,2025-07-30,0.2855,2026-09-01
5080,2025-07-30,0.3759,2026-10-01
5081,2025-07-30,0.3726,2026-10-01
5082,2025-07-30,0.3383,2026-11-01
5083,2025-07-30,0.3389,2026-11-01
5084,2025-07-30,0.5173,2026-12-01
5085,2025-07-30,0.5111,2026-12-01
5086,2025-07-30,0.3919,2027-01-01
5087,2025-07-30,0.3992,2027-01-01
5088,2025-07-30,0.5866,2027-02-01
5089,2025-07-30,0.5638,2027-02-01
5090,2025-07-30,0.3636,2027-03-01
5091,2025-07-30,0.3623,2027-03-01
5092,2025-07-30,0.362,2027-04-01
5093,2025-07-30,0.3579,2027-04-01
5094,2025-07-30,0.2695,2027-05-01
5095,2025-07-30,0.275,2027-05-01
5096,2025-07-30,0.2298,2027-06-01
5097,2025-07-30,0.2361,2027-06-01
5098,2025-07-30,0.2325,2027-07-01
5099,2025-07-30,0.2307,2027-07-01
5100,2025-07-31,0.3437,2025-07-01
5101,2025-07-31,0.3239,2025-07-01
5102,2025-07-31,-0.0608,2025-08-01
5103,2025-07-31,-0.0082,2025-08-01
5104,2025-07-31,0.5452,2025-09-01
5105,2025-07-31,0.518,2025-09-01
5106,2025-07-31,0.3772,2025-10-01
5107,2025-07-31,0.3769,2025-10-01
5108,2025-07-31,0.2871,2025-11-01
5109,2025-07-31,0.2909,2025-11-01
5110,2025-07-31,0.5215,2025-12-01
5111,2025-07-31,0.5149,2025-12-01
5112,2025-07-31,0.4502,2026-01-01
5113,2025-07-31,0.4446,2026-01-01
5114,2025-07-31,0.6277,2026-02-01
5115,2025-07-31,0.6182,2026-02-01
5116,2025-07-31,0.3976,2026-03-01
5117,2025-07-31,0.3969,2026-03-01
5118,2025-07-31,0.4105,2026-04-01
5119,2025-07-31,0.4054,2026-04-01
5120,2025-07-31,0.2873,2026-05-01
5121,2025-07-31,0.2938,2026-05-01
5122,2025-07-31,0.2478,2026-06-01
5123,2025-07-31,0.2507,2026-06-01
5124,2025-07-31,0.2402,2026-07-01
5125,2025-07-31,0.235,2026-07-01
5126,2025-07-31,0.1923,2026-08-01
5127,2025-07-31,0.1989,2026-08-01
5128,2025-07-31,0.2839,2026-09-01
5129,2025-07-31,0.2865,2026-09-01
5130,2025-07-31,0.3779,2026-10-01
5131,2025-07-31,0.3732,2026-10-01
5132,2025-07-31,0.3361,2026-11-01
5133,2025-07-31,0.3395,2026-11-01
5134,2025-07-31,0.5186,2026-12-01
5135,2025-07-31,0.5111,2026-12-01
5136,2025-07-31,0.3995,2027-01-01
5137,2025-07-31,0.3979,2027-01-01
5138,2025-07-31,0.594,2027-02-01
5139,2025-07-31,0.5645,2027-02-01
5140,2025-07-31,0.3682,2027-03-01
5141,2025-07-31,0.3616,2027-03-01
5142,2025-07-31,0.3686,2027-04-01
5143,2025-07-31,0.3579,2027-04-01
5144,2025-07-31,0.2689,2027-05-01
5145,2025-07-31,0.2747,2027-05-01
5146,2025-07-31,0.2301,2027-06-01
5147,2025-07-31,0.235,2027-06-01
5148,2025-07-31,0.2345,2027-07-01
5149,2025-07-31,0.2307,2027-07-01
5150,2025-08-01,0.3401,2025-07-01
5151,2025-08-01,0.3273,2025-07-01
5152,2025-08-01,-0.0384,2025-08-01
5153,2025-08-01,-0.0149,2025-08-01
5154,2025-08-01,0.5221,2025-09-01
5155,2025-08-01,0.521,2025-09-01
5156,2025-08-01,0.3599,2025-10-01
5157,2025-08-01,0.3759,2025-10-01
5158,2025-08-01,0.2765,2025-11-01
5159,2025-08-01,0.2903,2025-11-01
5160,2025-08-01,0.4977,2025-12-01
5161,2025-08-01,0.5127,2025-12-01
5162,2025-08-01,0.4493,2026-01-01
5163,2025-08-01,0.4443,2026-01-01
5164,2025-08-01,0.6351,2026-02-01
5165,2025-08-01,0.6166,2026-02-01
5166,2025-08-01,0.3889,2026-03-01
5167,2025-08-01,0.3954,2026-03-01
5168,2025-08-01,0.3979,2026-04-01
5169,2025-08-01,0.4039,2026-04-01
5170,2025-08-01,0.2877,2026-05-01
5171,2025-08-01,0.2944,2026-05-01
5172,2025-08-01,0.2409,2026-06-01
5173,2025-08-01,0.2492,2026-06-01
5174,2025-08-01,0.225,2026-07-01
5175,2025-08-01,0.2346,2026-07-01
5176,2025-08-01,0.1782,2026-08-01
5177,2025-08-01,0.199,2026-08-01
5178,2025-08-01,0.2692,2026-09-01
5179,2025-08-01,0.2858,2026-09-01
5180,2025-08-01,0.3677,2026-10-01
5181,2025-08-01,0.3725,2026-10-01
5182,2025-08-01,0.3285,2026-11-01
5183,2025-08-01,0.3383,2026-11-01
5184,2025-08-01,0.4962,2026-12-01
5185,2025-08-01,0.5117,2026-12-01
5186,2025-08-01,0.3575,2027-01-01
5187,2025-08-01,0.398,2027-01-01
5188,2025-08-01,0.5893,2027-02-01
5189,2025-08-01,0.5642,2027-02-01
5190,2025-08-01,0.3515,2027-03-01
5191,2025-08-01,0.3611,2027-03-01
5192,2025-08-01,0.3456,2027-04-01
5193,2025-08-01,0.359,2027-04-01
5194,2025-08-01,0.2682,2027-05-01
5195,2025-08-01,0.276,2027-05-01
5196,2025-08-01,0.2095,2027-06-01
5197,2025-08-01,0.2343,2027-06-01
5198,2025-08-01,0.2117,2027-07-01
5199,2025-08-01,0.2308,2027-07-01
5200,2025-08-04,0.3372,2025-07-01
5201,2025-08-04,0.3287,2025-07-01
5202,2025-08-04,-0.0243,2025-08-01
5203,2025-08-04,-0.0283,2025-08-01
5204,2025-08-04,0.5133,2025-09-01
5205,2025-08-04,0.5283,2025-09-01
5206,2025-08-04,0.3606,2025-10-01
5207,2025-08-04,0.3741,2025-10-01
5208,2025-08-04,0.2693,2025-11-01
5209,2025-08-04,0.2901,2025-11-01
5210,2025-08-04,0.509,2025-12-01
5211,2025-08-04,0.5126,2025-12-01
5212,2025-08-04,0.435,2026-01-01
5213,2025-08-04,0.4441,2026-01-01
5214,2025-08-04,0.6332,2026-02-01
5215,2025-08-04,0.6171,2026-02-01
5216,2025-08-04,0.3857,2026-03-01
5217,2025-08-04,0.3953,2026-03-01
5218,2025-08-04,0.4038,2026-04-01
5219,2025-08-04,0.4038,2026-04-01
5220,2025-08-04,0.2947,2026-05-01
5221,2025-08-04,0.2943,2026-05-01
5222,2025-08-04,0.2521,2026-06-01
5223,2025-08-04,0.249,2026-06-01
5224,2025-08-04,0.2214,2026-07-01
5225,2025-08-04,0.2345,2026-07-01
5226,2025-08-04,0.1986,2026-08-01
5227,2025-08-04,0.1986,2026-08-01
5228,2025-08-04,0.2672,2026-09-01
5229,2025-08-04,0.2858,2026-09-01
5230,2025-08-04,0.3637,2026-10-01
5231,2025-08-04,0.3719,2026-10-01
5232,2025-08-04,0.319,2026-11-01
5233,2025-08-04,0.3381,2026-11-01
5234,2025-08-04,0.511,2026-12-01
5235,2025-08-04,0.511,2026-12-01
5236,2025-08-04,0.377,2027-01-01
5237,2025-08-04,0.3971,2027-01-01
5238,2025-08-04,0.5852,2027-02-01
5239,2025-08-04,0.5654,2027-02-01
5240,2025-08-04,0.3503,2027-03-01
5241,2025-08-04,0.3621,2027-03-01
5242,2025-08-04,0.3421,2027-04-01
5243,2025-08-04,0.3592,2027-04-01
5244,2025-08-04,0.2657,2027-05-01
5245,2025-08-04,0.276,2027-05-01
5246,2025-08-04,0.2169,2027-06-01
5247,2025-08-04,0.2344,2027-06-01
5248,2025-08-04,0.2162,2027-07-01
5249,2025-08-04,0.2307,2027-07-01
5250,2025-08-05,0.3395,2025-07-01
5251,2025-08-05,0.3292,2025-07-01
5252,2025-08-05,-0.043,2025-08-01
5253,2025-08-05,-0.0276,2025-08-01
5254,2025-08-05,0.5246,2025-09-01
5255,2025-08-05,0.5271,2025-09-01
5256,2025-08-05,0.3611,2025-10-01
5257,2025-08-05,0.3742,2025-10-01
5258,2025-08-05,0.2725,2025-11-01
5259,2025-08-05,0.2893,2025-11-01
5260,2025-08-05,0.5141,2025-12-01
5261,2025-08-05,0.5118,2025-12-01
5262,2025-08-05,0.4522,2026-01-01
5263,2025-08-05,0.4448,2026-01-01
5264,2025-08-05,0.6345,2026-02-01
5265,2025-08-05,0.6169,2026-02-01
5266,2025-08-05,0.3805,2026-03-01
5267,2025-08-05,0.396,2026-03-01
5268,2025-08-05,0.4,2026-04-01
5269,2025-08-05,0.4051,2026-04-01
5270,2025-08-05,0.2959,2026-05-01
5271,2025-08-05,0.2942,2026-05-01
5272,2025-08-05,0.2423,2026-06-01
5273,2025-08-05,0.2485,2026-06-01
5274,2025-08-05,0.2197,2026-07-01
5275,2025-08-05,0.235,2026-07-01
5276,2025-08-05,0.1983,2026-08-01
5277,2025-08-05,0.1986,2026-08-01
5278,2025-08-05,0.2723,2026-09-01
5279,2025-08-05,0.2855,2026-09-01
5280,2025-08-05,0.3594,2026-10-01
5281,2025-08-05,0.3709,2026-10-01
5282,2025-08-05,0.3305,2026-11-01
5283,2025-08-05,0.3377,2026-11-01
5284,2025-08-05,0.5073,2026-12-01
5285,2025-08-05,0.5112,2026-12-01
5286,2025-08-05,0.3853,2027-01-01
5287,2025-08-05,0.3962,2027-01-01
5288,2025-08-05,0.5761,2027-02-01
5289,2025-08-05,0.5596,2027-02-01
5290,2025-08-05,0.3309,2027-03-01
5291,2025-08-05,0.3602,2027-03-01
5292,2025-08-05,0.3336,2027-04-01
5293,2025-08-05,0.3577,2027-04-01
5294,2025-08-05,0.2578,2027-05-01
5295,2025-08-05,0.2745,2027-05-01
5296,2025-08-05,0.2042,2027-06-01
5297,2025-08-05,0.2341,2027-06-01
5298,2025-08-05,0.2019,2027-07-01
5299,2025-08-05,0.2293,2027-07-01
5300,2025-08-06,0.3461,2025-07-01
5301,2025-08-06,0.3293,2025-07-01
5302,2025-08-06,-0.0465,2025-08-01
5303,2025-08-06,-0.0309,2025-08-01
5304,2025-08-06,0.5347,2025-09-01
5305,2025-08-06,0.5287,2025-09-01
5306,2025-08-06,0.3642,2025-10-01
5307,2025-08-06,0.3734,2025-10-01
5308,2025-08-06,0.2758,2025-11-01
5309,2025-08-06,0.2891,2025-11-01
5310,2025-08-06,0.5145,2025-12-01
5311,2025-08-06,0.5113,2025-12-01
5312,2025-08-06,0.4454,2026-01-01
5313,2025-08-06,0.4445,2026-01-01
5314,2025-08-06,0.6406,2026-02-01
5315,2025-08-06,0.6165,2026-02-01
5316,2025-08-06,0.3803,2026-03-01
5317,2025-08-06,0.396,2026-03-01
5318,2025-08-06,0.3964,2026-04-01
5319,2025-08-06,0.4049,2026-04-01
5320,2025-08-06,0.2934,2026-05-01
5321,2025-08-06,0.294,2026-05-01
5322,2025-08-06,0.2432,2026-06-01
5323,2025-08-06,0.2484,2026-06-01
5324,2025-08-06,0.2254,2026-07-01
5325,2025-08-06,0.2347,2026-07-01
5326,2025-08-06,0.201,2026-08-01
5327,2025-08-06,0.1983,2026-08-01
5328,2025-08-06,0.2752,2026-09-01
5329,2025-08-06,0.2852,2026-09-01
5330,2025-08-06,0.3614,2026-10-01
5331,2025-08-06,0.3706,2026-10-01
5332,2025-08-06,0.3289,2026-11-01
5333,2025-08-06,0.3374,2026-11-01
5334,2025-08-06,0.5047,2026-12-01
5335,2025-08-06,0.5107,2026-12-01
5336,2025-08-06,0.3871,2027-01-01
5337,2025-08-06,0.3958,2027-01-01
5338,2025-08-06,0.5743,2027-02-01
5339,2025-08-06,0.5583,2027-02-01
5340,2025-08-06,0.3297,2027-03-01
5341,2025-08-06,0.3599,2027-03-01
5342,2025-08-06,0.3379,2027-04-01
5343,2025-08-06,0.3572,2027-04-01
5344,2025-08-06,0.2603,2027-05-01
5345,2025-08-06,0.2742,2027-05-01
5346,2025-08-06,0.2045,2027-06-01
5347,2025-08-06,0.2332,2027-06-01
5348,2025-08-06,0.2054,2027-07-01
5349,2025-08-06,0.2284,2027-07-01
5350,2025-08-07,0.3431,2025-07-01
5351,2025-08-07,0.3293,2025-07-01
5352,2025-08-07,-0.037,2025-08-01
5353,2025-08-07,-0.0347,2025-08-01
5354,2025-08-07,0.5378,2025-09-01
5355,2025-08-07,0.5307,2025-09-01
5356,2025-08-07,0.3648,2025-10-01
5357,2025-08-07,0.3728,2025-10-01
5358,2025-08-07,0.2683,2025-11-01
5359,2025-08-07,0.2886,2025-11-01
5360,2025-08-07,0.5101,2025-12-01
5361,2025-08-07,0.5105,2025-12-01
5362,2025-08-07,0.4413,2026-01-01
5363,2025-08-07,0.4434,2026-01-01
5364,2025-08-07,0.6361,2026-02-01
5365,2025-08-07,0.6156,2026-02-01
5366,2025-08-07,0.3807,2026-03-01
5367,2025-08-07,0.3952,2026-03-01
5368,2025-08-07,0.3919,2026-04-01
5369,2025-08-07,0.4045,2026-04-01
5370,2025-08-07,0.2937,2026-05-01
5371,2025-08-07,0.2935,2026-05-01
5372,2025-08-07,0.245,2026-06-01
5373,2025-08-07,0.2476,2026-06-01
5374,2025-08-07,0.2217,2026-07-01
5375,2025-08-07,0.2335,2026-07-01
5376,2025-08-07,0.1968,2026-08-01
5377,2025-08-07,0.1977,2026-08-01
5378,2025-08-07,0.2748,2026-09-01
5379,2025-08-07,0.2845,2026-09-01
5380,2025-08-07,0.3618,2026-10-01
5381,2025-08-07,0.3697,2026-10-01
5382,2025-08-07,0.322,2026-11-01
5383,2025-08-07,0.3361,2026-11-01
5384,2025-08-07,0.5034,2026-12-01
5385,2025-08-07,0.5102,2026-12-01
5386,2025-08-07,0.3855,2027-01-01
5387,2025-08-07,0.3937,2027-01-01
5388,2025-08-07,0.5692,2027-02-01
5389,2025-08-07,0.5563,2027-02-01
5390,2025-08-07,0.3334,2027-03-01
5391,2025-08-07,0.3592,2027-03-01
5392,2025-08-07,0.3351,2027-04-01
5393,2025-08-07,0.3568,2027-04-01
5394,2025-08-07,0.2615,2027-05-01
5395,2025-08-07,0.2731,2027-05-01
5396,2025-08-07,0.2049,2027-06-01
5397,2025-08-07,0.232,2027-06-01
5398,2025-08-07,0.2021,2027-07-01
5399,2025-08-07,0.2268,2027-07-01
5400,2025-08-08,0.3453,2025-07-01
5401,2025-08-08,0.3287,2025-07-01
5402,2025-08-08,-0.0601,2025-08-01
5403,2025-08-08,-0.0294,2025-08-01
5404,2025-08-08,0.5709,2025-09-01
5405,2025-08-08,0.5377,2025-09-01
5406,2025-08-08,0.3405,2025-10-01
5407,2025-08-08,0.3619,2025-10-01
5408,2025-08-08,0.2677,2025-11-01
5409,2025-08-08,0.2839,2025-11-01
5410,2025-08-08,0.509,2025-12-01
5411,2025-08-08,0.5088,2025-12-01
5412,2025-08-08,0.4333,2026-01-01
5413,2025-08-08,0.442,2026-01-01
5414,2025-08-08,0.6258,2026-02-01
5415,2025-08-08,0.6155,2026-02-01
5416,2025-08-08,0.3684,2026-03-01
5417,2025-08-08,0.3952,2026-03-01
5418,2025-08-08,0.3991,2026-04-01
5419,2025-08-08,0.4055,2026-04-01
5420,2025-08-08,0.2902,2026-05-01
5421,2025-08-08,0.295,2026-05-01
5422,2025-08-08,0.2494,2026-06-01
5423,2025-08-08,0.247,2026-06-01
5424,2025-08-08,0.227,2026-07-01
5425,2025-08-08,0.2326,2026-07-01
5426,2025-08-08,0.1908,2026-08-01
5427,2025-08-08,0.1971,2026-08-01
5428,2025-08-08,0.2667,2026-09-01
5429,2025-08-08,0.283,2026-09-01
5430,2025-08-08,0.3644,2026-10-01
5431,2025-08-08,0.3701,2026-10-01
5432,2025-08-08,0.3207,2026-11-01
5433,2025-08-08,0.335,2026-11-01
5434,2025-08-08,0.5016,2026-12-01
5435,2025-08-08,0.511,2026-12-01
5436,2025-08-08,0.3855,2027-01-01
5437,2025-08-08,0.3957,2027-01-01
5438,2025-08-08,0.5641,2027-02-01
5439,2025-08-08,0.5572,2027-02-01
5440,2025-08-08,0.3402,2027-03-01
5441,2025-08-08,0.356,2027-03-01
5442,2025-08-08,0.3524,2027-04-01
5443,2025-08-08,0.3599,2027-04-01
5444,2025-08-08,0.2582,2027-05-01
5445,2025-08-08,0.2731,2027-05-01
5446,2025-08-08,0.2116,2027-06-01
5447,2025-08-08,0.2309,2027-06-01
5448,2025-08-08,0.2005,2027-07-01
5449,2025-08-08,0.2246,2027-07-01
5450,2025-08-11,0.3444,2025-07-01
5451,2025-08-11,0.3309,2025-07-01
5452,2025-08-11,-0.0639,2025-08-01
5453,2025-08-11,-0.0308,2025-08-01
5454,2025-08-11,0.5708,2025-09-01
5455,2025-08-11,0.5418,2025-09-01
5456,2025-08-11,0.3358,2025-10-01
5457,2025-08-11,0.3613,2025-10-01
5458,2025-08-11,0.2645,2025-11-01
5459,2025-08-11,0.282,2025-11-01
5460,2025-08-11,0.5016,2025-12-01
5461,2025-08-11,0.5079,2025-12-01
5462,2025-08-11,0.4259,2026-01-01
5463,2025-08-11,0.441,2026-01-01
5464,2025-08-11,0.6309,2026-02-01
5465,2025-08-11,0.6162,2026-02-01
5466,2025-08-11,0.372,2026-03-01
5467,2025-08-11,0.3939,2026-03-01
5468,2025-08-11,0.3973,2026-04-01
5469,2025-08-11,0.4048,2026-04-01
5470,2025-08-11,0.2925,2026-05-01
5471,2025-08-11,0.2941,2026-05-01
5472,2025-08-11,0.2457,2026-06-01
5473,2025-08-11,0.2476,2026-06-01
5474,2025-08-11,0.2188,2026-07-01
5475,2025-08-11,0.2329,2026-07-01
5476,2025-08-11,0.1842,2026-08-01
5477,2025-08-11,0.1973,2026-08-01
5478,2025-08-11,0.2636,2026-09-01
5479,2025-08-11,0.2827,2026-09-01
5480,2025-08-11,0.3637,2026-10-01
5481,2025-08-11,0.3708,2026-10-01
5482,2025-08-11,0.3177,2026-11-01
5483,2025-08-11,0.3323,2026-11-01
5484,2025-08-11,0.5073,2026-12-01
5485,2025-08-11,0.5106,2026-12-01
5486,2025-08-11,0.3784,2027-01-01
5487,2025-08-11,0.3939,2027-01-01
5488,2025-08-11,0.5629,2027-02-01
5489,2025-08-11,0.5573,2027-02-01
5490,2025-08-11,0.3415,2027-03-01
5491,2025-08-11,0.3539,2027-03-01
5492,2025-08-11,0.3462,2027-04-01
5493,2025-08-11,0.3595,2027-04-01
5494,2025-08-11,0.2547,2027-05-01
5495,2025-08-11,0.274,2027-05-01
5496,2025-08-11,0.2023,2027-06-01
5497,2025-08-11,0.2316,2027-06-01
5498,2025-08-11,0.1939,2027-07-01
5499,2025-08-11,0.2255,2027-07-01
5500,2025-08-12,-0.0578,2025-08-01
5501,2025-08-12,-0.0335,2025-08-01
5502,2025-08-12,0.5656,2025-09-01
5503,2025-08-12,0.5413,2025-09-01
5504,2025-08-12,0.3369,2025-10-01
5505,2025-08-12,0.3601,2025-10-01
5506,2025-08-12,0.2707,2025-11-01
5507,2025-08-12,0.2827,2025-11-01
5508,2025-08-12,0.52,2025-12-01
5509,2025-08-12,0.5214,2025-12-01
5510,2025-08-12,0.4188,2026-01-01
5511,2025-08-12,0.4411,2026-01-01
5512,2025-08-12,0.628,2026-02-01
5513,2025-08-12,0.6172,2026-02-01
5514,2025-08-12,0.3779,2026-03-01
5515,2025-08-12,0.3944,2026-03-01
5516,2025-08-12,0.3948,2026-04-01
5517,2025-08-12,0.4034,2026-04-01
5518,2025-08-12,0.2923,2026-05-01
5519,2025-08-12,0.293,2026-05-01
5520,2025-08-12,0.2494,2026-06-01
5521,2025-08-12,0.2474,2026-06-01
5522,2025-08-12,0.2188,2026-07-01
5523,2025-08-12,0.2313,2026-07-01
5524,2025-08-12,0.1878,2026-08-01
5525,2025-08-12,0.1951,2026-08-01
5526,2025-08-12,0.2653,2026-09-01
5527,2025-08-12,0.2804,2026-09-01
5528,2025-08-12,0.3611,2026-10-01
5529,2025-08-12,0.3696,2026-10-01
5530,2025-08-12,0.3196,2026-11-01
5531,2025-08-12,0.334,2026-11-01
5532,2025-08-12,0.5083,2026-12-01
5533,2025-08-12,0.5105,2026-12-01
5534,2025-08-12,0.3843,2027-01-01
5535,2025-08-12,0.3956,2027-01-01
5536,2025-08-12,0.5632,2027-02-01
5537,2025-08-12,0.5572,2027-02-01
5538,2025-08-12,0.3542,2027-03-01
5539,2025-08-12,0.3559,2027-03-01
5540,2025-08-12,0.3497,2027-04-01
5541,2025-08-12,0.3593,2027-04-01
5542,2025-08-12,0.2632,2027-05-01
5543,2025-08-12,0.273,2027-05-01
5544,2025-08-12,0.2153,2027-06-01
5545,2025-08-12,0.2308,2027-06-01
5546,2025-08-12,0.2084,2027-07-01
5547,2025-08-12,0.2253,2027-07-01
5548,2025-08-12,0.2161,2027-08-01
5549,2025-08-12,0.2161,2027-08-01
5550,2025-08-13,-0.0582,2025-08-01
5551,2025-08-13,-0.0319,2025-08-01
5552,2025-08-13,0.5707,2025-09-01
5553,2025-08-13,0.5414,2025-09-01
5554,2025-08-13,0.3284,2025-10-01
5555,2025-08-13,0.3559,2025-10-01
5556,2025-08-13,0.2683,2025-11-01
5557,2025-08-13,0.2842,2025-11-01
5558,2025-08-13,0.5167,2025-12-01
5559,2025-08-13,0.5196,2025-12-01
5560,2025-08-13,0.4194,2026-01-01
5561,2025-08-13,0.4403,2026-01-01
5562,2025-08-13,0.6235,2026-02-01
5563,2025-08-13,0.6172,2026-02-01
5564,2025-08-13,0.3787,2026-03-01
5565,2025-08-13,0.394,2026-03-01
5566,2025-08-13,0.3988,2026-04-01
5567,2025-08-13,0.403,2026-04-01
5568,2025-08-13,0.295,2026-05-01
5569,2025-08-13,0.2925,2026-05-01
5570,2025-08-13,0.2497,2026-06-01
5571,2025-08-13,0.2474,2026-06-01
5572,2025-08-13,0.2184,2026-07-01
5573,2025-08-13,0.2309,2026-07-01
5574,2025-08-13,0.1883,2026-08-01
5575,2025-08-13,0.1951,2026-08-01
5576,2025-08-13,0.2648,2026-09-01
5577,2025-08-13,0.2804,2026-09-01
5578,2025-08-13,0.3614,2026-10-01
5579,2025-08-13,0.3696,2026-10-01
5580,2025-08-13,0.319,2026-11-01
5581,2025-08-13,0.334,2026-11-01
5582,2025-08-13,0.5051,2026-12-01
5583,2025-08-13,0.5115,2026-12-01
5584,2025-08-13,0.3828,2027-01-01
5585,2025-08-13,0.3951,2027-01-01
5586,2025-08-13,0.5637,2027-02-01
5587,2025-08-13,0.5572,2027-02-01
5588,2025-08-13,0.3544,2027-03-01
5589,2025-08-13,0.3555,2027-03-01
5590,2025-08-13,0.3513,2027-04-01
5591,2025-08-13,0.3588,2027-04-01
5592,2025-08-13,0.2637,2027-05-01
5593,2025-08-13,0.273,2027-05-01
5594,2025-08-13,0.218,2027-06-01
5595,2025-08-13,0.2315,2027-06-01
5596,2025-08-13,0.2104,2027-07-01
5597,2025-08-13,0.2256,2027-07-01
5598,2025-08-13,0.2137,2027-08-01
5599,2025-08-13,0.2137,2027-08-01
5600,2025-08-14,-0.0668,2025-08-01
5601,2025-08-14,-0.0342,2025-08-01
5602,2025-08-14,0.5722,2025-09-01
5603,2025-08-14,0.5413,2025-09-01
5604,2025-08-14,0.3288,2025-10-01
5605,2025-08-14,0.3544,2025-10-01
5606,2025-08-14,0.2684,2025-11-01
5607,2025-08-14,0.2827,2025-11-01
5608,2025-08-14,0.5197,2025-12-01
5609,2025-08-14,0.5183,2025-12-01
5610,2025-08-14,0.4197,2026-01-01
5611,2025-08-14,0.4401,2026-01-01
5612,2025-08-14,0.6284,2026-02-01
5613,2025-08-14,0.6171,2026-02-01
5614,2025-08-14,0.3815,2026-03-01
5615,2025-08-14,0.3939,2026-03-01
5616,2025-08-14,0.3998,2026-04-01
5617,2025-08-14,0.4028,2026-04-01
5618,2025-08-14,0.2954,2026-05-01
5619,2025-08-14,0.2924,2026-05-01
5620,2025-08-14,0.2508,2026-06-01
5621,2025-08-14,0.2473,2026-06-01
5622,2025-08-14,0.2204,2026-07-01
5623,2025-08-14,0.2307,2026-07-01
5624,2025-08-14,0.1864,2026-08-01
5625,2025-08-14,0.1949,2026-08-01
5626,2025-08-14,0.2654,2026-09-01
5627,2025-08-14,0.2801,2026-09-01
5628,2025-08-14,0.3623,2026-10-01
5629,2025-08-14,0.3694,2026-10-01
5630,2025-08-14,0.3238,2026-11-01
5631,2025-08-14,0.334,2026-11-01
5632,2025-08-14,0.5013,2026-12-01
5633,2025-08-14,0.51,2026-12-01
5634,2025-08-14,0.382,2027-01-01
5635,2025-08-14,0.3951,2027-01-01
5636,2025-08-14,0.5646,2027-02-01
5637,2025-08-14,0.5572,2027-02-01
5638,2025-08-14,0.3509,2027-03-01
5639,2025-08-14,0.3555,2027-03-01
5640,2025-08-14,0.3548,2027-04-01
5641,2025-08-14,0.3588,2027-04-01
5642,2025-08-14,0.2659,2027-05-01
5643,2025-08-14,0.273,2027-05-01
5644,2025-08-14,0.2192,2027-06-01
5645,2025-08-14,0.2315,2027-06-01
5646,2025-08-14,0.2151,2027-07-01
5647,2025-08-14,0.2256,2027-07-01
5648,2025-08-14,0.2088,2027-08-01
5649,2025-08-14,0.2088,2027-08-01
5650,2025-08-15,-0.0797,2025-08-01
5651,2025-08-15,-0.0486,2025-08-01
5652,2025-08-15,0.5743,2025-09-01
5653,2025-08-15,0.548,2025-09-01
5654,2025-08-15,0.3228,2025-10-01
5655,2025-08-15,0.3501,2025-10-01
5656,2025-08-15,0.2761,2025-11-01
5657,2025-08-15,0.2805,2025-11-01
5658,2025-08-15,0.502,2025-12-01
5659,2025-08-15,0.514,2025-12-01
5660,2025-08-15,0.4311,2026-01-01
5661,2025-08-15,0.4392,2026-01-01
5662,2025-08-15,0.6329,2026-02-01
5663,2025-08-15,0.6189,2026-02-01
5664,2025-08-15,0.3922,2026-03-01
5665,2025-08-15,0.3927,2026-03-01
5666,2025-08-15,0.3981,2026-04-01
5667,2025-08-15,0.4027,2026-04-01
5668,2025-08-15,0.2958,2026-05-01
5669,2025-08-15,0.2909,2026-05-01
5670,2025-08-15,0.2499,2026-06-01
5671,2025-08-15,0.2492,2026-06-01
5672,2025-08-15,0.2173,2026-07-01
5673,2025-08-15,0.2319,2026-07-01
5674,2025-08-15,0.1894,2026-08-01
5675,2025-08-15,0.1928,2026-08-01
5676,2025-08-15,0.2695,2026-09-01
5677,2025-08-15,0.2813,2026-09-01
5678,2025-08-15,0.3584,2026-10-01
5679,2025-08-15,0.3695,2026-10-01
5680,2025-08-15,0.3275,2026-11-01
5681,2025-08-15,0.334,2026-11-01
5682,2025-08-15,0.5053,2026-12-01
5683,2025-08-15,0.5109,2026-12-01
5684,2025-08-15,0.3822,2027-01-01
5685,2025-08-15,0.3944,2027-01-01
5686,2025-08-15,0.5523,2027-02-01
5687,2025-08-15,0.5584,2027-02-01
5688,2025-08-15,0.3492,2027-03-01
5689,2025-08-15,0.3554,2027-03-01
5690,2025-08-15,0.3466,2027-04-01
5691,2025-08-15,0.357,2027-04-01
5692,2025-08-15,0.2764,2027-05-01
5693,2025-08-15,0.2714,2027-05-01
5694,2025-08-15,0.2225,2027-06-01
5695,2025-08-15,0.232,2027-06-01
5696,2025-08-15,0.2178,2027-07-01
5697,2025-08-15,0.2236,2027-07-01
5698,2025-08-15,0.1779,2027-08-01
5699,2025-08-15,0.1779,2027-08-01
5700,2025-08-18,-0.0861,2025-08-01
5701,2025-08-18,-0.0572,2025-08-01
5702,2025-08-18,0.579,2025-09-01
5703,2025-08-18,0.5518,2025-09-01
5704,2025-08-18,0.3256,2025-10-01
5705,2025-08-18,0.3464,2025-10-01
5706,2025-08-18,0.2756,2025-11-01
5707,2025-08-18,0.2792,2025-11-01
5708,2025-08-18,0.4975,2025-12-01
5709,2025-08-18,0.5098,2025-12-01
5710,2025-08-18,0.4324,2026-01-01
5711,2025-08-18,0.4383,2026-01-01
5712,2025-08-18,0.6394,2026-02-01
5713,2025-08-18,0.6202,2026-02-01
5714,2025-08-18,0.398,2026-03-01
5715,2025-08-18,0.3952,2026-03-01
5716,2025-08-18,0.3984,2026-04-01
5717,2025-08-18,0.4038,2026-04-01
5718,2025-08-18,0.2937,2026-05-01
5719,2025-08-18,0.2901,2026-05-01
5720,2025-08-18,0.2461,2026-06-01
5721,2025-08-18,0.2504,2026-06-01
5722,2025-08-18,0.2241,2026-07-01
5723,2025-08-18,0.2313,2026-07-01
5724,2025-08-18,0.18,2026-08-01
5725,2025-08-18,0.1919,2026-08-01
5726,2025-08-18,0.2819,2026-09-01
5727,2025-08-18,0.2838,2026-09-01
5728,2025-08-18,0.3643,2026-10-01
5729,2025-08-18,0.3676,2026-10-01
5730,2025-08-18,0.3255,2026-11-01
5731,2025-08-18,0.3315,2026-11-01
5732,2025-08-18,0.5047,2026-12-01
5733,2025-08-18,0.5085,2026-12-01
5734,2025-08-18,0.3747,2027-01-01
5735,2025-08-18,0.3909,2027-01-01
5736,2025-08-18,0.5505,2027-02-01
5737,2025-08-18,0.5592,2027-02-01
5738,2025-08-18,0.3543,2027-03-01
5739,2025-08-18,0.3547,2027-03-01
5740,2025-08-18,0.3484,2027-04-01
5741,2025-08-18,0.3576,2027-04-01
5742,2025-08-18,0.2735,2027-05-01
5743,2025-08-18,0.2688,2027-05-01
5744,2025-08-18,0.2217,2027-06-01
5745,2025-08-18,0.2287,2027-06-01
5746,2025-08-18,0.2167,2027-07-01
5747,2025-08-18,0.221,2027-07-01
5748,2025-08-18,0.1688,2027-08-01
5749,2025-08-18,0.1688,2027-08-01
5750,2025-08-19,-0.0937,2025-08-01
5751,2025-08-19,-0.0587,2025-08-01
5752,2025-08-19,0.5787,2025-09-01
5753,2025-08-19,0.5516,2025-09-01
5754,2025-08-19,0.3201,2025-10-01
5755,2025-08-19,0.3457,2025-10-01
5756,2025-08-19,0.2679,2025-11-01
5757,2025-08-19,0.2786,2025-11-01
5758,2025-08-19,0.4979,2025-12-01
5759,2025-08-19,0.5094,2025-12-01
5760,2025-08-19,0.4392,2026-01-01
5761,2025-08-19,0.4383,2026-01-01
5762,2025-08-19,0.642,2026-02-01
5763,2025-08-19,0.6196,2026-02-01
5764,2025-08-19,0.3929,2026-03-01
5765,2025-08-19,0.394,2026-03-01
5766,2025-08-19,0.4037,2026-04-01
5767,2025-08-19,0.4035,2026-04-01
5768,2025-08-19,0.2933,2026-05-01
5769,2025-08-19,0.2904,2026-05-01
5770,2025-08-19,0.2432,2026-06-01
5771,2025-08-19,0.2496,2026-06-01
5772,2025-08-19,0.216,2026-07-01
5773,2025-08-19,0.2314,2026-07-01
5774,2025-08-19,0.1728,2026-08-01
5775,2025-08-19,0.1918,2026-08-01
5776,2025-08-19,0.2805,2026-09-01
5777,2025-08-19,0.2831,2026-09-01
5778,2025-08-19,0.3679,2026-10-01
5779,2025-08-19,0.3675,2026-10-01
5780,2025-08-19,0.3151,2026-11-01
5781,2025-08-19,0.3309,2026-11-01
5782,2025-08-19,0.5055,2026-12-01
5783,2025-08-19,0.5081,2026-12-01
5784,2025-08-19,0.3751,2027-01-01
5785,2025-08-19,0.3911,2027-01-01
5786,2025-08-19,0.5661,2027-02-01
5787,2025-08-19,0.5608,2027-02-01
5788,2025-08-19,0.355,2027-03-01
5789,2025-08-19,0.3548,2027-03-01
5790,2025-08-19,0.3521,2027-04-01
5791,2025-08-19,0.3572,2027-04-01
5792,2025-08-19,0.2758,2027-05-01
5793,2025-08-19,0.2689,2027-05-01
5794,2025-08-19,0.2159,2027-06-01
5795,2025-08-19,0.2284,2027-06-01
5796,2025-08-19,0.2077,2027-07-01
5797,2025-08-19,0.2197,2027-07-01
5798,2025-08-19,0.1598,2027-08-01
5799,2025-08-19,0.1675,2027-08-01
5800,2025-08-20,-0.0893,2025-08-01
5801,2025-08-20,-0.0635,2025-08-01
5802,2025-08-20,0.5694,2025-09-01
5803,2025-08-20,0.5544,2025-09-01
5804,2025-08-20,0.3276,2025-10-01
5805,2025-08-20,0.3448,2025-10-01
5806,2025-08-20,0.2683,2025-11-01
5807,2025-08-20,0.2782,2025-11-01
5808,2025-08-20,0.503,2025-12-01
5809,2025-08-20,0.5085,2025-12-01
5810,2025-08-20,0.4383,2026-01-01
5811,2025-08-20,0.4385,2026-01-01
5812,2025-08-20,0.6446,2026-02-01
5813,2025-08-20,0.6194,2026-02-01
5814,2025-08-20,0.3914,2026-03-01
5815,2025-08-20,0.3944,2026-03-01
5816,2025-08-20,0.4007,2026-04-01
5817,2025-08-20,0.4042,2026-04-01
5818,2025-08-20,0.296,2026-05-01
5819,2025-08-20,0.2903,2026-05-01
5820,2025-08-20,0.2444,2026-06-01
5821,2025-08-20,0.2497,2026-06-01
5822,2025-08-20,0.2154,2026-07-01
5823,2025-08-20,0.2313,2026-07-01
5824,2025-08-20,0.1744,2026-08-01
5825,2025-08-20,0.1925,2026-08-01
5826,2025-08-20,0.2816,2026-09-01
5827,2025-08-20,0.283,2026-09-01
5828,2025-08-20,0.3688,2026-10-01
5829,2025-08-20,0.3683,2026-10-01
5830,2025-08-20,0.3203,2026-11-01
5831,2025-08-20,0.3309,2026-11-01
5832,2025-08-20,0.5123,2026-12-01
5833,2025-08-20,0.508,2026-12-01
5834,2025-08-20,0.3765,2027-01-01
5835,2025-08-20,0.3912,2027-01-01
5836,2025-08-20,0.5637,2027-02-01
5837,2025-08-20,0.5613,2027-02-01
5838,2025-08-20,0.351,2027-03-01
5839,2025-08-20,0.3546,2027-03-01
5840,2025-08-20,0.3448,2027-04-01
5841,2025-08-20,0.3573,2027-04-01
5842,2025-08-20,0.2753,2027-05-01
5843,2025-08-20,0.2687,2027-05-01
5844,2025-08-20,0.2164,2027-06-01
5845,2025-08-20,0.228,2027-06-01
5846,2025-08-20,0.2048,2027-07-01
5847,2025-08-20,0.2189,2027-07-01
5848,2025-08-20,0.1615,2027-08-01
5849,2025-08-20,0.1694,2027-08-01
5850,2025-08-21,-0.0891,2025-08-01
5851,2025-08-21,-0.0667,2025-08-01
5852,2025-08-21,0.5753,2025-09-01
5853,2025-08-21,0.5538,2025-09-01
5854,2025-08-21,0.3256,2025-10-01
5855,2025-08-21,0.3443,2025-10-01
5856,2025-08-21,0.266,2025-11-01
5857,2025-08-21,0.2755,2025-11-01
5858,2025-08-21,0.5019,2025-12-01
5859,2025-08-21,0.5085,2025-12-01
5860,2025-08-21,0.4418,2026-01-01
5861,2025-08-21,0.4399,2026-01-01
5862,2025-08-21,0.637,2026-02-01
5863,2025-08-21,0.6178,2026-02-01
5864,2025-08-21,0.3814,2026-03-01
5865,2025-08-21,0.3915,2026-03-01
5866,2025-08-21,0.4023,2026-04-01
5867,2025-08-21,0.4032,2026-04-01
5868,2025-08-21,0.2961,2026-05-01
5869,2025-08-21,0.2907,2026-05-01
5870,2025-08-21,0.2455,2026-06-01
5871,2025-08-21,0.2493,2026-06-01
5872,2025-08-21,0.2184,2026-07-01
5873,2025-08-21,0.2309,2026-07-01
5874,2025-08-21,0.1842,2026-08-01
5875,2025-08-21,0.193,2026-08-01
5876,2025-08-21,0.2866,2026-09-01
5877,2025-08-21,0.2855,2026-09-01
5878,2025-08-21,0.3676,2026-10-01
5879,2025-08-21,0.3675,2026-10-01
5880,2025-08-21,0.3188,2026-11-01
5881,2025-08-21,0.3311,2026-11-01
5882,2025-08-21,0.5161,2026-12-01
5883,2025-08-21,0.5084,2026-12-01
5884,2025-08-21,0.3827,2027-01-01
5885,2025-08-21,0.3918,2027-01-01
5886,2025-08-21,0.5635,2027-02-01
5887,2025-08-21,0.5617,2027-02-01
5888,2025-08-21,0.3595,2027-03-01
5889,2025-08-21,0.3572,2027-03-01
5890,2025-08-21,0.3521,2027-04-01
5891,2025-08-21,0.3594,2027-04-01
5892,2025-08-21,0.2758,2027-05-01
5893,2025-08-21,0.2706,2027-05-01
5894,2025-08-21,0.2201,2027-06-01
5895,2025-08-21,0.2279,2027-06-01
5896,2025-08-21,0.2051,2027-07-01
5897,2025-08-21,0.2192,2027-07-01
5898,2025-08-21,0.1671,2027-08-01
5899,2025-08-21,0.173,2027-08-01
5900,2025-08-22,-0.1444,2025-08-01
5901,2025-08-22,-0.124,2025-08-01
5902,2025-08-22,0.5939,2025-09-01
5903,2025-08-22,0.5846,2025-09-01
5904,2025-08-22,0.3186,2025-10-01
5905,2025-08-22,0.3277,2025-10-01
5906,2025-08-22,0.2615,2025-11-01
5907,2025-08-22,0.2727,2025-11-01
5908,2025-08-22,0.5038,2025-12-01
5909,2025-08-22,0.5,2025-12-01
5910,2025-08-22,0.4365,2026-01-01
5911,2025-08-22,0.4352,2026-01-01
5912,2025-08-22,0.6016,2026-02-01
5913,2025-08-22,0.6082,2026-02-01
5914,2025-08-22,0.3758,2026-03-01
5915,2025-08-22,0.3842,2026-03-01
5916,2025-08-22,0.391,2026-04-01
5917,2025-08-22,0.3962,2026-04-01
5918,2025-08-22,0.285,2026-05-01
5919,2025-08-22,0.2849,2026-05-01
5920,2025-08-22,0.2494,2026-06-01
5921,2025-08-22,0.2476,2026-06-01
5922,2025-08-22,0.2317,2026-07-01
5923,2025-08-22,0.2291,2026-07-01
5924,2025-08-22,0.1878,2026-08-01
5925,2025-08-22,0.1902,2026-08-01
5926,2025-08-22,0.2902,2026-09-01
5927,2025-08-22,0.2839,2026-09-01
5928,2025-08-22,0.3622,2026-10-01
5929,2025-08-22,0.3607,2026-10-01
5930,2025-08-22,0.3202,2026-11-01
5931,2025-08-22,0.325,2026-11-01
5932,2025-08-22,0.5038,2026-12-01
5933,2025-08-22,0.5007,2026-12-01
5934,2025-08-22,0.3918,2027-01-01
5935,2025-08-22,0.3895,2027-01-01
5936,2025-08-22,0.5633,2027-02-01
5937,2025-08-22,0.5602,2027-02-01
5938,2025-08-22,0.3602,2027-03-01
5939,2025-08-22,0.3554,2027-03-01
5940,2025-08-22,0.3618,2027-04-01
5941,2025-08-22,0.359,2027-04-01
5942,2025-08-22,0.265,2027-05-01
5943,2025-08-22,0.2689,2027-05-01
5944,2025-08-22,0.2385,2027-06-01
5945,2025-08-22,0.2305,2027-06-01
5946,2025-08-22,0.2248,2027-07-01
5947,2025-08-22,0.2195,2027-07-01
5948,2025-08-22,0.1771,2027-08-01
5949,2025-08-22,0.1755,2027-08-01
5950,2025-08-25,-0.1491,2025-08-01
5951,2025-08-25,-0.1283,2025-08-01
5952,2025-08-25,0.5928,2025-09-01
5953,2025-08-25,0.5825,2025-09-01
5954,2025-08-25,0.3199,2025-10-01
5955,2025-08-25,0.3258,2025-10-01
5956,2025-08-25,0.2669,2025-11-01
5957,2025-08-25,0.2731,2025-11-01
5958,2025-08-25,0.5074,2025-12-01
5959,2025-08-25,0.4996,2025-12-01
5960,2025-08-25,0.4334,2026-01-01
5961,2025-08-25,0.4359,2026-01-01
5962,2025-08-25,0.6031,2026-02-01
5963,2025-08-25,0.6099,2026-02-01
5964,2025-08-25,0.377,2026-03-01
5965,2025-08-25,0.3819,2026-03-01
5966,2025-08-25,0.3915,2026-04-01
5967,2025-08-25,0.3957,2026-04-01
5968,2025-08-25,0.2869,2026-05-01
5969,2025-08-25,0.285,2026-05-01
5970,2025-08-25,0.2507,2026-06-01
5971,2025-08-25,0.2475,2026-06-01
5972,2025-08-25,0.2293,2026-07-01
5973,2025-08-25,0.2288,2026-07-01
5974,2025-08-25,0.1859,2026-08-01
5975,2025-08-25,0.1898,2026-08-01
5976,2025-08-25,0.2886,2026-09-01
5977,2025-08-25,0.2842,2026-09-01
5978,2025-08-25,0.3622,2026-10-01
5979,2025-08-25,0.3599,2026-10-01
5980,2025-08-25,0.3222,2026-11-01
5981,2025-08-25,0.3242,2026-11-01
5982,2025-08-25,0.508,2026-12-01
5983,2025-08-25,0.5004,2026-12-01
5984,2025-08-25,0.3932,2027-01-01
5985,2025-08-25,0.3905,2027-01-01
5986,2025-08-25,0.5727,2027-02-01
5987,2025-08-25,0.5592,2027-02-01
5988,2025-08-25,0.3623,2027-03-01
5989,2025-08-25,0.3538,2027-03-01
5990,2025-08-25,0.3603,2027-04-01
5991,2025-08-25,0.3583,2027-04-01
5992,2025-08-25,0.2643,2027-05-01
5993,2025-08-25,0.2689,2027-05-01
5994,2025-08-25,0.2359,2027-06-01
5995,2025-08-25,0.2309,2027-06-01
5996,2025-08-25,0.2235,2027-07-01
5997,2025-08-25,0.2195,2027-07-01
5998,2025-08-25,0.1717,2027-08-01
5999,2025-08-25,0.1755,2027-08-01
6000,2025-08-26,-0.1509,2025-08-01
6001,2025-08-26,-0.1284,2025-08-01
6002,2025-08-26,0.5968,2025-09-01
6003,2025-08-26,0.5814,2025-09-01
6004,2025-08-26,0.318,2025-10-01
6005,2025-08-26,0.3264,2025-10-01
6006,2025-08-26,0.2651,2025-11-01
6007,2025-08-26,0.2724,2025-11-01
6008,2025-08-26,0.5072,2025-12-01
6009,2025-08-26,0.4995,2025-12-01
6010,2025-08-26,0.4339,2026-01-01
6011,2025-08-26,0.4363,2026-01-01
6012,2025-08-26,0.6056,2026-02-01
6013,2025-08-26,0.6097,2026-02-01
6014,2025-08-26,0.3775,2026-03-01
6015,2025-08-26,0.3812,2026-03-01
6016,2025-08-26,0.3916,2026-04-01
6017,2025-08-26,0.3951,2026-04-01
6018,2025-08-26,0.2867,2026-05-01
6019,2025-08-26,0.2848,2026-05-01
6020,2025-08-26,0.2505,2026-06-01
6021,2025-08-26,0.2471,2026-06-01
6022,2025-08-26,0.2287,2026-07-01
6023,2025-08-26,0.2284,2026-07-01
6024,2025-08-26,0.1864,2026-08-01
6025,2025-08-26,0.1897,2026-08-01
6026,2025-08-26,0.2888,2026-09-01
6027,2025-08-26,0.2833,2026-09-01
6028,2025-08-26,0.3634,2026-10-01
6029,2025-08-26,0.3602,2026-10-01
6030,2025-08-26,0.323,2026-11-01
6031,2025-08-26,0.3245,2026-11-01
6032,2025-08-26,0.5089,2026-12-01
6033,2025-08-26,0.5008,2026-12-01
6034,2025-08-26,0.3932,2027-01-01
6035,2025-08-26,0.3905,2027-01-01
6036,2025-08-26,0.5727,2027-02-01
6037,2025-08-26,0.5592,2027-02-01
6038,2025-08-26,0.3623,2027-03-01
6039,2025-08-26,0.3538,2027-03-01
6040,2025-08-26,0.3603,2027-04-01
6041,2025-08-26,0.3583,2027-04-01
6042,2025-08-26,0.2643,2027-05-01
6043,2025-08-26,0.2689,2027-05-01
6044,2025-08-26,0.2359,2027-06-01
6045,2025-08-26,0.2309,2027-06-01
6046,2025-08-26,0.2235,2027-07-01
6047,2025-08-26,0.2195,2027-07-01
6048,2025-08-26,0.1717,2027-08-01
6049,2025-08-26,0.1755,2027-08-01
6050,2025-08-27,-0.1507,2025-08-01
6051,2025-08-27,-0.1288,2025-08-01
6052,2025-08-27,0.5967,2025-09-01
6053,2025-08-27,0.5806,2025-09-01
6054,2025-08-27,0.319,2025-10-01
6055,2025-08-27,0.3268,2025-10-01
6056,2025-08-27,0.2654,2025-11-01
6057,2025-08-27,0.2721,2025-11-01
6058,2025-08-27,0.5068,2025-12-01
6059,2025-08-27,0.4996,2025-12-01
6060,2025-08-27,0.4328,2026-01-01
6061,2025-08-27,0.4361,2026-01-01
6062,2025-08-27,0.6069,2026-02-01
6063,2025-08-27,0.6096,2026-02-01
6064,2025-08-27,0.3777,2026-03-01
6065,2025-08-27,0.3812,2026-03-01
6066,2025-08-27,0.3898,2026-04-01
6067,2025-08-27,0.395,2026-04-01
6068,2025-08-27,0.2848,2026-05-01
6069,2025-08-27,0.2847,2026-05-01
6070,2025-08-27,0.2509,2026-06-01
6071,2025-08-27,0.2473,2026-06-01
6072,2025-08-27,0.2288,2026-07-01
6073,2025-08-27,0.2284,2026-07-01
6074,2025-08-27,0.1857,2026-08-01
6075,2025-08-27,0.1896,2026-08-01
6076,2025-08-27,0.2883,2026-09-01
6077,2025-08-27,0.2832,2026-09-01
6078,2025-08-27,0.3626,2026-10-01
6079,2025-08-27,0.36,2026-10-01
6080,2025-08-27,0.322,2026-11-01
6081,2025-08-27,0.3243,2026-11-01
6082,2025-08-27,0.5075,2026-12-01
6083,2025-08-27,0.5009,2026-12-01
6084,2025-08-27,0.3907,2027-01-01
6085,2025-08-27,0.3905,2027-01-01
6086,2025-08-27,0.5713,2027-02-01
6087,2025-08-27,0.5592,2027-02-01
6088,2025-08-27,0.3619,2027-03-01
6089,2025-08-27,0.3538,2027-03-01
6090,2025-08-27,0.3582,2027-04-01
6091,2025-08-27,0.3583,2027-04-01
6092,2025-08-27,0.2636,2027-05-01
6093,2025-08-27,0.2689,2027-05-01
6094,2025-08-27,0.236,2027-06-01
6095,2025-08-27,0.2309,2027-06-01
6096,2025-08-27,0.2239,2027-07-01
6097,2025-08-27,0.2195,2027-07-01
6098,2025-08-27,0.1696,2027-08-01
6099,2025-08-27,0.1746,2027-08-01
6100,2025-08-28,-0.1506,2025-08-01
6101,2025-08-28,-0.1291,2025-08-01
6102,2025-08-28,0.5981,2025-09-01
6103,2025-08-28,0.5821,2025-09-01
6104,2025-08-28,0.3173,2025-10-01
6105,2025-08-28,0.3274,2025-10-01
6106,2025-08-28,0.2648,2025-11-01
6107,2025-08-28,0.2719,2025-11-01
6108,2025-08-28,0.5047,2025-12-01
6109,2025-08-28,0.4986,2025-12-01
6110,2025-08-28,0.4319,2026-01-01
6111,2025-08-28,0.4356,2026-01-01
6112,2025-08-28,0.6058,2026-02-01
6113,2025-08-28,0.6081,2026-02-01
6114,2025-08-28,0.3812,2026-03-01
6115,2025-08-28,0.3824,2026-03-01
6116,2025-08-28,0.3918,2026-04-01
6117,2025-08-28,0.3954,2026-04-01
6118,2025-08-28,0.2861,2026-05-01
6119,2025-08-28,0.2848,2026-05-01
6120,2025-08-28,0.2484,2026-06-01
6121,2025-08-28,0.2472,2026-06-01
6122,2025-08-28,0.2273,2026-07-01
6123,2025-08-28,0.2287,2026-07-01
6124,2025-08-28,0.1816,2026-08-01
6125,2025-08-28,0.1896,2026-08-01
6126,2025-08-28,0.2845,2026-09-01
6127,2025-08-28,0.283,2026-09-01
6128,2025-08-28,0.3595,2026-10-01
6129,2025-08-28,0.3604,2026-10-01
6130,2025-08-28,0.3185,2026-11-01
6131,2025-08-28,0.3243,2026-11-01
6132,2025-08-28,0.5078,2026-12-01
6133,2025-08-28,0.501,2026-12-01
6134,2025-08-28,0.3887,2027-01-01
6135,2025-08-28,0.3895,2027-01-01
6136,2025-08-28,0.5677,2027-02-01
6137,2025-08-28,0.5567,2027-02-01
6138,2025-08-28,0.3541,2027-03-01
6139,2025-08-28,0.3531,2027-03-01
6140,2025-08-28,0.3555,2027-04-01
6141,2025-08-28,0.3577,2027-04-01
6142,2025-08-28,0.262,2027-05-01
6143,2025-08-28,0.2692,2027-05-01
6144,2025-08-28,0.2329,2027-06-01
6145,2025-08-28,0.2316,2027-06-01
6146,2025-08-28,0.221,2027-07-01
6147,2025-08-28,0.2202,2027-07-01
6148,2025-08-28,0.1652,2027-08-01
6149,2025-08-28,0.175,2027-08-01
6150,2025-08-29,-0.1423,2025-08-01
6151,2025-08-29,-0.1286,2025-08-01
6152,2025-08-29,0.5978,2025-09-01
6153,2025-08-29,0.5863,2025-09-01
6154,2025-08-29,0.3089,2025-10-01
6155,2025-08-29,0.3222,2025-10-01
6156,2025-08-29,0.2546,2025-11-01
6157,2025-08-29,0.2717,2025-11-01
6158,2025-08-29,0.508,2025-12-01
6159,2025-08-29,0.4989,2025-12-01
6160,2025-08-29,0.4222,2026-01-01
6161,2025-08-29,0.4348,2026-01-01
6162,2025-08-29,0.6271,2026-02-01
6163,2025-08-29,0.6065,2026-02-01
6164,2025-08-29,0.399,2026-03-01
6165,2025-08-29,0.3808,2026-03-01
6166,2025-08-29,0.3857,2026-04-01
6167,2025-08-29,0.3944,2026-04-01
6168,2025-08-29,0.2867,2026-05-01
6169,2025-08-29,0.285,2026-05-01
6170,2025-08-29,0.2192,2026-06-01
6171,2025-08-29,0.2471,2026-06-01
6172,2025-08-29,0.206,2026-07-01
6173,2025-08-29,0.2294,2026-07-01
6174,2025-08-29,0.1647,2026-08-01
6175,2025-08-29,0.1898,2026-08-01
6176,2025-08-29,0.2738,2026-09-01
6177,2025-08-29,0.2843,2026-09-01
6178,2025-08-29,0.359,2026-10-01
6179,2025-08-29,0.3596,2026-10-01
6180,2025-08-29,0.3239,2026-11-01
6181,2025-08-29,0.3234,2026-11-01
6182,2025-08-29,0.5197,2026-12-01
6183,2025-08-29,0.5011,2026-12-01
6184,2025-08-29,0.3842,2027-01-01
6185,2025-08-29,0.3894,2027-01-01
6186,2025-08-29,0.5733,2027-02-01
6187,2025-08-29,0.5565,2027-02-01
6188,2025-08-29,0.3412,2027-03-01
6189,2025-08-29,0.3527,2027-03-01
6190,2025-08-29,0.3224,2027-04-01
6191,2025-08-29,0.3573,2027-04-01
6192,2025-08-29,0.2603,2027-05-01
6193,2025-08-29,0.2689,2027-05-01
6194,2025-08-29,0.1809,2027-06-01
6195,2025-08-29,0.2314,2027-06-01
6196,2025-08-29,0.2024,2027-07-01
6197,2025-08-29,0.2208,2027-07-01
6198,2025-08-29,0.1379,2027-08-01
6199,2025-08-29,0.1749,2027-08-01
6200,2025-09-01,-0.1335,2025-08-01
6201,2025-09-01,-0.1319,2025-08-01
6202,2025-09-01,0.6105,2025-09-01
6203,2025-09-01,0.5923,2025-09-01
6204,2025-09-01,0.2988,2025-10-01
6205,2025-09-01,0.3183,2025-10-01
6206,2025-09-01,0.2497,2025-11-01
6207,2025-09-01,0.2711,2025-11-01
6208,2025-09-01,0.4992,2025-12-01
6209,2025-09-01,0.4973,2025-12-01
6210,2025-09-01,0.4277,2026-01-01
6211,2025-09-01,0.4348,2026-01-01
6212,2025-09-01,0.6271,2026-02-01
6213,2025-09-01,0.6064,2026-02-01
6214,2025-09-01,0.3911,2026-03-01
6215,2025-09-01,0.3809,2026-03-01
6216,2025-09-01,0.3876,2026-04-01
6217,2025-09-01,0.3944,2026-04-01
6218,2025-09-01,0.2736,2026-05-01
6219,2025-09-01,0.2848,2026-05-01
6220,2025-09-01,0.2192,2026-06-01
6221,2025-09-01,0.2469,2026-06-01
6222,2025-09-01,0.2061,2026-07-01
6223,2025-09-01,0.23,2026-07-01
6224,2025-09-01,0.181,2026-08-01
6225,2025-09-01,0.189,2026-08-01
6226,2025-09-01,0.271,2026-09-01
6227,2025-09-01,0.2843,2026-09-01
6228,2025-09-01,0.3542,2026-10-01
6229,2025-09-01,0.3596,2026-10-01
6230,2025-09-01,0.3183,2026-11-01
6231,2025-09-01,0.3234,2026-11-01
6232,2025-09-01,0.5081,2026-12-01
6233,2025-09-01,0.5013,2026-12-01
6234,2025-09-01,0.3807,2027-01-01
6235,2025-09-01,0.3896,2027-01-01
6236,2025-09-01,0.5718,2027-02-01
6237,2025-09-01,0.5565,2027-02-01
6238,2025-09-01,0.3344,2027-03-01
6239,2025-09-01,0.3527,2027-03-01
6240,2025-09-01,0.3341,2027-04-01
6241,2025-09-01,0.3573,2027-04-01
6242,2025-09-01,0.2614,2027-05-01
6243,2025-09-01,0.269,2027-05-01
6244,2025-09-01,0.1995,2027-06-01
6245,2025-09-01,0.2316,2027-06-01
6246,2025-09-01,0.2035,2027-07-01
6247,2025-09-01,0.2207,2027-07-01
6248,2025-09-01,0.1507,2027-08-01
6249,2025-09-01,0.1749,2027-08-01
6250,2025-09-02,-0.1317,2025-08-01
6251,2025-09-02,-0.1323,2025-08-01
6252,2025-09-02,0.6133,2025-09-01
6253,2025-09-02,0.5923,2025-09-01
6254,2025-09-02,0.302,2025-10-01
6255,2025-09-02,0.3187,2025-10-01
6256,2025-09-02,0.2479,2025-11-01
6257,2025-09-02,0.2712,2025-11-01
6258,2025-09-02,0.4929,2025-12-01
6259,2025-09-02,0.4969,2025-12-01
6260,2025-09-02,0.4263,2026-01-01
6261,2025-09-02,0.4348,2026-01-01
6262,2025-09-02,0.6275,2026-02-01
6263,2025-09-02,0.6059,2026-02-01
6264,2025-09-02,0.3899,2026-03-01
6265,2025-09-02,0.3805,2026-03-01
6266,2025-09-02,0.3888,2026-04-01
6267,2025-09-02,0.3942,2026-04-01
6268,2025-09-02,0.2727,2026-05-01
6269,2025-09-02,0.2856,2026-05-01
6270,2025-09-02,0.2129,2026-06-01
6271,2025-09-02,0.2433,2026-06-01
6272,2025-09-02,0.2096,2026-07-01
6273,2025-09-02,0.2319,2026-07-01
6274,2025-09-02,0.1806,2026-08-01
6275,2025-09-02,0.1893,2026-08-01
6276,2025-09-02,0.2704,2026-09-01
6277,2025-09-02,0.2846,2026-09-01
6278,2025-09-02,0.356,2026-10-01
6279,2025-09-02,0.3596,2026-10-01
6280,2025-09-02,0.3193,2026-11-01
6281,2025-09-02,0.3237,2026-11-01
6282,2025-09-02,0.5091,2026-12-01
6283,2025-09-02,0.5013,2026-12-01
6284,2025-09-02,0.3762,2027-01-01
6285,2025-09-02,0.3896,2027-01-01
6286,2025-09-02,0.5686,2027-02-01
6287,2025-09-02,0.5565,2027-02-01
6288,2025-09-02,0.3362,2027-03-01
6289,2025-09-02,0.3527,2027-03-01
6290,2025-09-02,0.3345,2027-04-01
6291,2025-09-02,0.3573,2027-04-01
6292,2025-09-02,0.2626,2027-05-01
6293,2025-09-02,0.269,2027-05-01
6294,2025-09-02,0.1995,2027-06-01
6295,2025-09-02,0.2316,2027-06-01
6296,2025-09-02,0.2036,2027-07-01
6297,2025-09-02,0.2207,2027-07-01
6298,2025-09-02,0.1491,2027-08-01
6299,2025-09-02,0.1749,2027-08-01
6300,2025-09-03,-0.1326,2025-08-01
6301,2025-09-03,-0.1329,2025-08-01
6302,2025-09-03,0.6113,2025-09-01
6303,2025-09-03,0.5927,2025-09-01
6304,2025-09-03,0.3025,2025-10-01
6305,2025-09-03,0.3184,2025-10-01
6306,2025-09-03,0.2476,2025-11-01
6307,2025-09-03,0.271,2025-11-01
6308,2025-09-03,0.4924,2025-12-01
6309,2025-09-03,0.4972,2025-12-01
6310,2025-09-03,0.4251,2026-01-01
6311,2025-09-03,0.4348,2026-01-01
6312,2025-09-03,0.6226,2026-02-01
6313,2025-09-03,0.6059,2026-02-01
6314,2025-09-03,0.3838,2026-03-01
6315,2025-09-03,0.3805,2026-03-01
6316,2025-09-03,0.3819,2026-04-01
6317,2025-09-03,0.3942,2026-04-01
6318,2025-09-03,0.272,2026-05-01
6319,2025-09-03,0.2856,2026-05-01
6320,2025-09-03,0.2205,2026-06-01
6321,2025-09-03,0.2433,2026-06-01
6322,2025-09-03,0.2174,2026-07-01
6323,2025-09-03,0.2319,2026-07-01
6324,2025-09-03,0.1909,2026-08-01
6325,2025-09-03,0.1893,2026-08-01
6326,2025-09-03,0.2733,2026-09-01
6327,2025-09-03,0.2846,2026-09-01
6328,2025-09-03,0.3563,2026-10-01
6329,2025-09-03,0.3596,2026-10-01
6330,2025-09-03,0.3232,2026-11-01
6331,2025-09-03,0.3237,2026-11-01
6332,2025-09-03,0.499,2026-12-01
6333,2025-09-03,0.5013,2026-12-01
6334,2025-09-03,0.3665,2027-01-01
6335,2025-09-03,0.3896,2027-01-01
6336,2025-09-03,0.5458,2027-02-01
6337,2025-09-03,0.5556,2027-02-01
6338,2025-09-03,0.3358,2027-03-01
6339,2025-09-03,0.3519,2027-03-01
6340,2025-09-03,0.3352,2027-04-01
6341,2025-09-03,0.3568,2027-04-01
6342,2025-09-03,0.2669,2027-05-01
6343,2025-09-03,0.2686,2027-05-01
6344,2025-09-03,0.2107,2027-06-01
6345,2025-09-03,0.2307,2027-06-01
6346,2025-09-03,0.217,2027-07-01
6347,2025-09-03,0.2192,2027-07-01
6348,2025-09-03,0.1522,2027-08-01
6349,2025-09-03,0.174,2027-08-01
6350,2025-09-04,-0.1336,2025-08-01
6351,2025-09-04,-0.1334,2025-08-01
6352,2025-09-04,0.6099,2025-09-01
6353,2025-09-04,0.5928,2025-09-01
6354,2025-09-04,0.3048,2025-10-01
6355,2025-09-04,0.3182,2025-10-01
6356,2025-09-04,0.2478,2025-11-01
6357,2025-09-04,0.271,2025-11-01
6358,2025-09-04,0.4954,2025-12-01
6359,2025-09-04,0.4972,2025-12-01
6360,2025-09-04,0.4293,2026-01-01
6361,2025-09-04,0.4348,2026-01-01
6362,2025-09-04,0.6292,2026-02-01
6363,2025-09-04,0.6059,2026-02-01
6364,2025-09-04,0.3802,2026-03-01
6365,2025-09-04,0.3805,2026-03-01
6366,2025-09-04,0.3779,2026-04-01
6367,2025-09-04,0.3942,2026-04-01
6368,2025-09-04,0.2687,2026-05-01
6369,2025-09-04,0.2856,2026-05-01
6370,2025-09-04,0.2239,2026-06-01
6371,2025-09-04,0.2433,2026-06-01
6372,2025-09-04,0.2165,2026-07-01
6373,2025-09-04,0.2319,2026-07-01
6374,2025-09-04,0.1936,2026-08-01
6375,2025-09-04,0.1893,2026-08-01
6376,2025-09-04,0.2796,2026-09-01
6377,2025-09-04,0.2846,2026-09-01
6378,2025-09-04,0.3613,2026-10-01
6379,2025-09-04,0.3596,2026-10-01
6380,2025-09-04,0.329,2026-11-01
6381,2025-09-04,0.3237,2026-11-01
6382,2025-09-04,0.5,2026-12-01
6383,2025-09-04,0.5013,2026-12-01
6384,2025-09-04,0.3697,2027-01-01
6385,2025-09-04,0.3896,2027-01-01
6386,2025-09-04,0.553,2027-02-01
6387,2025-09-04,0.5556,2027-02-01
6388,2025-09-04,0.3428,2027-03-01
6389,2025-09-04,0.3519,2027-03-01
6390,2025-09-04,0.3332,2027-04-01
6391,2025-09-04,0.3568,2027-04-01
6392,2025-09-04,0.2626,2027-05-01
6393,2025-09-04,0.2686,2027-05-01
6394,2025-09-04,0.2137,2027-06-01
6395,2025-09-04,0.2307,2027-06-01
6396,2025-09-04,0.2186,2027-07-01
6397,2025-09-04,0.2192,2027-07-01
6398,2025-09-04,0.1558,2027-08-01
6399,2025-09-04,0.174,2027-08-01
6400,2025-09-05,-0.1394,2025-08-01
6401,2025-09-05,-0.1378,2025-08-01
6402,2025-09-05,0.617,2025-09-01
6403,2025-09-05,0.5965,2025-09-01
6404,2025-09-05,0.3061,2025-10-01
6405,2025-09-05,0.3144,2025-10-01
6406,2025-09-05,0.2606,2025-11-01
6407,2025-09-05,0.2695,2025-11-01
6408,2025-09-05,0.498,2025-12-01
6409,2025-09-05,0.4983,2025-12-01
6410,2025-09-05,0.4273,2026-01-01
6411,2025-09-05,0.4344,2026-01-01
6412,2025-09-05,0.6308,2026-02-01
6413,2025-09-05,0.6058,2026-02-01
6414,2025-09-05,0.3792,2026-03-01
6415,2025-09-05,0.3805,2026-03-01
6416,2025-09-05,0.39,2026-04-01
6417,2025-09-05,0.3946,2026-04-01
6418,2025-09-05,0.2887,2026-05-01
6419,2025-09-05,0.2847,2026-05-01
6420,2025-09-05,0.246,2026-06-01
6421,2025-09-05,0.2435,2026-06-01
6422,2025-09-05,0.2139,2026-07-01
6423,2025-09-05,0.2314,2026-07-01
6424,2025-09-05,0.1798,2026-08-01
6425,2025-09-05,0.1879,2026-08-01
6426,2025-09-05,0.274,2026-09-01
6427,2025-09-05,0.2843,2026-09-01
6428,2025-09-05,0.3616,2026-10-01
6429,2025-09-05,0.3593,2026-10-01
6430,2025-09-05,0.3194,2026-11-01
6431,2025-09-05,0.323,2026-11-01
6432,2025-09-05,0.5121,2026-12-01
6433,2025-09-05,0.5055,2026-12-01
6434,2025-09-05,0.3827,2027-01-01
6435,2025-09-05,0.3898,2027-01-01
6436,2025-09-05,0.556,2027-02-01
6437,2025-09-05,0.5555,2027-02-01
6438,2025-09-05,0.3438,2027-03-01
6439,2025-09-05,0.3522,2027-03-01
6440,2025-09-05,0.3418,2027-04-01
6441,2025-09-05,0.357,2027-04-01
6442,2025-09-05,0.2799,2027-05-01
6443,2025-09-05,0.2689,2027-05-01
6444,2025-09-05,0.2314,2027-06-01
6445,2025-09-05,0.2312,2027-06-01
6446,2025-09-05,0.1905,2027-07-01
6447,2025-09-05,0.2193,2027-07-01
6448,2025-09-05,0.1614,2027-08-01
6449,2025-09-05,0.1764,2027-08-01
6450,2025-09-08,-0.1555,2025-08-01
6451,2025-09-08,-0.1407,2025-08-01
6452,2025-09-08,0.6147,2025-09-01
6453,2025-09-08,0.5974,2025-09-01
6454,2025-09-08,0.3062,2025-10-01
6455,2025-09-08,0.3129,2025-10-01
6456,2025-09-08,0.2598,2025-11-01
6457,2025-09-08,0.2688,2025-11-01
6458,2025-09-08,0.5075,2025-12-01
6459,2025-09-08,0.4977,2025-12-01
6460,2025-09-08,0.4241,2026-01-01
6461,2025-09-08,0.4338,2026-01-01
6462,2025-09-08,0.6189,2026-02-01
6463,2025-09-08,0.6057,2026-02-01
6464,2025-09-08,0.3735,2026-03-01
6465,2025-09-08,0.3798,2026-03-01
6466,2025-09-08,0.3895,2026-04-01
6467,2025-09-08,0.3942,2026-04-01
6468,2025-09-08,0.2976,2026-05-01
6469,2025-09-08,0.2842,2026-05-01
6470,2025-09-08,0.2451,2026-06-01
6471,2025-09-08,0.2429,2026-06-01
6472,2025-09-08,0.2088,2026-07-01
6473,2025-09-08,0.2312,2026-07-01
6474,2025-09-08,0.1594,2026-08-01
6475,2025-09-08,0.186,2026-08-01
6476,2025-09-08,0.2809,2026-09-01
6477,2025-09-08,0.2856,2026-09-01
6478,2025-09-08,0.3658,2026-10-01
6479,2025-09-08,0.36,2026-10-01
6480,2025-09-08,0.3192,2026-11-01
6481,2025-09-08,0.3237,2026-11-01
6482,2025-09-08,0.513,2026-12-01
6483,2025-09-08,0.506,2026-12-01
6484,2025-09-08,0.3808,2027-01-01
6485,2025-09-08,0.3895,2027-01-01
6486,2025-09-08,0.5649,2027-02-01
6487,2025-09-08,0.5554,2027-02-01
6488,2025-09-08,0.3485,2027-03-01
6489,2025-09-08,0.352,2027-03-01
6490,2025-09-08,0.3457,2027-04-01
6491,2025-09-08,0.357,2027-04-01
6492,2025-09-08,0.2736,2027-05-01
6493,2025-09-08,0.2688,2027-05-01
6494,2025-09-08,0.211,2027-06-01
6495,2025-09-08,0.2312,2027-06-01
6496,2025-09-08,0.185,2027-07-01
6497,2025-09-08,0.2193,2027-07-01
6498,2025-09-08,0.1565,2027-08-01
6499,2025-09-08,0.1759,2027-08-01
6500,2025-09-09,-0.1468,2025-08-01
6501,2025-09-09,-0.1405,2025-08-01
6502,2025-09-09,0.6041,2025-09-01
6503,2025-09-09,0.5963,2025-09-01
6504,2025-09-09,0.3093,2025-10-01
6505,2025-09-09,0.313,2025-10-01
6506,2025-09-09,0.2732,2025-11-01
6507,2025-09-09,0.2689,2025-11-01
6508,2025-09-09,0.5127,2025-12-01
6509,2025-09-09,0.4977,2025-12-01
6510,2025-09-09,0.4247,2026-01-01
6511,2025-09-09,0.4338,2026-01-01
6512,2025-09-09,0.6159,2026-02-01
6513,2025-09-09,0.6058,2026-02-01
6514,2025-09-09,0.3816,2026-03-01
6515,2025-09-09,0.3797,2026-03-01
6516,2025-09-09,0.3987,2026-04-01
6517,2025-09-09,0.3942,2026-04-01
6518,2025-09-09,0.3042,2026-05-01
6519,2025-09-09,0.2843,2026-05-01
6520,2025-09-09,0.2605,2026-06-01
6521,2025-09-09,0.2429,2026-06-01
6522,2025-09-09,0.2103,2026-07-01
6523,2025-09-09,0.2312,2026-07-01
6524,2025-09-09,0.1683,2026-08-01
6525,2025-09-09,0.186,2026-08-01
6526,2025-09-09,0.2836,2026-09-01
6527,2025-09-09,0.2858,2026-09-01
6528,2025-09-09,0.3646,2026-10-01
6529,2025-09-09,0.3595,2026-10-01
6530,2025-09-09,0.3204,2026-11-01
6531,2025-09-09,0.3231,2026-11-01
6532,2025-09-09,0.515,2026-12-01
6533,2025-09-09,0.5057,2026-12-01
6534,2025-09-09,0.375,2027-01-01
6535,2025-09-09,0.3895,2027-01-01
6536,2025-09-09,0.5594,2027-02-01
6537,2025-09-09,0.5554,2027-02-01
6538,2025-09-09,0.3438,2027-03-01
6539,2025-09-09,0.352,2027-03-01
6540,2025-09-09,0.3377,2027-04-01
6541,2025-09-09,0.357,2027-04-01
6542,2025-09-09,0.2711,2027-05-01
6543,2025-09-09,0.2688,2027-05-01
6544,2025-09-09,0.2133,2027-06-01
6545,2025-09-09,0.2304,2027-06-01
6546,2025-09-09,0.1912,2027-07-01
6547,2025-09-09,0.2187,2027-07-01
6548,2025-09-09,0.1579,2027-08-01
6549,2025-09-09,0.1759,2027-08-01
6550,2025-09-10,0.5964,2025-09-01
6551,2025-09-10,0.5956,2025-09-01
6552,2025-09-10,0.309,2025-10-01
6553,2025-09-10,0.3124,2025-10-01
6554,2025-09-10,0.2698,2025-11-01
6555,2025-09-10,0.2676,2025-11-01
6556,2025-09-10,0.5008,2025-12-01
6557,2025-09-10,0.4915,2025-12-01
6558,2025-09-10,0.4271,2026-01-01
6559,2025-09-10,0.4348,2026-01-01
6560,2025-09-10,0.6216,2026-02-01
6561,2025-09-10,0.6057,2026-02-01
6562,2025-09-10,0.3791,2026-03-01
6563,2025-09-10,0.3784,2026-03-01
6564,2025-09-10,0.3904,2026-04-01
6565,2025-09-10,0.3952,2026-04-01
6566,2025-09-10,0.2985,2026-05-01
6567,2025-09-10,0.2845,2026-05-01
6568,2025-09-10,0.2585,2026-06-01
6569,2025-09-10,0.2441,2026-06-01
6570,2025-09-10,0.2172,2026-07-01
6571,2025-09-10,0.2317,2026-07-01
6572,2025-09-10,0.1705,2026-08-01
6573,2025-09-10,0.1857,2026-08-01
6574,2025-09-10,0.2826,2026-09-01
6575,2025-09-10,0.2853,2026-09-01
6576,2025-09-10,0.3581,2026-10-01
6577,2025-09-10,0.3582,2026-10-01
6578,2025-09-10,0.3192,2026-11-01
6579,2025-09-10,0.3211,2026-11-01
6580,2025-09-10,0.5067,2026-12-01
6581,2025-09-10,0.5048,2026-12-01
6582,2025-09-10,0.3691,2027-01-01
6583,2025-09-10,0.3926,2027-01-01
6584,2025-09-10,0.5606,2027-02-01
6585,2025-09-10,0.5576,2027-02-01
6586,2025-09-10,0.3362,2027-03-01
6587,2025-09-10,0.3523,2027-03-01
6588,2025-09-10,0.3364,2027-04-01
6589,2025-09-10,0.36,2027-04-01
6590,2025-09-10,0.2608,2027-05-01
6591,2025-09-10,0.2699,2027-05-01
6592,2025-09-10,0.2128,2027-06-01
6593,2025-09-10,0.2329,2027-06-01
6594,2025-09-10,0.1953,2027-07-01
6595,2025-09-10,0.2191,2027-07-01
6596,2025-09-10,0.1603,2027-08-01
6597,2025-09-10,0.1782,2027-08-01
6598,2025-09-10,0.3033,2027-09-01
6599,2025-09-10,0.3033,2027-09-01
6600,2025-09-11,0.5958,2025-09-01
6601,2025-09-11,0.5941,2025-09-01
6602,2025-09-11,0.3027,2025-10-01
6603,2025-09-11,0.3107,2025-10-01
6604,2025-09-11,0.2683,2025-11-01
6605,2025-09-11,0.2674,2025-11-01
6606,2025-09-11,0.4946,2025-12-01
6607,2025-09-11,0.4899,2025-12-01
6608,2025-09-11,0.4217,2026-01-01
6609,2025-09-11,0.4355,2026-01-01
6610,2025-09-11,0.6206,2026-02-01
6611,2025-09-11,0.6058,2026-02-01
6612,2025-09-11,0.3761,2026-03-01
6613,2025-09-11,0.3783,2026-03-01
6614,2025-09-11,0.3869,2026-04-01
6615,2025-09-11,0.3952,2026-04-01
6616,2025-09-11,0.2957,2026-05-01
6617,2025-09-11,0.2843,2026-05-01
6618,2025-09-11,0.2578,2026-06-01
6619,2025-09-11,0.2441,2026-06-01
6620,2025-09-11,0.2204,2026-07-01
6621,2025-09-11,0.2312,2026-07-01
6622,2025-09-11,0.1717,2026-08-01
6623,2025-09-11,0.1855,2026-08-01
6624,2025-09-11,0.2854,2026-09-01
6625,2025-09-11,0.2855,2026-09-01
6626,2025-09-11,0.3574,2026-10-01
6627,2025-09-11,0.3582,2026-10-01
6628,2025-09-11,0.3179,2026-11-01
6629,2025-09-11,0.3212,2026-11-01
6630,2025-09-11,0.5026,2026-12-01
6631,2025-09-11,0.5049,2026-12-01
6632,2025-09-11,0.3721,2027-01-01
6633,2025-09-11,0.3926,2027-01-01
6634,2025-09-11,0.5646,2027-02-01
6635,2025-09-11,0.5599,2027-02-01
6636,2025-09-11,0.3384,2027-03-01
6637,2025-09-11,0.352,2027-03-01
6638,2025-09-11,0.3412,2027-04-01
6639,2025-09-11,0.3606,2027-04-01
6640,2025-09-11,0.2599,2027-05-01
6641,2025-09-11,0.2678,2027-05-01
6642,2025-09-11,0.214,2027-06-01
6643,2025-09-11,0.2314,2027-06-01
6644,2025-09-11,0.1989,2027-07-01
6645,2025-09-11,0.2161,2027-07-01
6646,2025-09-11,0.1609,2027-08-01
6647,2025-09-11,0.1782,2027-08-01
6648,2025-09-11,0.3037,2027-09-01
6649,2025-09-11,0.3037,2027-09-01
6650,2025-09-12,0.5753,2025-09-01
6651,2025-09-12,0.5802,2025-09-01
6652,2025-09-12,0.2938,2025-10-01
6653,2025-09-12,0.3001,2025-10-01
6654,2025-09-12,0.2457,2025-11-01
6655,2025-09-12,0.2531,2025-11-01
6656,2025-09-12,0.5001,2025-12-01
6657,2025-09-12,0.4914,2025-12-01
6658,2025-09-12,0.4565,2026-01-01
6659,2025-09-12,0.4531,2026-01-01
6660,2025-09-12,0.5978,2026-02-01
6661,2025-09-12,0.5983,2026-02-01
6662,2025-09-12,0.3772,2026-03-01
6663,2025-09-12,0.378,2026-03-01
6664,2025-09-12,0.3965,2026-04-01
6665,2025-09-12,0.3966,2026-04-01
6666,2025-09-12,0.2864,2026-05-01
6667,2025-09-12,0.2866,2026-05-01
6668,2025-09-12,0.2525,2026-06-01
6669,2025-09-12,0.2486,2026-06-01
6670,2025-09-12,0.2365,2026-07-01
6671,2025-09-12,0.237,2026-07-01
6672,2025-09-12,0.1864,2026-08-01
6673,2025-09-12,0.192,2026-08-01
6674,2025-09-12,0.2874,2026-09-01
6675,2025-09-12,0.2835,2026-09-01
6676,2025-09-12,0.35,2026-10-01
6677,2025-09-12,0.351,2026-10-01
6678,2025-09-12,0.3161,2026-11-01
6679,2025-09-12,0.3173,2026-11-01
6680,2025-09-12,0.5003,2026-12-01
6681,2025-09-12,0.5012,2026-12-01
6682,2025-09-12,0.3991,2027-01-01
6683,2025-09-12,0.3926,2027-01-01
6684,2025-09-12,0.5705,2027-02-01
6685,2025-09-12,0.5546,2027-02-01
6686,2025-09-12,0.3557,2027-03-01
6687,2025-09-12,0.3539,2027-03-01
6688,2025-09-12,0.3649,2027-04-01
6689,2025-09-12,0.3633,2027-04-01
6690,2025-09-12,0.2708,2027-05-01
6691,2025-09-12,0.274,2027-05-01
6692,2025-09-12,0.231,2027-06-01
6693,2025-09-12,0.2304,2027-06-01
6694,2025-09-12,0.2235,2027-07-01
6695,2025-09-12,0.2184,2027-07-01
6696,2025-09-12,0.178,2027-08-01
6697,2025-09-12,0.1795,2027-08-01
6698,2025-09-12,0.2871,2027-09-01
6699,2025-09-12,0.2871,2027-09-01
6700,2025-09-15,0.5742,2025-09-01
6701,2025-09-15,0.5806,2025-09-01
6702,2025-09-15,0.2932,2025-10-01
6703,2025-09-15,0.2992,2025-10-01
6704,2025-09-15,0.2462,2025-11-01
6705,2025-09-15,0.254,2025-11-01
6706,2025-09-15,0.5025,2025-12-01
6707,2025-09-15,0.4926,2025-12-01
6708,2025-09-15,0.4591,2026-01-01
6709,2025-09-15,0.4531,2026-01-01
6710,2025-09-15,0.5977,2026-02-01
6711,2025-09-15,0.5976,2026-02-01
6712,2025-09-15,0.3775,2026-03-01
6713,2025-09-15,0.3783,2026-03-01
6714,2025-09-15,0.3962,2026-04-01
6715,2025-09-15,0.3957,2026-04-01
6716,2025-09-15,0.2864,2026-05-01
6717,2025-09-15,0.2856,2026-05-01
6718,2025-09-15,0.2546,2026-06-01
6719,2025-09-15,0.2484,2026-06-01
6720,2025-09-15,0.2385,2026-07-01
6721,2025-09-15,0.2362,2026-07-01
6722,2025-09-15,0.1898,2026-08-01
6723,2025-09-15,0.1909,2026-08-01
6724,2025-09-15,0.2857,2026-09-01
6725,2025-09-15,0.2819,2026-09-01
6726,2025-09-15,0.3479,2026-10-01
6727,2025-09-15,0.3508,2026-10-01
6728,2025-09-15,0.3156,2026-11-01
6729,2025-09-15,0.3182,2026-11-01
6730,2025-09-15,0.5018,2026-12-01
6731,2025-09-15,0.5014,2026-12-01
6732,2025-09-15,0.3992,2027-01-01
6733,2025-09-15,0.3914,2027-01-01
6734,2025-09-15,0.5685,2027-02-01
6735,2025-09-15,0.5546,2027-02-01
6736,2025-09-15,0.3553,2027-03-01
6737,2025-09-15,0.3538,2027-03-01
6738,2025-09-15,0.3649,2027-04-01
6739,2025-09-15,0.3634,2027-04-01
6740,2025-09-15,0.2693,2027-05-01
6741,2025-09-15,0.2739,2027-05-01
6742,2025-09-15,0.2335,2027-06-01
6743,2025-09-15,0.2302,2027-06-01
6744,2025-09-15,0.2269,2027-07-01
6745,2025-09-15,0.2186,2027-07-01
6746,2025-09-15,0.1799,2027-08-01
6747,2025-09-15,0.1812,2027-08-01
6748,2025-09-15,0.286,2027-09-01
6749,2025-09-15,0.286,2027-09-01
6750,2025-09-16,0.5722,2025-09-01
6751,2025-09-16,0.5797,2025-09-01
6752,2025-09-16,0.2938,2025-10-01
6753,2025-09-16,0.2992,2025-10-01
6754,2025-09-16,0.2453,2025-11-01
6755,2025-09-16,0.254,2025-11-01
6756,2025-09-16,0.5042,2025-12-01
6757,2025-09-16,0.4937,2025-12-01
6758,2025-09-16,0.4595,2026-01-01
6759,2025-09-16,0.4531,2026-01-01
6760,2025-09-16,0.5977,2026-02-01
6761,2025-09-16,0.5976,2026-02-01
6762,2025-09-16,0.3774,2026-03-01
6763,2025-09-16,0.3783,2026-03-01
6764,2025-09-16,0.3963,2026-04-01
6765,2025-09-16,0.3957,2026-04-01
6766,2025-09-16,0.2865,2026-05-01
6767,2025-09-16,0.2856,2026-05-01
6768,2025-09-16,0.2545,2026-06-01
6769,2025-09-16,0.2484,2026-06-01
6770,2025-09-16,0.2387,2026-07-01
6771,2025-09-16,0.2362,2026-07-01
6772,2025-09-16,0.19,2026-08-01
6773,2025-09-16,0.1909,2026-08-01
6774,2025-09-16,0.2858,2026-09-01
6775,2025-09-16,0.2819,2026-09-01
6776,2025-09-16,0.3479,2026-10-01
6777,2025-09-16,0.3508,2026-10-01
6778,2025-09-16,0.3157,2026-11-01
6779,2025-09-16,0.3182,2026-11-01
6780,2025-09-16,0.5016,2026-12-01
6781,2025-09-16,0.5014,2026-12-01
6782,2025-09-16,0.4015,2027-01-01
6783,2025-09-16,0.3914,2027-01-01
6784,2025-09-16,0.5692,2027-02-01
6785,2025-09-16,0.5546,2027-02-01
6786,2025-09-16,0.3559,2027-03-01
6787,2025-09-16,0.3538,2027-03-01
6788,2025-09-16,0.367,2027-04-01
6789,2025-09-16,0.3634,2027-04-01
6790,2025-09-16,0.2701,2027-05-01
6791,2025-09-16,0.2739,2027-05-01
6792,2025-09-16,0.2338,2027-06-01
6793,2025-09-16,0.2302,2027-06-01
6794,2025-09-16,0.2271,2027-07-01
6795,2025-09-16,0.2186,2027-07-01
6796,2025-09-16,0.1809,2027-08-01
6797,2025-09-16,0.1812,2027-08-01
6798,2025-09-16,0.286,2027-09-01
6799,2025-09-16,0.286,2027-09-01
6800,2025-09-17,0.5728,2025-09-01
6801,2025-09-17,0.5794,2025-09-01
6802,2025-09-17,0.2916,2025-10-01
6803,2025-09-17,0.2992,2025-10-01
6804,2025-09-17,0.2433,2025-11-01
6805,2025-09-17,0.254,2025-11-01
6806,2025-09-17,0.5027,2025-12-01
6807,2025-09-17,0.4937,2025-12-01
6808,2025-09-17,0.4622,2026-01-01
6809,2025-09-17,0.4538,2026-01-01
6810,2025-09-17,0.596,2026-02-01
6811,2025-09-17,0.5957,2026-02-01
6812,2025-09-17,0.3755,2026-03-01
6813,2025-09-17,0.3783,2026-03-01
6814,2025-09-17,0.3986,2026-04-01
6815,2025-09-17,0.3957,2026-04-01
6816,2025-09-17,0.2854,2026-05-01
6817,2025-09-17,0.2856,2026-05-01
6818,2025-09-17,0.2509,2026-06-01
6819,2025-09-17,0.249,2026-06-01
6820,2025-09-17,0.2349,2026-07-01
6821,2025-09-17,0.2368,2026-07-01
6822,2025-09-17,0.1858,2026-08-01
6823,2025-09-17,0.1909,2026-08-01
6824,2025-09-17,0.2845,2026-09-01
6825,2025-09-17,0.2819,2026-09-01
6826,2025-09-17,0.3472,2026-10-01
6827,2025-09-17,0.3508,2026-10-01
6828,2025-09-17,0.3138,2026-11-01
6829,2025-09-17,0.3182,2026-11-01
6830,2025-09-17,0.5014,2026-12-01
6831,2025-09-17,0.5014,2026-12-01
6832,2025-09-17,0.4029,2027-01-01
6833,2025-09-17,0.3914,2027-01-01
6834,2025-09-17,0.5752,2027-02-01
6835,2025-09-17,0.5546,2027-02-01
6836,2025-09-17,0.3564,2027-03-01
6837,2025-09-17,0.3538,2027-03-01
6838,2025-09-17,0.3683,2027-04-01
6839,2025-09-17,0.3634,2027-04-01
6840,2025-09-17,0.271,2027-05-01
6841,2025-09-17,0.2739,2027-05-01
6842,2025-09-17,0.2336,2027-06-01
6843,2025-09-17,0.2302,2027-06-01
6844,2025-09-17,0.2237,2027-07-01
6845,2025-09-17,0.2186,2027-07-01
6846,2025-09-17,0.1779,2027-08-01
6847,2025-09-17,0.1812,2027-08-01
6848,2025-09-17,0.2872,2027-09-01
6849,2025-09-17,0.2873,2027-09-01
6850,2025-09-18,0.5689,2025-09-01
6851,2025-09-18,0.5778,2025-09-01
6852,2025-09-18,0.2935,2025-10-01
6853,2025-09-18,0.2996,2025-10-01
6854,2025-09-18,0.2422,2025-11-01
6855,2025-09-18,0.2545,2025-11-01
6856,2025-09-18,0.506,2025-12-01
6857,2025-09-18,0.4947,2025-12-01
6858,2025-09-18,0.4651,2026-01-01
6859,2025-09-18,0.4546,2026-01-01
6860,2025-09-18,0.5951,2026-02-01
6861,2025-09-18,0.5949,2026-02-01
6862,2025-09-18,0.3765,2026-03-01
6863,2025-09-18,0.3791,2026-03-01
6864,2025-09-18,0.4002,2026-04-01
6865,2025-09-18,0.3955,2026-04-01
6866,2025-09-18,0.2857,2026-05-01
6867,2025-09-18,0.2848,2026-05-01
6868,2025-09-18,0.2497,2026-06-01
6869,2025-09-18,0.2482,2026-06-01
6870,2025-09-18,0.234,2026-07-01
6871,2025-09-18,0.2358,2026-07-01
6872,2025-09-18,0.1835,2026-08-01
6873,2025-09-18,0.1894,2026-08-01
6874,2025-09-18,0.2826,2026-09-01
6875,2025-09-18,0.2807,2026-09-01
6876,2025-09-18,0.347,2026-10-01
6877,2025-09-18,0.3507,2026-10-01
6878,2025-09-18,0.3158,2026-11-01
6879,2025-09-18,0.3199,2026-11-01
6880,2025-09-18,0.5058,2026-12-01
6881,2025-09-18,0.5023,2026-12-01
6882,2025-09-18,0.4048,2027-01-01
6883,2025-09-18,0.3931,2027-01-01
6884,2025-09-18,0.5772,2027-02-01
6885,2025-09-18,0.5546,2027-02-01
6886,2025-09-18,0.3586,2027-03-01
6887,2025-09-18,0.3558,2027-03-01
6888,2025-09-18,0.3695,2027-04-01
6889,2025-09-18,0.364,2027-04-01
6890,2025-09-18,0.2695,2027-05-01
6891,2025-09-18,0.2732,2027-05-01
6892,2025-09-18,0.2324,2027-06-01
6893,2025-09-18,0.2297,2027-06-01
6894,2025-09-18,0.22,2027-07-01
6895,2025-09-18,0.2177,2027-07-01
6896,2025-09-18,0.1739,2027-08-01
6897,2025-09-18,0.1797,2027-08-01
6898,2025-09-18,0.2852,2027-09-01
6899,2025-09-18,0.2855,2027-09-01
6900,2025-09-19,0.5792,2025-09-01
6901,2025-09-19,0.5757,2025-09-01
6902,2025-09-19,0.3042,2025-10-01
6903,2025-09-19,0.3076,2025-10-01
6904,2025-09-19,0.2347,2025-11-01
6905,2025-09-19,0.251,2025-11-01
6906,2025-09-19,0.4956,2025-12-01
6907,2025-09-19,0.4935,2025-12-01
6908,2025-09-19,0.4445,2026-01-01
6909,2025-09-19,0.4459,2026-01-01
6910,2025-09-19,0.6031,2026-02-01
6911,2025-09-19,0.5967,2026-02-01
6912,2025-09-19,0.3663,2026-03-01
6913,2025-09-19,0.3774,2026-03-01
6914,2025-09-19,0.3938,2026-04-01
6915,2025-09-19,0.3952,2026-04-01
6916,2025-09-19,0.2872,2026-05-01
6917,2025-09-19,0.2884,2026-05-01
6918,2025-09-19,0.2458,2026-06-01
6919,2025-09-19,0.2467,2026-06-01
6920,2025-09-19,0.2403,2026-07-01
6921,2025-09-19,0.2364,2026-07-01
6922,2025-09-19,0.1871,2026-08-01
6923,2025-09-19,0.1888,2026-08-01
6924,2025-09-19,0.28,2026-09-01
6925,2025-09-19,0.2803,2026-09-01
6926,2025-09-19,0.3398,2026-10-01
6927,2025-09-19,0.3496,2026-10-01
6928,2025-09-19,0.3011,2026-11-01
6929,2025-09-19,0.3148,2026-11-01
6930,2025-09-19,0.4984,2026-12-01
6931,2025-09-19,0.4997,2026-12-01
6932,2025-09-19,0.4008,2027-01-01
6933,2025-09-19,0.3906,2027-01-01
6934,2025-09-19,0.5755,2027-02-01
6935,2025-09-19,0.5553,2027-02-01
6936,2025-09-19,0.3582,2027-03-01
6937,2025-09-19,0.3556,2027-03-01
6938,2025-09-19,0.3608,2027-04-01
6939,2025-09-19,0.3618,2027-04-01
6940,2025-09-19,0.2681,2027-05-01
6941,2025-09-19,0.2715,2027-05-01
6942,2025-09-19,0.2248,2027-06-01
6943,2025-09-19,0.2289,2027-06-01
6944,2025-09-19,0.2111,2027-07-01
6945,2025-09-19,0.2172,2027-07-01
6946,2025-09-19,0.1601,2027-08-01
6947,2025-09-19,0.177,2027-08-01
6948,2025-09-19,0.2743,2027-09-01
6949,2025-09-19,0.277,2027-09-01
6950,2025-09-22,0.5812,2025-09-01
6951,2025-09-22,0.5747,2025-09-01
6952,2025-09-22,0.3037,2025-10-01
6953,2025-09-22,0.3069,2025-10-01
6954,2025-09-22,0.2341,2025-11-01
6955,2025-09-22,0.2477,2025-11-01
6956,2025-09-22,0.4954,2025-12-01
6957,2025-09-22,0.4937,2025-12-01
6958,2025-09-22,0.4466,2026-01-01
6959,2025-09-22,0.4478,2026-01-01
6960,2025-09-22,0.6088,2026-02-01
6961,2025-09-22,0.5984,2026-02-01
6962,2025-09-22,0.3691,2026-03-01
6963,2025-09-22,0.3787,2026-03-01
6964,2025-09-22,0.3947,2026-04-01
6965,2025-09-22,0.3958,2026-04-01
6966,2025-09-22,0.285,2026-05-01
6967,2025-09-22,0.2885,2026-05-01
6968,2025-09-22,0.2451,2026-06-01
6969,2025-09-22,0.2459,2026-06-01
6970,2025-09-22,0.2395,2026-07-01
6971,2025-09-22,0.2351,2026-07-01
6972,2025-09-22,0.1865,2026-08-01
6973,2025-09-22,0.1868,2026-08-01
6974,2025-09-22,0.2785,2026-09-01
6975,2025-09-22,0.2799,2026-09-01
6976,2025-09-22,0.3395,2026-10-01
6977,2025-09-22,0.3491,2026-10-01
6978,2025-09-22,0.3001,2026-11-01
6979,2025-09-22,0.3135,2026-11-01
6980,2025-09-22,0.4989,2026-12-01
6981,2025-09-22,0.5009,2026-12-01
6982,2025-09-22,0.4018,2027-01-01
6983,2025-09-22,0.3902,2027-01-01
6984,2025-09-22,0.5771,2027-02-01
6985,2025-09-22,0.5555,2027-02-01
6986,2025-09-22,0.3579,2027-03-01
6987,2025-09-22,0.3534,2027-03-01
6988,2025-09-22,0.3605,2027-04-01
6989,2025-09-22,0.3602,2027-04-01
6990,2025-09-22,0.2675,2027-05-01
6991,2025-09-22,0.2693,2027-05-01
6992,2025-09-22,0.2229,2027-06-01
6993,2025-09-22,0.2295,2027-06-01
6994,2025-09-22,0.2108,2027-07-01
6995,2025-09-22,0.2172,2027-07-01
6996,2025-09-22,0.159,2027-08-01
6997,2025-09-22,0.1758,2027-08-01
6998,2025-09-22,0.2738,2027-09-01
6999,2025-09-22,0.2773,2027-09-01
7000,2025-09-23,0.5797,2025-09-01
7001,2025-09-23,0.576,2025-09-01
7002,2025-09-23,0.3023,2025-10-01
7003,2025-09-23,0.3056,2025-10-01
7004,2025-09-23,0.2364,2025-11-01
7005,2025-09-23,0.2469,2025-11-01
7006,2025-09-23,0.4947,2025-12-01
7007,2025-09-23,0.4933,2025-12-01
7008,2025-09-23,0.4459,2026-01-01
7009,2025-09-23,0.4468,2026-01-01
7010,2025-09-23,0.6061,2026-02-01
7011,2025-09-23,0.5977,2026-02-01
7012,2025-09-23,0.3676,2026-03-01
7013,2025-09-23,0.3779,2026-03-01
7014,2025-09-23,0.3939,2026-04-01
7015,2025-09-23,0.3953,2026-04-01
7016,2025-09-23,0.2851,2026-05-01
7017,2025-09-23,0.288,2026-05-01
7018,2025-09-23,0.2446,2026-06-01
7019,2025-09-23,0.2466,2026-06-01
7020,2025-09-23,0.2352,2026-07-01
7021,2025-09-23,0.2356,2026-07-01
7022,2025-09-23,0.184,2026-08-01
7023,2025-09-23,0.1874,2026-08-01
7024,2025-09-23,0.2774,2026-09-01
7025,2025-09-23,0.2807,2026-09-01
7026,2025-09-23,0.3407,2026-10-01
7027,2025-09-23,0.3493,2026-10-01
7028,2025-09-23,0.3013,2026-11-01
7029,2025-09-23,0.3137,2026-11-01
7030,2025-09-23,0.503,2026-12-01
7031,2025-09-23,0.5009,2026-12-01
7032,2025-09-23,0.4075,2027-01-01
7033,2025-09-23,0.3923,2027-01-01
7034,2025-09-23,0.5752,2027-02-01
7035,2025-09-23,0.5542,2027-02-01
7036,2025-09-23,0.3611,2027-03-01
7037,2025-09-23,0.3537,2027-03-01
7038,2025-09-23,0.3603,2027-04-01
7039,2025-09-23,0.3595,2027-04-01
7040,2025-09-23,0.2684,2027-05-01
7041,2025-09-23,0.2689,2027-05-01
7042,2025-09-23,0.2201,2027-06-01
7043,2025-09-23,0.2297,2027-06-01
7044,2025-09-23,0.2073,2027-07-01
7045,2025-09-23,0.2166,2027-07-01
7046,2025-09-23,0.1576,2027-08-01
7047,2025-09-23,0.1765,2027-08-01
7048,2025-09-23,0.2738,2027-09-01
7049,2025-09-23,0.278,2027-09-01
7050,2025-09-24,0.581,2025-09-01
7051,2025-09-24,0.5746,2025-09-01
7052,2025-09-24,0.3004,2025-10-01
7053,2025-09-24,0.3051,2025-10-01
7054,2025-09-24,0.234,2025-11-01
7055,2025-09-24,0.247,2025-11-01
7056,2025-09-24,0.494,2025-12-01
7057,2025-09-24,0.4933,2025-12-01
7058,2025-09-24,0.4485,2026-01-01
7059,2025-09-24,0.448,2026-01-01
7060,2025-09-24,0.6036,2026-02-01
7061,2025-09-24,0.5973,2026-02-01
7062,2025-09-24,0.3646,2026-03-01
7063,2025-09-24,0.377,2026-03-01
7064,2025-09-24,0.3913,2026-04-01
7065,2025-09-24,0.3946,2026-04-01
7066,2025-09-24,0.2872,2026-05-01
7067,2025-09-24,0.2894,2026-05-01
7068,2025-09-24,0.2455,2026-06-01
7069,2025-09-24,0.2466,2026-06-01
7070,2025-09-24,0.2384,2026-07-01
7071,2025-09-24,0.2355,2026-07-01
7072,2025-09-24,0.183,2026-08-01
7073,2025-09-24,0.1873,2026-08-01
7074,2025-09-24,0.2788,2026-09-01
7075,2025-09-24,0.2804,2026-09-01
7076,2025-09-24,0.3414,2026-10-01
7077,2025-09-24,0.3486,2026-10-01
7078,2025-09-24,0.3004,2026-11-01
7079,2025-09-24,0.3133,2026-11-01
7080,2025-09-24,0.5025,2026-12-01
7081,2025-09-24,0.5026,2026-12-01
7082,2025-09-24,0.4097,2027-01-01
7083,2025-09-24,0.3924,2027-01-01
7084,2025-09-24,0.5724,2027-02-01
7085,2025-09-24,0.5548,2027-02-01
7086,2025-09-24,0.3624,2027-03-01
7087,2025-09-24,0.3531,2027-03-01
7088,2025-09-24,0.3627,2027-04-01
7089,2025-09-24,0.3588,2027-04-01
7090,2025-09-24,0.2684,2027-05-01
7091,2025-09-24,0.2682,2027-05-01
7092,2025-09-24,0.2187,2027-06-01
7093,2025-09-24,0.2283,2027-06-01
7094,2025-09-24,0.2102,2027-07-01
7095,2025-09-24,0.2163,2027-07-01
7096,2025-09-24,0.154,2027-08-01
7097,2025-09-24,0.1736,2027-08-01
7098,2025-09-24,0.2763,2027-09-01
7099,2025-09-24,0.2805,2027-09-01
7100,2025-09-25,0.5766,2025-09-01
7101,2025-09-25,0.5713,2025-09-01
7102,2025-09-25,0.3012,2025-10-01
7103,2025-09-25,0.3047,2025-10-01
7104,2025-09-25,0.2342,2025-11-01
7105,2025-09-25,0.247,2025-11-01
7106,2025-09-25,0.4956,2025-12-01
7107,2025-09-25,0.4949,2025-12-01
7108,2025-09-25,0.4457,2026-01-01
7109,2025-09-25,0.4483,2026-01-01
7110,2025-09-25,0.6001,2026-02-01
7111,2025-09-25,0.5965,2026-02-01
7112,2025-09-25,0.3613,2026-03-01
7113,2025-09-25,0.3763,2026-03-01
7114,2025-09-25,0.3882,2026-04-01
7115,2025-09-25,0.3943,2026-04-01
7116,2025-09-25,0.2854,2026-05-01
7117,2025-09-25,0.289,2026-05-01
7118,2025-09-25,0.2472,2026-06-01
7119,2025-09-25,0.2467,2026-06-01
7120,2025-09-25,0.2408,2026-07-01
7121,2025-09-25,0.2356,2026-07-01
7122,2025-09-25,0.1843,2026-08-01
7123,2025-09-25,0.1877,2026-08-01
7124,2025-09-25,0.2805,2026-09-01
7125,2025-09-25,0.279,2026-09-01
7126,2025-09-25,0.3409,2026-10-01
7127,2025-09-25,0.3486,2026-10-01
7128,2025-09-25,0.3006,2026-11-01
7129,2025-09-25,0.3133,2026-11-01
7130,2025-09-25,0.501,2026-12-01
7131,2025-09-25,0.502,2026-12-01
7132,2025-09-25,0.4047,2027-01-01
7133,2025-09-25,0.3919,2027-01-01
7134,2025-09-25,0.57,2027-02-01
7135,2025-09-25,0.5539,2027-02-01
7136,2025-09-25,0.358,2027-03-01
7137,2025-09-25,0.3531,2027-03-01
7138,2025-09-25,0.3596,2027-04-01
7139,2025-09-25,0.3588,2027-04-01
7140,2025-09-25,0.2683,2027-05-01
7141,2025-09-25,0.2682,2027-05-01
7142,2025-09-25,0.2189,2027-06-01
7143,2025-09-25,0.2283,2027-06-01
7144,2025-09-25,0.2125,2027-07-01
7145,2025-09-25,0.2163,2027-07-01
7146,2025-09-25,0.1578,2027-08-01
7147,2025-09-25,0.1736,2027-08-01
7148,2025-09-25,0.2752,2027-09-01
7149,2025-09-25,0.2806,2027-09-01
7150,2025-09-26,0.5454,2025-09-01
7151,2025-09-26,0.5595,2025-09-01
7152,2025-09-26,0.3247,2025-10-01
7153,2025-09-26,0.3093,2025-10-01
7154,2025-09-26,0.2399,2025-11-01
7155,2025-09-26,0.2483,2025-11-01
7156,2025-09-26,0.5016,2025-12-01
7157,2025-09-26,0.4928,2025-12-01
7158,2025-09-26,0.4514,2026-01-01
7159,2025-09-26,0.4497,2026-01-01
7160,2025-09-26,0.6122,2026-02-01
7161,2025-09-26,0.5966,2026-02-01
7162,2025-09-26,0.3673,2026-03-01
7163,2025-09-26,0.3763,2026-03-01
7164,2025-09-26,0.3993,2026-04-01
7165,2025-09-26,0.3965,2026-04-01
7166,2025-09-26,0.2855,2026-05-01
7167,2025-09-26,0.2891,2026-05-01
7168,2025-09-26,0.2391,2026-06-01
7169,2025-09-26,0.246,2026-06-01
7170,2025-09-26,0.2204,2026-07-01
7171,2025-09-26,0.2358,2026-07-01
7172,2025-09-26,0.179,2026-08-01
7173,2025-09-26,0.1876,2026-08-01
7174,2025-09-26,0.2675,2026-09-01
7175,2025-09-26,0.2785,2026-09-01
7176,2025-09-26,0.3484,2026-10-01
7177,2025-09-26,0.349,2026-10-01
7178,2025-09-26,0.3046,2026-11-01
7179,2025-09-26,0.3129,2026-11-01
7180,2025-09-26,0.5106,2026-12-01
7181,2025-09-26,0.5033,2026-12-01
7182,2025-09-26,0.3909,2027-01-01
7183,2025-09-26,0.392,2027-01-01
7184,2025-09-26,0.5696,2027-02-01
7185,2025-09-26,0.5538,2027-02-01
7186,2025-09-26,0.3433,2027-03-01
7187,2025-09-26,0.3529,2027-03-01
7188,2025-09-26,0.3445,2027-04-01
7189,2025-09-26,0.3588,2027-04-01
7190,2025-09-26,0.2607,2027-05-01
7191,2025-09-26,0.2679,2027-05-01
7192,2025-09-26,0.2018,2027-06-01
7193,2025-09-26,0.228,2027-06-01
7194,2025-09-26,0.2002,2027-07-01
7195,2025-09-26,0.216,2027-07-01
7196,2025-09-26,0.1543,2027-08-01
7197,2025-09-26,0.1727,2027-08-01
7198,2025-09-26,0.2876,2027-09-01
7199,2025-09-26,0.2785,2027-09-01
7200,2025-09-29,0.5421,2025-09-01
7201,2025-09-29,0.5539,2025-09-01
7202,2025-09-29,0.3126,2025-10-01
7203,2025-09-29,0.3058,2025-10-01
7204,2025-09-29,0.2425,2025-11-01
7205,2025-09-29,0.2497,2025-11-01
7206,2025-09-29,0.5032,2025-12-01
7207,2025-09-29,0.4953,2025-12-01
7208,2025-09-29,0.4478,2026-01-01
7209,2025-09-29,0.4501,2026-01-01
7210,2025-09-29,0.6047,2026-02-01
7211,2025-09-29,0.5973,2026-02-01
7212,2025-09-29,0.3696,2026-03-01
7213,2025-09-29,0.3754,2026-03-01
7214,2025-09-29,0.4046,2026-04-01
7215,2025-09-29,0.3969,2026-04-01
7216,2025-09-29,0.2921,2026-05-01
7217,2025-09-29,0.2901,2026-05-01
7218,2025-09-29,0.255,2026-06-01
7219,2025-09-29,0.2477,2026-06-01
7220,2025-09-29,0.2224,2026-07-01
7221,2025-09-29,0.2363,2026-07-01
7222,2025-09-29,0.184,2026-08-01
7223,2025-09-29,0.1873,2026-08-01
7224,2025-09-29,0.2685,2026-09-01
7225,2025-09-29,0.2783,2026-09-01
7226,2025-09-29,0.3439,2026-10-01
7227,2025-09-29,0.3481,2026-10-01
7228,2025-09-29,0.297,2026-11-01
7229,2025-09-29,0.3133,2026-11-01
7230,2025-09-29,0.5116,2026-12-01
7231,2025-09-29,0.5029,2026-12-01
7232,2025-09-29,0.39,2027-01-01
7233,2025-09-29,0.393,2027-01-01
7234,2025-09-29,0.5684,2027-02-01
7235,2025-09-29,0.5564,2027-02-01
7236,2025-09-29,0.3448,2027-03-01
7237,2025-09-29,0.3535,2027-03-01
7238,2025-09-29,0.349,2027-04-01
7239,2025-09-29,0.3595,2027-04-01
7240,2025-09-29,0.263,2027-05-01
7241,2025-09-29,0.2677,2027-05-01
7242,2025-09-29,0.2133,2027-06-01
7243,2025-09-29,0.2275,2027-06-01
7244,2025-09-29,0.2096,2027-07-01
7245,2025-09-29,0.2155,2027-07-01
7246,2025-09-29,0.1589,2027-08-01
7247,2025-09-29,0.1715,2027-08-01
7248,2025-09-29,0.2893,2027-09-01
7249,2025-09-29,0.2785,2027-09-01
7250,2025-09-30,0.5416,2025-09-01
7251,2025-09-30,0.5536,2025-09-01
7252,2025-09-30,0.3109,2025-10-01
7253,2025-09-30,0.3046,2025-10-01
7254,2025-09-30,0.2425,2025-11-01
7255,2025-09-30,0.2496,2025-11-01
7256,2025-09-30,0.5053,2025-12-01
7257,2025-09-30,0.4959,2025-12-01
7258,2025-09-30,0.4541,2026-01-01
7259,2025-09-30,0.45,2026-01-01
7260,2025-09-30,0.6127,2026-02-01
7261,2025-09-30,0.5971,2026-02-01
7262,2025-09-30,0.3738,2026-03-01
7263,2025-09-30,0.3751,2026-03-01
7264,2025-09-30,0.4053,2026-04-01
7265,2025-09-30,0.3968,2026-04-01
7266,2025-09-30,0.2936,2026-05-01
7267,2025-09-30,0.2901,2026-05-01
7268,2025-09-30,0.2516,2026-06-01
7269,2025-09-30,0.2477,2026-06-01
7270,2025-09-30,0.2219,2026-07-01
7271,2025-09-30,0.2364,2026-07-01
7272,2025-09-30,0.1842,2026-08-01
7273,2025-09-30,0.1874,2026-08-01
7274,2025-09-30,0.2681,2026-09-01
7275,2025-09-30,0.2784,2026-09-01
7276,2025-09-30,0.3475,2026-10-01
7277,2025-09-30,0.3488,2026-10-01
7278,2025-09-30,0.2983,2026-11-01
7279,2025-09-30,0.3136,2026-11-01
7280,2025-09-30,0.5066,2026-12-01
7281,2025-09-30,0.5032,2026-12-01
7282,2025-09-30,0.3821,2027-01-01
7283,2025-09-30,0.393,2027-01-01
7284,2025-09-30,0.5652,2027-02-01
7285,2025-09-30,0.5563,2027-02-01
7286,2025-09-30,0.3419,2027-03-01
7287,2025-09-30,0.3535,2027-03-01
7288,2025-09-30,0.3488,2027-04-01
7289,2025-09-30,0.3594,2027-04-01
7290,2025-09-30,0.2622,2027-05-01
7291,2025-09-30,0.268,2027-05-01
7292,2025-09-30,0.2108,2027-06-01
7293,2025-09-30,0.2273,2027-06-01
7294,2025-09-30,0.2085,2027-07-01
7295,2025-09-30,0.2153,2027-07-01
7296,2025-09-30,0.1578,2027-08-01
7297,2025-09-30,0.1718,2027-08-01
7298,2025-09-30,0.2857,2027-09-01
7299,2025-09-30,0.2783,2027-09-01
7300,2025-10-01,0.5416,2025-09-01
7301,2025-10-01,0.5534,2025-09-01
7302,2025-10-01,0.306,2025-10-01
7303,2025-10-01,0.3029,2025-10-01
7304,2025-10-01,0.2459,2025-11-01
7305,2025-10-01,0.2504,2025-11-01
7306,2025-10-01,0.5013,2025-12-01
7307,2025-10-01,0.496,2025-12-01
7308,2025-10-01,0.4484,2026-01-01
7309,2025-10-01,0.45,2026-01-01
7310,2025-10-01,0.6115,2026-02-01
7311,2025-10-01,0.5971,2026-02-01
7312,2025-10-01,0.3781,2026-03-01
7313,2025-10-01,0.3751,2026-03-01
7314,2025-10-01,0.4047,2026-04-01
7315,2025-10-01,0.3968,2026-04-01
7316,2025-10-01,0.2901,2026-05-01
7317,2025-10-01,0.2901,2026-05-01
7318,2025-10-01,0.2556,2026-06-01
7319,2025-10-01,0.2477,2026-06-01
7320,2025-10-01,0.2217,2026-07-01
7321,2025-10-01,0.2364,2026-07-01
7322,2025-10-01,0.1851,2026-08-01
7323,2025-10-01,0.1874,2026-08-01
7324,2025-10-01,0.2665,2026-09-01
7325,2025-10-01,0.2784,2026-09-01
7326,2025-10-01,0.3436,2026-10-01
7327,2025-10-01,0.3488,2026-10-01
7328,2025-10-01,0.2969,2026-11-01
7329,2025-10-01,0.3136,2026-11-01
7330,2025-10-01,0.5033,2026-12-01
7331,2025-10-01,0.5032,2026-12-01
7332,2025-10-01,0.381,2027-01-01
7333,2025-10-01,0.393,2027-01-01
7334,2025-10-01,0.564,2027-02-01
7335,2025-10-01,0.5563,2027-02-01
7336,2025-10-01,0.3441,2027-03-01
7337,2025-10-01,0.3535,2027-03-01
7338,2025-10-01,0.349,2027-04-01
7339,2025-10-01,0.3594,2027-04-01
7340,2025-10-01,0.263,2027-05-01
7341,2025-10-01,0.268,2027-05-01
7342,2025-10-01,0.2161,2027-06-01
7343,2025-10-01,0.2273,2027-06-01
7344,2025-10-01,0.2083,2027-07-01
7345,2025-10-01,0.2153,2027-07-01
7346,2025-10-01,0.1605,2027-08-01
7347,2025-10-01,0.1718,2027-08-01
7348,2025-10-01,0.2808,2027-09-01
7349,2025-10-01,0.2783,2027-09-01
7350,2025-10-02,0.5395,2025-09-01
7351,2025-10-02,0.5527,2025-09-01
7352,2025-10-02,0.3064,2025-10-01
7353,2025-10-02,0.3036,2025-10-01
7354,2025-10-02,0.2518,2025-11-01
7355,2025-10-02,0.2503,2025-11-01
7356,2025-10-02,0.4946,2025-12-01
7357,2025-10-02,0.4948,2025-12-01
7358,2025-10-02,0.4471,2026-01-01
7359,2025-10-02,0.4482,2026-01-01
7360,2025-10-02,0.6095,2026-02-01
7361,2025-10-02,0.5965,2026-02-01
7362,2025-10-02,0.3775,2026-03-01
7363,2025-10-02,0.3754,2026-03-01
7364,2025-10-02,0.4033,2026-04-01
7365,2025-10-02,0.3968,2026-04-01
7366,2025-10-02,0.2939,2026-05-01
7367,2025-10-02,0.2918,2026-05-01
7368,2025-10-02,0.2595,2026-06-01
7369,2025-10-02,0.2485,2026-06-01
7370,2025-10-02,0.2226,2026-07-01
7371,2025-10-02,0.2359,2026-07-01
7372,2025-10-02,0.1909,2026-08-01
7373,2025-10-02,0.1873,2026-08-01
7374,2025-10-02,0.2698,2026-09-01
7375,2025-10-02,0.2796,2026-09-01
7376,2025-10-02,0.342,2026-10-01
7377,2025-10-02,0.3482,2026-10-01
7378,2025-10-02,0.2978,2026-11-01
7379,2025-10-02,0.3129,2026-11-01
7380,2025-10-02,0.496,2026-12-01
7381,2025-10-02,0.5027,2026-12-01
7382,2025-10-02,0.3846,2027-01-01
7383,2025-10-02,0.393,2027-01-01
7384,2025-10-02,0.5603,2027-02-01
7385,2025-10-02,0.5557,2027-02-01
7386,2025-10-02,0.3475,2027-03-01
7387,2025-10-02,0.353,2027-03-01
7388,2025-10-02,0.3518,2027-04-01
7389,2025-10-02,0.3588,2027-04-01
7390,2025-10-02,0.2663,2027-05-01
7391,2025-10-02,0.2683,2027-05-01
7392,2025-10-02,0.2181,2027-06-01
7393,2025-10-02,0.2263,2027-06-01
7394,2025-10-02,0.2125,2027-07-01
7395,2025-10-02,0.2146,2027-07-01
7396,2025-10-02,0.1683,2027-08-01
7397,2025-10-02,0.1715,2027-08-01
7398,2025-10-02,0.2892,2027-09-01
7399,2025-10-02,0.2786,2027-09-01
7400,2025-10-03,0.5469,2025-09-01
7401,2025-10-03,0.5484,2025-09-01
7402,2025-10-03,0.2814,2025-10-01
7403,2025-10-03,0.3011,2025-10-01
7404,2025-10-03,0.2597,2025-11-01
7405,2025-10-03,0.2525,2025-11-01
7406,2025-10-03,0.5013,2025-12-01
7407,2025-10-03,0.4955,2025-12-01
7408,2025-10-03,0.437,2026-01-01
7409,2025-10-03,0.4469,2026-01-01
7410,2025-10-03,0.6152,2026-02-01
7411,2025-10-03,0.5964,2026-02-01
7412,2025-10-03,0.3778,2026-03-01
7413,2025-10-03,0.3762,2026-03-01
7414,2025-10-03,0.3985,2026-04-01
7415,2025-10-03,0.3966,2026-04-01
7416,2025-10-03,0.3022,2026-05-01
7417,2025-10-03,0.2914,2026-05-01
7418,2025-10-03,0.2571,2026-06-01
7419,2025-10-03,0.2479,2026-06-01
7420,2025-10-03,0.229,2026-07-01
7421,2025-10-03,0.2347,2026-07-01
7422,2025-10-03,0.1925,2026-08-01
7423,2025-10-03,0.1861,2026-08-01
7424,2025-10-03,0.2714,2026-09-01
7425,2025-10-03,0.2797,2026-09-01
7426,2025-10-03,0.3491,2026-10-01
7427,2025-10-03,0.3495,2026-10-01
7428,2025-10-03,0.3038,2026-11-01
7429,2025-10-03,0.3134,2026-11-01
7430,2025-10-03,0.4836,2026-12-01
7431,2025-10-03,0.5024,2026-12-01
7432,2025-10-03,0.3783,2027-01-01
7433,2025-10-03,0.3937,2027-01-01
7434,2025-10-03,0.5527,2027-02-01
7435,2025-10-03,0.5563,2027-02-01
7436,2025-10-03,0.3434,2027-03-01
7437,2025-10-03,0.3524,2027-03-01
7438,2025-10-03,0.3558,2027-04-01
7439,2025-10-03,0.3592,2027-04-01
7440,2025-10-03,0.2713,2027-05-01
7441,2025-10-03,0.2688,2027-05-01
7442,2025-10-03,0.2137,2027-06-01
7443,2025-10-03,0.2237,2027-06-01
7444,2025-10-03,0.2084,2027-07-01
7445,2025-10-03,0.2123,2027-07-01
7446,2025-10-03,0.1629,2027-08-01
7447,2025-10-03,0.1676,2027-08-01
7448,2025-10-03,0.284,2027-09-01
7449,2025-10-03,0.2752,2027-09-01
7450,2025-10-06,0.5527,2025-09-01
7451,2025-10-06,0.5474,2025-09-01
7452,2025-10-06,0.2864,2025-10-01
7453,2025-10-06,0.2998,2025-10-01
7454,2025-10-06,0.2393,2025-11-01
7455,2025-10-06,0.2519,2025-11-01
7456,2025-10-06,0.5088,2025-12-01
7457,2025-10-06,0.4975,2025-12-01
7458,2025-10-06,0.4397,2026-01-01
7459,2025-10-06,0.4465,2026-01-01
7460,2025-10-06,0.6137,2026-02-01
7461,2025-10-06,0.596,2026-02-01
7462,2025-10-06,0.3747,2026-03-01
7463,2025-10-06,0.3754,2026-03-01
7464,2025-10-06,0.3939,2026-04-01
7465,2025-10-06,0.3956,2026-04-01
7466,2025-10-06,0.2956,2026-05-01
7467,2025-10-06,0.2909,2026-05-01
7468,2025-10-06,0.2539,2026-06-01
7469,2025-10-06,0.2479,2026-06-01
7470,2025-10-06,0.2209,2026-07-01
7471,2025-10-06,0.2354,2026-07-01
7472,2025-10-06,0.182,2026-08-01
7473,2025-10-06,0.1849,2026-08-01
7474,2025-10-06,0.2712,2026-09-01
7475,2025-10-06,0.2805,2026-09-01
7476,2025-10-06,0.3528,2026-10-01
7477,2025-10-06,0.3474,2026-10-01
7478,2025-10-06,0.3023,2026-11-01
7479,2025-10-06,0.3124,2026-11-01
7480,2025-10-06,0.4973,2026-12-01
7481,2025-10-06,0.5014,2026-12-01
7482,2025-10-06,0.3902,2027-01-01
7483,2025-10-06,0.3934,2027-01-01
7484,2025-10-06,0.575,2027-02-01
7485,2025-10-06,0.556,2027-02-01
7486,2025-10-06,0.3597,2027-03-01
7487,2025-10-06,0.3531,2027-03-01
7488,2025-10-06,0.3544,2027-04-01
7489,2025-10-06,0.358,2027-04-01
7490,2025-10-06,0.2718,2027-05-01
7491,2025-10-06,0.2679,2027-05-01
7492,2025-10-06,0.2118,2027-06-01
7493,2025-10-06,0.2239,2027-06-01
7494,2025-10-06,0.205,2027-07-01
7495,2025-10-06,0.2123,2027-07-01
7496,2025-10-06,0.1521,2027-08-01
7497,2025-10-06,0.1666,2027-08-01
7498,2025-10-06,0.275,2027-09-01
7499,2025-10-06,0.2757,2027-09-01
7500,2025-10-07,0.551,2025-09-01
7501,2025-10-07,0.547,2025-09-01
7502,2025-10-07,0.2846,2025-10-01
7503,2025-10-07,0.2989,2025-10-01
7504,2025-10-07,0.2389,2025-11-01
7505,2025-10-07,0.2524,2025-11-01
7506,2025-10-07,0.5072,2025-12-01
7507,2025-10-07,0.4978,2025-12-01
7508,2025-10-07,0.4318,2026-01-01
7509,2025-10-07,0.4465,2026-01-01
7510,2025-10-07,0.6122,2026-02-01
7511,2025-10-07,0.596,2026-02-01
7512,2025-10-07,0.3738,2026-03-01
7513,2025-10-07,0.3754,2026-03-01
7514,2025-10-07,0.3971,2026-04-01
7515,2025-10-07,0.3956,2026-04-01
7516,2025-10-07,0.2948,2026-05-01
7517,2025-10-07,0.2909,2026-05-01
7518,2025-10-07,0.2559,2026-06-01
7519,2025-10-07,0.2479,2026-06-01
7520,2025-10-07,0.2194,2026-07-01
7521,2025-10-07,0.2354,2026-07-01
7522,2025-10-07,0.1816,2026-08-01
7523,2025-10-07,0.1849,2026-08-01
7524,2025-10-07,0.2719,2026-09-01
7525,2025-10-07,0.2805,2026-09-01
7526,2025-10-07,0.3466,2026-10-01
7527,2025-10-07,0.3474,2026-10-01
7528,2025-10-07,0.2969,2026-11-01
7529,2025-10-07,0.3124,2026-11-01
7530,2025-10-07,0.5006,2026-12-01
7531,2025-10-07,0.5014,2026-12-01
7532,2025-10-07,0.3948,2027-01-01
7533,2025-10-07,0.3934,2027-01-01
7534,2025-10-07,0.5869,2027-02-01
7535,2025-10-07,0.556,2027-02-01
7536,2025-10-07,0.3646,2027-03-01
7537,2025-10-07,0.3531,2027-03-01
7538,2025-10-07,0.3576,2027-04-01
7539,2025-10-07,0.358,2027-04-01
7540,2025-10-07,0.2743,2027-05-01
7541,2025-10-07,0.2679,2027-05-01
7542,2025-10-07,0.2144,2027-06-01
7543,2025-10-07,0.2239,2027-06-01
7544,2025-10-07,0.2075,2027-07-01
7545,2025-10-07,0.2123,2027-07-01
7546,2025-10-07,0.1494,2027-08-01
7547,2025-10-07,0.1666,2027-08-01
7548,2025-10-07,0.2773,2027-09-01
7549,2025-10-07,0.2757,2027-09-01
7550,2025-10-08,0.5505,2025-09-01
7551,2025-10-08,0.5467,2025-09-01
7552,2025-10-08,0.2889,2025-10-01
7553,2025-10-08,0.2985,2025-10-01
7554,2025-10-08,0.2341,2025-11-01
7555,2025-10-08,0.2526,2025-11-01
7556,2025-10-08,0.5098,2025-12-01
7557,2025-10-08,0.4976,2025-12-01
7558,2025-10-08,0.4331,2026-01-01
7559,2025-10-08,0.4467,2026-01-01
7560,2025-10-08,0.6112,2026-02-01
7561,2025-10-08,0.5959,2026-02-01
7562,2025-10-08,0.3697,2026-03-01
7563,2025-10-08,0.3753,2026-03-01
7564,2025-10-08,0.3989,2026-04-01
7565,2025-10-08,0.3958,2026-04-01
7566,2025-10-08,0.2934,2026-05-01
7567,2025-10-08,0.2909,2026-05-01
7568,2025-10-08,0.248,2026-06-01
7569,2025-10-08,0.2478,2026-06-01
7570,2025-10-08,0.2174,2026-07-01
7571,2025-10-08,0.2353,2026-07-01
7572,2025-10-08,0.1784,2026-08-01
7573,2025-10-08,0.1849,2026-08-01
7574,2025-10-08,0.2725,2026-09-01
7575,2025-10-08,0.2804,2026-09-01
7576,2025-10-08,0.3493,2026-10-01
7577,2025-10-08,0.3473,2026-10-01
7578,2025-10-08,0.2963,2026-11-01
7579,2025-10-08,0.3125,2026-11-01
7580,2025-10-08,0.503,2026-12-01
7581,2025-10-08,0.5021,2026-12-01
7582,2025-10-08,0.385,2027-01-01
7583,2025-10-08,0.3935,2027-01-01
7584,2025-10-08,0.5839,2027-02-01
7585,2025-10-08,0.556,2027-02-01
7586,2025-10-08,0.3578,2027-03-01
7587,2025-10-08,0.353,2027-03-01
7588,2025-10-08,0.3501,2027-04-01
7589,2025-10-08,0.358,2027-04-01
7590,2025-10-08,0.2703,2027-05-01
7591,2025-10-08,0.2682,2027-05-01
7592,2025-10-08,0.2069,2027-06-01
7593,2025-10-08,0.2242,2027-06-01
7594,2025-10-08,0.204,2027-07-01
7595,2025-10-08,0.2124,2027-07-01
7596,2025-10-08,0.1443,2027-08-01
7597,2025-10-08,0.1666,2027-08-01
7598,2025-10-08,0.2762,2027-09-01
7599,2025-10-08,0.2748,2027-09-01
7600,2025-10-09,0.2678,2025-10-01
7601,2025-10-09,0.2919,2025-10-01
7602,2025-10-09,0.2457,2025-11-01
7603,2025-10-09,0.2508,2025-11-01
7604,2025-10-09,0.5235,2025-12-01
7605,2025-10-09,0.5064,2025-12-01
7606,2025-10-09,0.4401,2026-01-01
7607,2025-10-09,0.4467,2026-01-01
7608,2025-10-09,0.619,2026-02-01
7609,2025-10-09,0.5962,2026-02-01
7610,2025-10-09,0.3838,2026-03-01
7611,2025-10-09,0.3753,2026-03-01
7612,2025-10-09,0.3972,2026-04-01
7613,2025-10-09,0.3958,2026-04-01
7614,2025-10-09,0.2926,2026-05-01
7615,2025-10-09,0.2911,2026-05-01
7616,2025-10-09,0.2497,2026-06-01
7617,2025-10-09,0.2476,2026-06-01
7618,2025-10-09,0.211,2026-07-01
7619,2025-10-09,0.2353,2026-07-01
7620,2025-10-09,0.175,2026-08-01
7621,2025-10-09,0.185,2026-08-01
7622,2025-10-09,0.2668,2026-09-01
7623,2025-10-09,0.2802,2026-09-01
7624,2025-10-09,0.3504,2026-10-01
7625,2025-10-09,0.347,2026-10-01
7626,2025-10-09,0.3039,2026-11-01
7627,2025-10-09,0.3126,2026-11-01
7628,2025-10-09,0.4969,2026-12-01
7629,2025-10-09,0.4992,2026-12-01
7630,2025-10-09,0.3637,2027-01-01
7631,2025-10-09,0.3938,2027-01-01
7632,2025-10-09,0.5768,2027-02-01
7633,2025-10-09,0.5557,2027-02-01
7634,2025-10-09,0.352,2027-03-01
7635,2025-10-09,0.3532,2027-03-01
7636,2025-10-09,0.3394,2027-04-01
7637,2025-10-09,0.3577,2027-04-01
7638,2025-10-09,0.2557,2027-05-01
7639,2025-10-09,0.2683,2027-05-01
7640,2025-10-09,0.2067,2027-06-01
7641,2025-10-09,0.2242,2027-06-01
7642,2025-10-09,0.1969,2027-07-01
7643,2025-10-09,0.2117,2027-07-01
7644,2025-10-09,0.1381,2027-08-01
7645,2025-10-09,0.1662,2027-08-01
7646,2025-10-09,0.2666,2027-09-01
7647,2025-10-09,0.2746,2027-09-01
7648,2025-10-09,0.3105,2027-10-01
7649,2025-10-09,0.3105,2027-10-01
7650,2025-10-10,0.2359,2025-10-01
7651,2025-10-10,0.276,2025-10-01
7652,2025-10-10,0.267,2025-11-01
7653,2025-10-10,0.256,2025-11-01
7654,2025-10-10,0.4981,2025-12-01
7655,2025-10-10,0.5016,2025-12-01
7656,2025-10-10,0.449,2026-01-01
7657,2025-10-10,0.444,2026-01-01
7658,2025-10-10,0.5908,2026-02-01
7659,2025-10-10,0.5944,2026-02-01
7660,2025-10-10,0.3688,2026-03-01
7661,2025-10-10,0.373,2026-03-01
7662,2025-10-10,0.39,2026-04-01
7663,2025-10-10,0.3934,2026-04-01
7664,2025-10-10,0.291,2026-05-01
7665,2025-10-10,0.2928,2026-05-01
7666,2025-10-10,0.2547,2026-06-01
7667,2025-10-10,0.2515,2026-06-01
7668,2025-10-10,0.2221,2026-07-01
7669,2025-10-10,0.2381,2026-07-01
7670,2025-10-10,0.1726,2026-08-01
7671,2025-10-10,0.1905,2026-08-01
7672,2025-10-10,0.2715,2026-09-01
7673,2025-10-10,0.2803,2026-09-01
7674,2025-10-10,0.3378,2026-10-01
7675,2025-10-10,0.3404,2026-10-01
7676,2025-10-10,0.3034,2026-11-01
7677,2025-10-10,0.3103,2026-11-01
7678,2025-10-10,0.5058,2026-12-01
7679,2025-10-10,0.5011,2026-12-01
7680,2025-10-10,0.3809,2027-01-01
7681,2025-10-10,0.3932,2027-01-01
7682,2025-10-10,0.5632,2027-02-01
7683,2025-10-10,0.5562,2027-02-01
7684,2025-10-10,0.3503,2027-03-01
7685,2025-10-10,0.3516,2027-03-01
7686,2025-10-10,0.3377,2027-04-01
7687,2025-10-10,0.3553,2027-04-01
7688,2025-10-10,0.2558,2027-05-01
7689,2025-10-10,0.2672,2027-05-01
7690,2025-10-10,0.2107,2027-06-01
7691,2025-10-10,0.2239,2027-06-01
7692,2025-10-10,0.2091,2027-07-01
7693,2025-10-10,0.214,2027-07-01
7694,2025-10-10,0.139,2027-08-01
7695,2025-10-10,0.1679,2027-08-01
7696,2025-10-10,0.2686,2027-09-01
7697,2025-10-10,0.274,2027-09-01
7698,2025-10-10,0.335,2027-10-01
7699,2025-10-10,0.335,2027-10-01
7700,2025-10-13,0.2314,2025-10-01
7701,2025-10-13,0.2676,2025-10-01
7702,2025-10-13,0.2659,2025-11-01
7703,2025-10-13,0.2556,2025-11-01
7704,2025-10-13,0.4936,2025-12-01
7705,2025-10-13,0.4989,2025-12-01
7706,2025-10-13,0.4511,2026-01-01
7707,2025-10-13,0.4449,2026-01-01
7708,2025-10-13,0.5983,2026-02-01
7709,2025-10-13,0.5967,2026-02-01
7710,2025-10-13,0.3703,2026-03-01
7711,2025-10-13,0.3695,2026-03-01
7712,2025-10-13,0.3931,2026-04-01
7713,2025-10-13,0.3936,2026-04-01
7714,2025-10-13,0.2925,2026-05-01
7715,2025-10-13,0.2923,2026-05-01
7716,2025-10-13,0.2569,2026-06-01
7717,2025-10-13,0.2503,2026-06-01
7718,2025-10-13,0.2272,2026-07-01
7719,2025-10-13,0.2371,2026-07-01
7720,2025-10-13,0.1803,2026-08-01
7721,2025-10-13,0.1908,2026-08-01
7722,2025-10-13,0.2723,2026-09-01
7723,2025-10-13,0.2781,2026-09-01
7724,2025-10-13,0.3396,2026-10-01
7725,2025-10-13,0.3368,2026-10-01
7726,2025-10-13,0.3051,2026-11-01
7727,2025-10-13,0.3074,2026-11-01
7728,2025-10-13,0.5002,2026-12-01
7729,2025-10-13,0.4979,2026-12-01
7730,2025-10-13,0.3823,2027-01-01
7731,2025-10-13,0.3935,2027-01-01
7732,2025-10-13,0.5638,2027-02-01
7733,2025-10-13,0.5604,2027-02-01
7734,2025-10-13,0.3429,2027-03-01
7735,2025-10-13,0.3522,2027-03-01
7736,2025-10-13,0.3427,2027-04-01
7737,2025-10-13,0.3557,2027-04-01
7738,2025-10-13,0.2518,2027-05-01
7739,2025-10-13,0.2669,2027-05-01
7740,2025-10-13,0.2201,2027-06-01
7741,2025-10-13,0.2222,2027-06-01
7742,2025-10-13,0.22,2027-07-01
7743,2025-10-13,0.213,2027-07-01
7744,2025-10-13,0.1539,2027-08-01
7745,2025-10-13,0.1632,2027-08-01
7746,2025-10-13,0.2759,2027-09-01
7747,2025-10-13,0.2731,2027-09-01
7748,2025-10-13,0.3431,2027-10-01
7749,2025-10-13,0.3431,2027-10-01
7750,2025-10-14,0.2295,2025-10-01
7751,2025-10-14,0.2667,2025-10-01
7752,2025-10-14,0.2676,2025-11-01
7753,2025-10-14,0.2563,2025-11-01
7754,2025-10-14,0.4944,2025-12-01
7755,2025-10-14,0.4989,2025-12-01
7756,2025-10-14,0.4535,2026-01-01
7757,2025-10-14,0.4449,2026-01-01
7758,2025-10-14,0.6011,2026-02-01
7759,2025-10-14,0.5967,2026-02-01
7760,2025-10-14,0.372,2026-03-01
7761,2025-10-14,0.3695,2026-03-01
7762,2025-10-14,0.3919,2026-04-01
7763,2025-10-14,0.3936,2026-04-01
7764,2025-10-14,0.2928,2026-05-01
7765,2025-10-14,0.2923,2026-05-01
7766,2025-10-14,0.2551,2026-06-01
7767,2025-10-14,0.2503,2026-06-01
7768,2025-10-14,0.2265,2026-07-01
7769,2025-10-14,0.2371,2026-07-01
7770,2025-10-14,0.1824,2026-08-01
7771,2025-10-14,0.1908,2026-08-01
7772,2025-10-14,0.2731,2026-09-01
7773,2025-10-14,0.2781,2026-09-01
7774,2025-10-14,0.338,2026-10-01
7775,2025-10-14,0.3368,2026-10-01
7776,2025-10-14,0.3067,2026-11-01
7777,2025-10-14,0.3074,2026-11-01
7778,2025-10-14,0.4989,2026-12-01
7779,2025-10-14,0.4979,2026-12-01
7780,2025-10-14,0.3852,2027-01-01
7781,2025-10-14,0.3935,2027-01-01
7782,2025-10-14,0.572,2027-02-01
7783,2025-10-14,0.5604,2027-02-01
7784,2025-10-14,0.341,2027-03-01
7785,2025-10-14,0.3522,2027-03-01
7786,2025-10-14,0.3425,2027-04-01
7787,2025-10-14,0.3557,2027-04-01
7788,2025-10-14,0.2529,2027-05-01
7789,2025-10-14,0.2669,2027-05-01
7790,2025-10-14,0.2178,2027-06-01
7791,2025-10-14,0.2222,2027-06-01
7792,2025-10-14,0.2169,2027-07-01
7793,2025-10-14,0.213,2027-07-01
7794,2025-10-14,0.1531,2027-08-01
7795,2025-10-14,0.1632,2027-08-01
7796,2025-10-14,0.2712,2027-09-01
7797,2025-10-14,0.2731,2027-09-01
7798,2025-10-14,0.3417,2027-10-01
7799,2025-10-14,0.3417,2027-10-01
7800,2025-10-15,0.2306,2025-10-01
7801,2025-10-15,0.2684,2025-10-01
7802,2025-10-15,0.2671,2025-11-01
7803,2025-10-15,0.2554,2025-11-01
7804,2025-10-15,0.4954,2025-12-01
7805,2025-10-15,0.4993,2025-12-01
7806,2025-10-15,0.4532,2026-01-01
7807,2025-10-15,0.4449,2026-01-01
7808,2025-10-15,0.6015,2026-02-01
7809,2025-10-15,0.5967,2026-02-01
7810,2025-10-15,0.3719,2026-03-01
7811,2025-10-15,0.3695,2026-03-01
7812,2025-10-15,0.3916,2026-04-01
7813,2025-10-15,0.3936,2026-04-01
7814,2025-10-15,0.2927,2026-05-01
7815,2025-10-15,0.2923,2026-05-01
7816,2025-10-15,0.2575,2026-06-01
7817,2025-10-15,0.2503,2026-06-01
7818,2025-10-15,0.2293,2026-07-01
7819,2025-10-15,0.2371,2026-07-01
7820,2025-10-15,0.1847,2026-08-01
7821,2025-10-15,0.1908,2026-08-01
7822,2025-10-15,0.2755,2026-09-01
7823,2025-10-15,0.2781,2026-09-01
7824,2025-10-15,0.3395,2026-10-01
7825,2025-10-15,0.3368,2026-10-01
7826,2025-10-15,0.3087,2026-11-01
7827,2025-10-15,0.3074,2026-11-01
7828,2025-10-15,0.5001,2026-12-01
7829,2025-10-15,0.4979,2026-12-01
7830,2025-10-15,0.3896,2027-01-01
7831,2025-10-15,0.3935,2027-01-01
7832,2025-10-15,0.5748,2027-02-01
7833,2025-10-15,0.5604,2027-02-01
7834,2025-10-15,0.3423,2027-03-01
7835,2025-10-15,0.3522,2027-03-01
7836,2025-10-15,0.3434,2027-04-01
7837,2025-10-15,0.3557,2027-04-01
7838,2025-10-15,0.2529,2027-05-01
7839,2025-10-15,0.2669,2027-05-01
7840,2025-10-15,0.2184,2027-06-01
7841,2025-10-15,0.2222,2027-06-01
7842,2025-10-15,0.2186,2027-07-01
7843,2025-10-15,0.213,2027-07-01
7844,2025-10-15,0.1542,2027-08-01
7845,2025-10-15,0.1632,2027-08-01
7846,2025-10-15,0.273,2027-09-01
7847,2025-10-15,0.2731,2027-09-01
7848,2025-10-15,0.3417,2027-10-01
7849,2025-10-15,0.3417,2027-10-01
7850,2025-10-16,0.2296,2025-10-01
7851,2025-10-16,0.268,2025-10-01
7852,2025-10-16,0.2629,2025-11-01
7853,2025-10-16,0.2552,2025-11-01
7854,2025-10-16,0.4991,2025-12-01
7855,2025-10-16,0.4985,2025-12-01
7856,2025-10-16,0.4534,2026-01-01
7857,2025-10-16,0.444,2026-01-01
7858,2025-10-16,0.6045,2026-02-01
7859,2025-10-16,0.5967,2026-02-01
7860,2025-10-16,0.3682,2026-03-01
7861,2025-10-16,0.3692,2026-03-01
7862,2025-10-16,0.3906,2026-04-01
7863,2025-10-16,0.3927,2026-04-01
7864,2025-10-16,0.2863,2026-05-01
7865,2025-10-16,0.2917,2026-05-01
7866,2025-10-16,0.25,2026-06-01
7867,2025-10-16,0.2504,2026-06-01
7868,2025-10-16,0.228,2026-07-01
7869,2025-10-16,0.237,2026-07-01
7870,2025-10-16,0.1791,2026-08-01
7871,2025-10-16,0.1902,2026-08-01
7872,2025-10-16,0.2707,2026-09-01
7873,2025-10-16,0.2772,2026-09-01
7874,2025-10-16,0.3333,2026-10-01
7875,2025-10-16,0.3365,2026-10-01
7876,2025-10-16,0.3075,2026-11-01
7877,2025-10-16,0.3072,2026-11-01
7878,2025-10-16,0.5068,2026-12-01
7879,2025-10-16,0.4974,2026-12-01
7880,2025-10-16,0.3923,2027-01-01
7881,2025-10-16,0.3927,2027-01-01
7882,2025-10-16,0.5712,2027-02-01
7883,2025-10-16,0.5604,2027-02-01
7884,2025-10-16,0.3438,2027-03-01
7885,2025-10-16,0.3532,2027-03-01
7886,2025-10-16,0.3498,2027-04-01
7887,2025-10-16,0.3561,2027-04-01
7888,2025-10-16,0.2532,2027-05-01
7889,2025-10-16,0.2673,2027-05-01
7890,2025-10-16,0.2117,2027-06-01
7891,2025-10-16,0.2223,2027-06-01
7892,2025-10-16,0.2149,2027-07-01
7893,2025-10-16,0.2122,2027-07-01
7894,2025-10-16,0.146,2027-08-01
7895,2025-10-16,0.1642,2027-08-01
7896,2025-10-16,0.2697,2027-09-01
7897,2025-10-16,0.2722,2027-09-01
7898,2025-10-16,0.3301,2027-10-01
7899,2025-10-16,0.328,2027-10-01
7900,2025-10-17,0.2395,2025-10-01
7901,2025-10-17,0.2618,2025-10-01
7902,2025-10-17,0.2613,2025-11-01
7903,2025-10-17,0.2547,2025-11-01
7904,2025-10-17,0.5042,2025-12-01
7905,2025-10-17,0.4965,2025-12-01
7906,2025-10-17,0.4494,2026-01-01
7907,2025-10-17,0.4447,2026-01-01
7908,2025-10-17,0.6218,2026-02-01
7909,2025-10-17,0.5966,2026-02-01
7910,2025-10-17,0.377,2026-03-01
7911,2025-10-17,0.3696,2026-03-01
7912,2025-10-17,0.3951,2026-04-01
7913,2025-10-17,0.3927,2026-04-01
7914,2025-10-17,0.2907,2026-05-01
7915,2025-10-17,0.2898,2026-05-01
7916,2025-10-17,0.2407,2026-06-01
7917,2025-10-17,0.2481,2026-06-01
7918,2025-10-17,0.2195,2026-07-01
7919,2025-10-17,0.237,2026-07-01
7920,2025-10-17,0.183,2026-08-01
7921,2025-10-17,0.1904,2026-08-01
7922,2025-10-17,0.2681,2026-09-01
7923,2025-10-17,0.2779,2026-09-01
7924,2025-10-17,0.3335,2026-10-01
7925,2025-10-17,0.337,2026-10-01
7926,2025-10-17,0.3211,2026-11-01
7927,2025-10-17,0.3065,2026-11-01
7928,2025-10-17,0.5041,2026-12-01
7929,2025-10-17,0.4959,2026-12-01
7930,2025-10-17,0.3982,2027-01-01
7931,2025-10-17,0.3921,2027-01-01
7932,2025-10-17,0.5828,2027-02-01
7933,2025-10-17,0.5605,2027-02-01
7934,2025-10-17,0.348,2027-03-01
7935,2025-10-17,0.3533,2027-03-01
7936,2025-10-17,0.3473,2027-04-01
7937,2025-10-17,0.3561,2027-04-01
7938,2025-10-17,0.2532,2027-05-01
7939,2025-10-17,0.2653,2027-05-01
7940,2025-10-17,0.2042,2027-06-01
7941,2025-10-17,0.2201,2027-06-01
7942,2025-10-17,0.2026,2027-07-01
7943,2025-10-17,0.2115,2027-07-01
7944,2025-10-17,0.1604,2027-08-01
7945,2025-10-17,0.1627,2027-08-01
7946,2025-10-17,0.273,2027-09-01
7947,2025-10-17,0.2709,2027-09-01
7948,2025-10-17,0.3252,2027-10-01
7949,2025-10-17,0.3283,2027-10-01
7950,2025-10-20,0.2393,2025-10-01
7951,2025-10-20,0.2484,2025-10-01
7952,2025-10-20,0.2422,2025-11-01
7953,2025-10-20,0.2505,2025-11-01
7954,2025-10-20,0.505,2025-12-01
7955,2025-10-20,0.4971,2025-12-01
7956,2025-10-20,0.4508,2026-01-01
7957,2025-10-20,0.4462,2026-01-01
7958,2025-10-20,0.6066,2026-02-01
7959,2025-10-20,0.6013,2026-02-01
7960,2025-10-20,0.3776,2026-03-01
7961,2025-10-20,0.3786,2026-03-01
7962,2025-10-20,0.4056,2026-04-01
7963,2025-10-20,0.396,2026-04-01
7964,2025-10-20,0.2839,2026-05-01
7965,2025-10-20,0.2876,2026-05-01
7966,2025-10-20,0.2409,2026-06-01
7967,2025-10-20,0.249,2026-06-01
7968,2025-10-20,0.2228,2026-07-01
7969,2025-10-20,0.2353,2026-07-01
7970,2025-10-20,0.1721,2026-08-01
7971,2025-10-20,0.1828,2026-08-01
7972,2025-10-20,0.2554,2026-09-01
7973,2025-10-20,0.2691,2026-09-01
7974,2025-10-20,0.3403,2026-10-01
7975,2025-10-20,0.3398,2026-10-01
7976,2025-10-20,0.3132,2026-11-01
7977,2025-10-20,0.3083,2026-11-01
7978,2025-10-20,0.5018,2026-12-01
7979,2025-10-20,0.4981,2026-12-01
7980,2025-10-20,0.3961,2027-01-01
7981,2025-10-20,0.3896,2027-01-01
7982,2025-10-20,0.5754,2027-02-01
7983,2025-10-20,0.562,2027-02-01
7984,2025-10-20,0.3645,2027-03-01
7985,2025-10-20,0.3614,2027-03-01
7986,2025-10-20,0.3604,2027-04-01
7987,2025-10-20,0.3494,2027-04-01
7988,2025-10-20,0.2566,2027-05-01
7989,2025-10-20,0.2571,2027-05-01
7990,2025-10-20,0.1996,2027-06-01
7991,2025-10-20,0.2132,2027-06-01
7992,2025-10-20,0.1864,2027-07-01
7993,2025-10-20,0.2084,2027-07-01
7994,2025-10-20,0.1504,2027-08-01
7995,2025-10-20,0.1562,2027-08-01
7996,2025-10-20,0.2703,2027-09-01
7997,2025-10-20,0.2733,2027-09-01
7998,2025-10-20,0.3368,2027-10-01
7999,2025-10-20,0.3403,2027-10-01
8000,2025-10-21,0.2373,2025-10-01
8001,2025-10-21,0.2445,2025-10-01
8002,2025-10-21,0.229,2025-11-01
8003,2025-10-21,0.2467,2025-11-01
8004,2025-10-21,0.4995,2025-12-01
8005,2025-10-21,0.4985,2025-12-01
8006,2025-10-21,0.443,2026-01-01
8007,2025-10-21,0.4463,2026-01-01
8008,2025-10-21,0.6077,2026-02-01
8009,2025-10-21,0.6003,2026-02-01
8010,2025-10-21,0.3777,2026-03-01
8011,2025-10-21,0.3786,2026-03-01
8012,2025-10-21,0.4066,2026-04-01
8013,2025-10-21,0.3965,2026-04-01
8014,2025-10-21,0.2784,2026-05-01
8015,2025-10-21,0.2875,2026-05-01
8016,2025-10-21,0.2463,2026-06-01
8017,2025-10-21,0.249,2026-06-01
8018,2025-10-21,0.2236,2026-07-01
8019,2025-10-21,0.2348,2026-07-01
8020,2025-10-21,0.1755,2026-08-01
8021,2025-10-21,0.1832,2026-08-01
8022,2025-10-21,0.2611,2026-09-01
8023,2025-10-21,0.2691,2026-09-01
8024,2025-10-21,0.3383,2026-10-01
8025,2025-10-21,0.3394,2026-10-01
8026,2025-10-21,0.3047,2026-11-01
8027,2025-10-21,0.3083,2026-11-01
8028,2025-10-21,0.4957,2026-12-01
8029,2025-10-21,0.4988,2026-12-01
8030,2025-10-21,0.3874,2027-01-01
8031,2025-10-21,0.3894,2027-01-01
8032,2025-10-21,0.5729,2027-02-01
8033,2025-10-21,0.5618,2027-02-01
8034,2025-10-21,0.3644,2027-03-01
8035,2025-10-21,0.361,2027-03-01
8036,2025-10-21,0.3589,2027-04-01
8037,2025-10-21,0.349,2027-04-01
8038,2025-10-21,0.2509,2027-05-01
8039,2025-10-21,0.2569,2027-05-01
8040,2025-10-21,0.2015,2027-06-01
8041,2025-10-21,0.213,2027-06-01
8042,2025-10-21,0.1897,2027-07-01
8043,2025-10-21,0.2082,2027-07-01
8044,2025-10-21,0.1384,2027-08-01
8045,2025-10-21,0.156,2027-08-01
8046,2025-10-21,0.2748,2027-09-01
8047,2025-10-21,0.273,2027-09-01
8048,2025-10-21,0.3341,2027-10-01
8049,2025-10-21,0.3369,2027-10-01
8050,2025-10-22,0.2346,2025-10-01
8051,2025-10-22,0.2442,2025-10-01
8052,2025-10-22,0.2297,2025-11-01
8053,2025-10-22,0.2455,2025-11-01
8054,2025-10-22,0.501,2025-12-01
8055,2025-10-22,0.4989,2025-12-01
8056,2025-10-22,0.446,2026-01-01
8057,2025-10-22,0.4463,2026-01-01
8058,2025-10-22,0.6079,2026-02-01
8059,2025-10-22,0.6003,2026-02-01
8060,2025-10-22,0.3773,2026-03-01
8061,2025-10-22,0.3786,2026-03-01
8062,2025-10-22,0.4056,2026-04-01
8063,2025-10-22,0.3965,2026-04-01
8064,2025-10-22,0.279,2026-05-01
8065,2025-10-22,0.2875,2026-05-01
8066,2025-10-22,0.2475,2026-06-01
8067,2025-10-22,0.249,2026-06-01
8068,2025-10-22,0.2225,2026-07-01
8069,2025-10-22,0.2348,2026-07-01
8070,2025-10-22,0.1759,2026-08-01
8071,2025-10-22,0.1832,2026-08-01
8072,2025-10-22,0.2591,2026-09-01
8073,2025-10-22,0.2691,2026-09-01
8074,2025-10-22,0.3361,2026-10-01
8075,2025-10-22,0.3389,2026-10-01
8076,2025-10-22,0.3039,2026-11-01
8077,2025-10-22,0.3079,2026-11-01
8078,2025-10-22,0.4957,2026-12-01
8079,2025-10-22,0.4989,2026-12-01
8080,2025-10-22,0.3876,2027-01-01
8081,2025-10-22,0.3894,2027-01-01
8082,2025-10-22,0.5703,2027-02-01
8083,2025-10-22,0.5618,2027-02-01
8084,2025-10-22,0.363,2027-03-01
8085,2025-10-22,0.361,2027-03-01
8086,2025-10-22,0.3565,2027-04-01
8087,2025-10-22,0.349,2027-04-01
8088,2025-10-22,0.2509,2027-05-01
8089,2025-10-22,0.2569,2027-05-01
8090,2025-10-22,0.2015,2027-06-01
8091,2025-10-22,0.213,2027-06-01
8092,2025-10-22,0.1877,2027-07-01
8093,2025-10-22,0.207,2027-07-01
8094,2025-10-22,0.1375,2027-08-01
8095,2025-10-22,0.1554,2027-08-01
8096,2025-10-22,0.2742,2027-09-01
8097,2025-10-22,0.273,2027-09-01
8098,2025-10-22,0.3303,2027-10-01
8099,2025-10-22,0.334,2027-10-01
8100,2025-10-23,0.2325,2025-10-01
8101,2025-10-23,0.2413,2025-10-01
8102,2025-10-23,0.229,2025-11-01
8103,2025-10-23,0.2448,2025-11-01
8104,2025-10-23,0.5033,2025-12-01
8105,2025-10-23,0.4962,2025-12-01
8106,2025-10-23,0.4497,2026-01-01
8107,2025-10-23,0.446,2026-01-01
8108,2025-10-23,0.61,2026-02-01
8109,2025-10-23,0.598,2026-02-01
8110,2025-10-23,0.3764,2026-03-01
8111,2025-10-23,0.3779,2026-03-01
8112,2025-10-23,0.4043,2026-04-01
8113,2025-10-23,0.396,2026-04-01
8114,2025-10-23,0.2854,2026-05-01
8115,2025-10-23,0.2871,2026-05-01
8116,2025-10-23,0.2552,2026-06-01
8117,2025-10-23,0.2502,2026-06-01
8118,2025-10-23,0.2276,2026-07-01
8119,2025-10-23,0.2345,2026-07-01
8120,2025-10-23,0.1827,2026-08-01
8121,2025-10-23,0.1843,2026-08-01
8122,2025-10-23,0.2702,2026-09-01
8123,2025-10-23,0.272,2026-09-01
8124,2025-10-23,0.3395,2026-10-01
8125,2025-10-23,0.3377,2026-10-01
8126,2025-10-23,0.3006,2026-11-01
8127,2025-10-23,0.3074,2026-11-01
8128,2025-10-23,0.4959,2026-12-01
8129,2025-10-23,0.4963,2026-12-01
8130,2025-10-23,0.3896,2027-01-01
8131,2025-10-23,0.3895,2027-01-01
8132,2025-10-23,0.5784,2027-02-01
8133,2025-10-23,0.5602,2027-02-01
8134,2025-10-23,0.3578,2027-03-01
8135,2025-10-23,0.3582,2027-03-01
8136,2025-10-23,0.3552,2027-04-01
8137,2025-10-23,0.3471,2027-04-01
8138,2025-10-23,0.2551,2027-05-01
8139,2025-10-23,0.2583,2027-05-01
8140,2025-10-23,0.2082,2027-06-01
8141,2025-10-23,0.2165,2027-06-01
8142,2025-10-23,0.1908,2027-07-01
8143,2025-10-23,0.2076,2027-07-01
8144,2025-10-23,0.1403,2027-08-01
8145,2025-10-23,0.1585,2027-08-01
8146,2025-10-23,0.2839,2027-09-01
8147,2025-10-23,0.2771,2027-09-01
8148,2025-10-23,0.3397,2027-10-01
8149,2025-10-23,0.3316,2027-10-01
8150,2025-10-24,0.1665,2025-10-01
8151,2025-10-24,0.1867,2025-10-01
8152,2025-10-24,0.2046,2025-11-01
8153,2025-10-24,0.2172,2025-11-01
8154,2025-10-24,0.5018,2025-12-01
8155,2025-10-24,0.5,2025-12-01
8156,2025-10-24,0.4385,2026-01-01
8157,2025-10-24,0.4382,2026-01-01
8158,2025-10-24,0.5937,2026-02-01
8159,2025-10-24,0.5885,2026-02-01
8160,2025-10-24,0.3621,2026-03-01
8161,2025-10-24,0.3687,2026-03-01
8162,2025-10-24,0.3985,2026-04-01
8163,2025-10-24,0.396,2026-04-01
8164,2025-10-24,0.2842,2026-05-01
8165,2025-10-24,0.2871,2026-05-01
8166,2025-10-24,0.2547,2026-06-01
8167,2025-10-24,0.2531,2026-06-01
8168,2025-10-24,0.2381,2026-07-01
8169,2025-10-24,0.2369,2026-07-01
8170,2025-10-24,0.191,2026-08-01
8171,2025-10-24,0.1856,2026-08-01
8172,2025-10-24,0.2739,2026-09-01
8173,2025-10-24,0.2747,2026-09-01
8174,2025-10-24,0.3286,2026-10-01
8175,2025-10-24,0.3297,2026-10-01
8176,2025-10-24,0.2894,2026-11-01
8177,2025-10-24,0.2974,2026-11-01
8178,2025-10-24,0.4946,2026-12-01
8179,2025-10-24,0.4911,2026-12-01
8180,2025-10-24,0.3968,2027-01-01
8181,2025-10-24,0.3932,2027-01-01
8182,2025-10-24,0.5688,2027-02-01
8183,2025-10-24,0.5567,2027-02-01
8184,2025-10-24,0.3485,2027-03-01
8185,2025-10-24,0.3538,2027-03-01
8186,2025-10-24,0.3503,2027-04-01
8187,2025-10-24,0.35,2027-04-01
8188,2025-10-24,0.2594,2027-05-01
8189,2025-10-24,0.2615,2027-05-01
8190,2025-10-24,0.223,2027-06-01
8191,2025-10-24,0.2214,2027-06-01
8192,2025-10-24,0.2145,2027-07-01
8193,2025-10-24,0.2106,2027-07-01
8194,2025-10-24,0.1729,2027-08-01
8195,2025-10-24,0.1717,2027-08-01
8196,2025-10-24,0.2716,2027-09-01
8197,2025-10-24,0.2709,2027-09-01
8198,2025-10-24,0.3325,2027-10-01
8199,2025-10-24,0.3265,2027-10-01
8200,2025-10-27,0.1621,2025-10-01
8201,2025-10-27,0.1802,2025-10-01
8202,2025-10-27,0.1975,2025-11-01
8203,2025-10-27,0.2131,2025-11-01
8204,2025-10-27,0.5021,2025-12-01
8205,2025-10-27,0.4996,2025-12-01
8206,2025-10-27,0.438,2026-01-01
8207,2025-10-27,0.4378,2026-01-01
8208,2025-10-27,0.5926,2026-02-01
8209,2025-10-27,0.5888,2026-02-01
8210,2025-10-27,0.3616,2026-03-01
8211,2025-10-27,0.3677,2026-03-01
8212,2025-10-27,0.396,2026-04-01
8213,2025-10-27,0.3966,2026-04-01
8214,2025-10-27,0.2822,2026-05-01
8215,2025-10-27,0.2853,2026-05-01
8216,2025-10-27,0.2576,2026-06-01
8217,2025-10-27,0.2528,2026-06-01
8218,2025-10-27,0.2394,2026-07-01
8219,2025-10-27,0.2363,2026-07-01
8220,2025-10-27,0.1889,2026-08-01
8221,2025-10-27,0.1823,2026-08-01
8222,2025-10-27,0.2756,2026-09-01
8223,2025-10-27,0.2759,2026-09-01
8224,2025-10-27,0.3278,2026-10-01
8225,2025-10-27,0.3298,2026-10-01
8226,2025-10-27,0.289,2026-11-01
8227,2025-10-27,0.2963,2026-11-01
8228,2025-10-27,0.4933,2026-12-01
8229,2025-10-27,0.4888,2026-12-01
8230,2025-10-27,0.3976,2027-01-01
8231,2025-10-27,0.3941,2027-01-01
8232,2025-10-27,0.5692,2027-02-01
8233,2025-10-27,0.5571,2027-02-01
8234,2025-10-27,0.349,2027-03-01
8235,2025-10-27,0.3544,2027-03-01
8236,2025-10-27,0.3488,2027-04-01
8237,2025-10-27,0.3506,2027-04-01
8238,2025-10-27,0.2591,2027-05-01
8239,2025-10-27,0.2612,2027-05-01
8240,2025-10-27,0.2251,2027-06-01
8241,2025-10-27,0.2212,2027-06-01
8242,2025-10-27,0.216,2027-07-01
8243,2025-10-27,0.2094,2027-07-01
8244,2025-10-27,0.1757,2027-08-01
8245,2025-10-27,0.1711,2027-08-01
8246,2025-10-27,0.2713,2027-09-01
8247,2025-10-27,0.2695,2027-09-01
8248,2025-10-27,0.3333,2027-10-01
8249,2025-10-27,0.3272,2027-10-01
8250,2025-10-28,0.1596,2025-10-01
8251,2025-10-28,0.1791,2025-10-01
8252,2025-10-28,0.1978,2025-11-01
8253,2025-10-28,0.213,2025-11-01
8254,2025-10-28,0.5025,2025-12-01
8255,2025-10-28,0.5,2025-12-01
8256,2025-10-28,0.4397,2026-01-01
8257,2025-10-28,0.4378,2026-01-01
8258,2025-10-28,0.5882,2026-02-01
8259,2025-10-28,0.5877,2026-02-01
8260,2025-10-28,0.3618,2026-03-01
8261,2025-10-28,0.3675,2026-03-01
8262,2025-10-28,0.3964,2026-04-01
8263,2025-10-28,0.3962,2026-04-01
8264,2025-10-28,0.2839,2026-05-01
8265,2025-10-28,0.2855,2026-05-01
8266,2025-10-28,0.255,2026-06-01
8267,2025-10-28,0.2528,2026-06-01
8268,2025-10-28,0.2376,2026-07-01
8269,2025-10-28,0.2357,2026-07-01
8270,2025-10-28,0.1843,2026-08-01
8271,2025-10-28,0.1821,2026-08-01
8272,2025-10-28,0.2755,2026-09-01
8273,2025-10-28,0.2757,2026-09-01
8274,2025-10-28,0.3285,2026-10-01
8275,2025-10-28,0.3298,2026-10-01
8276,2025-10-28,0.2905,2026-11-01
8277,2025-10-28,0.2965,2026-11-01
8278,2025-10-28,0.4935,2026-12-01
8279,2025-10-28,0.4876,2026-12-01
8280,2025-10-28,0.3973,2027-01-01
8281,2025-10-28,0.393,2027-01-01
8282,2025-10-28,0.5676,2027-02-01
8283,2025-10-28,0.5563,2027-02-01
8284,2025-10-28,0.3501,2027-03-01
8285,2025-10-28,0.3538,2027-03-01
8286,2025-10-28,0.3479,2027-04-01
8287,2025-10-28,0.3498,2027-04-01
8288,2025-10-28,0.2604,2027-05-01
8289,2025-10-28,0.2612,2027-05-01
8290,2025-10-28,0.223,2027-06-01
8291,2025-10-28,0.2213,2027-06-01
8292,2025-10-28,0.2137,2027-07-01
8293,2025-10-28,0.2085,2027-07-01
8294,2025-10-28,0.1739,2027-08-01
8295,2025-10-28,0.1704,2027-08-01
8296,2025-10-28,0.2687,2027-09-01
8297,2025-10-28,0.2677,2027-09-01
8298,2025-10-28,0.3289,2027-10-01
8299,2025-10-28,0.3242,2027-10-01
8300,2025-10-29,0.1606,2025-10-01
8301,2025-10-29,0.179,2025-10-01
8302,2025-10-29,0.1986,2025-11-01
8303,2025-10-29,0.2131,2025-11-01
8304,2025-10-29,0.5021,2025-12-01
8305,2025-10-29,0.4991,2025-12-01
8306,2025-10-29,0.44,2026-01-01
8307,2025-10-29,0.4378,2026-01-01
8308,2025-10-29,0.587,2026-02-01
8309,2025-10-29,0.5877,2026-02-01
8310,2025-10-29,0.3611,2026-03-01
8311,2025-10-29,0.3675,2026-03-01
8312,2025-10-29,0.3957,2026-04-01
8313,2025-10-29,0.3962,2026-04-01
8314,2025-10-29,0.2831,2026-05-01
8315,2025-10-29,0.2855,2026-05-01
8316,2025-10-29,0.2568,2026-06-01
8317,2025-10-29,0.2528,2026-06-01
8318,2025-10-29,0.2395,2026-07-01
8319,2025-10-29,0.2357,2026-07-01
8320,2025-10-29,0.185,2026-08-01
8321,2025-10-29,0.1821,2026-08-01
8322,2025-10-29,0.2758,2026-09-01
8323,2025-10-29,0.2757,2026-09-01
8324,2025-10-29,0.3288,2026-10-01
8325,2025-10-29,0.3298,2026-10-01
8326,2025-10-29,0.2907,2026-11-01
8327,2025-10-29,0.2965,2026-11-01
8328,2025-10-29,0.493,2026-12-01
8329,2025-10-29,0.4876,2026-12-01
8330,2025-10-29,0.3957,2027-01-01
8331,2025-10-29,0.393,2027-01-01
8332,2025-10-29,0.5661,2027-02-01
8333,2025-10-29,0.5563,2027-02-01
8334,2025-10-29,0.3483,2027-03-01
8335,2025-10-29,0.3538,2027-03-01
8336,2025-10-29,0.3473,2027-04-01
8337,2025-10-29,0.3498,2027-04-01
8338,2025-10-29,0.2594,2027-05-01
8339,2025-10-29,0.2612,2027-05-01
8340,2025-10-29,0.226,2027-06-01
8341,2025-10-29,0.2213,2027-06-01
8342,2025-10-29,0.2147,2027-07-01
8343,2025-10-29,0.2085,2027-07-01
8344,2025-10-29,0.1742,2027-08-01
8345,2025-10-29,0.1704,2027-08-01
8346,2025-10-29,0.2692,2027-09-01
8347,2025-10-29,0.2677,2027-09-01
8348,2025-10-29,0.3302,2027-10-01
8349,2025-10-29,0.3246,2027-10-01
8350,2025-10-30,0.1587,2025-10-01
8351,2025-10-30,0.1764,2025-10-01
8352,2025-10-30,0.1952,2025-11-01
8353,2025-10-30,0.2124,2025-11-01
8354,2025-10-30,0.5024,2025-12-01
8355,2025-10-30,0.4993,2025-12-01
8356,2025-10-30,0.4386,2026-01-01
8357,2025-10-30,0.4366,2026-01-01
8358,2025-10-30,0.5867,2026-02-01
8359,2025-10-30,0.5884,2026-02-01
8360,2025-10-30,0.3581,2026-03-01
8361,2025-10-30,0.3662,2026-03-01
8362,2025-10-30,0.3956,2026-04-01
8363,2025-10-30,0.3967,2026-04-01
8364,2025-10-30,0.2832,2026-05-01
8365,2025-10-30,0.2851,2026-05-01
8366,2025-10-30,0.2577,2026-06-01
8367,2025-10-30,0.2526,2026-06-01
8368,2025-10-30,0.2416,2026-07-01
8369,2025-10-30,0.2358,2026-07-01
8370,2025-10-30,0.1843,2026-08-01
8371,2025-10-30,0.1812,2026-08-01
8372,2025-10-30,0.2744,2026-09-01
8373,2025-10-30,0.275,2026-09-01
8374,2025-10-30,0.3276,2026-10-01
8375,2025-10-30,0.3295,2026-10-01
8376,2025-10-30,0.289,2026-11-01
8377,2025-10-30,0.2963,2026-11-01
8378,2025-10-30,0.4938,2026-12-01
8379,2025-10-30,0.4883,2026-12-01
8380,2025-10-30,0.3974,2027-01-01
8381,2025-10-30,0.3931,2027-01-01
8382,2025-10-30,0.5643,2027-02-01
8383,2025-10-30,0.5563,2027-02-01
8384,2025-10-30,0.3494,2027-03-01
8385,2025-10-30,0.3538,2027-03-01
8386,2025-10-30,0.3484,2027-04-01
8387,2025-10-30,0.3499,2027-04-01
8388,2025-10-30,0.2585,2027-05-01
8389,2025-10-30,0.2613,2027-05-01
8390,2025-10-30,0.2256,2027-06-01
8391,2025-10-30,0.2213,2027-06-01
8392,2025-10-30,0.2168,2027-07-01
8393,2025-10-30,0.2084,2027-07-01
8394,2025-10-30,0.1736,2027-08-01
8395,2025-10-30,0.1703,2027-08-01
8396,2025-10-30,0.2679,2027-09-01
8397,2025-10-30,0.2675,2027-09-01
8398,2025-10-30,0.3297,2027-10-01
8399,2025-10-30,0.3241,2027-10-01
8400,2025-10-31,0.1506,2025-10-01
8401,2025-10-31,0.1677,2025-10-01
8402,2025-10-31,0.1958,2025-11-01
8403,2025-10-31,0.2143,2025-11-01
8404,2025-10-31,0.5,2025-12-01
8405,2025-10-31,0.4977,2025-12-01
8406,2025-10-31,0.4342,2026-01-01
8407,2025-10-31,0.4338,2026-01-01
8408,2025-10-31,0.586,2026-02-01
8409,2025-10-31,0.5856,2026-02-01
8410,2025-10-31,0.3613,2026-03-01
8411,2025-10-31,0.3654,2026-03-01
8412,2025-10-31,0.4053,2026-04-01
8413,2025-10-31,0.3994,2026-04-01
8414,2025-10-31,0.2865,2026-05-01
8415,2025-10-31,0.2834,2026-05-01
8416,2025-10-31,0.2723,2026-06-01
8417,2025-10-31,0.2573,2026-06-01
8418,2025-10-31,0.2409,2026-07-01
8419,2025-10-31,0.2379,2026-07-01
8420,2025-10-31,0.1828,2026-08-01
8421,2025-10-31,0.1824,2026-08-01
8422,2025-10-31,0.273,2026-09-01
8423,2025-10-31,0.2797,2026-09-01
8424,2025-10-31,0.3277,2026-10-01
8425,2025-10-31,0.3239,2026-10-01
8426,2025-10-31,0.2813,2026-11-01
8427,2025-10-31,0.2904,2026-11-01
8428,2025-10-31,0.4903,2026-12-01
8429,2025-10-31,0.4873,2026-12-01
8430,2025-10-31,0.3909,2027-01-01
8431,2025-10-31,0.3916,2027-01-01
8432,2025-10-31,0.5682,2027-02-01
8433,2025-10-31,0.5523,2027-02-01
8434,2025-10-31,0.3565,2027-03-01
8435,2025-10-31,0.354,2027-03-01
8436,2025-10-31,0.3598,2027-04-01
8437,2025-10-31,0.3531,2027-04-01
8438,2025-10-31,0.2579,2027-05-01
8439,2025-10-31,0.2593,2027-05-01
8440,2025-10-31,0.229,2027-06-01
8441,2025-10-31,0.223,2027-06-01
8442,2025-10-31,0.2203,2027-07-01
8443,2025-10-31,0.2114,2027-07-01
8444,2025-10-31,0.1735,2027-08-01
8445,2025-10-31,0.1701,2027-08-01
8446,2025-10-31,0.2723,2027-09-01
8447,2025-10-31,0.2733,2027-09-01
8448,2025-10-31,0.3289,2027-10-01
8449,2025-10-31,0.3182,2027-10-01
8450,2025-11-03,0.1511,2025-10-01
8451,2025-11-03,0.1654,2025-10-01
8452,2025-11-03,0.2057,2025-11-01
8453,2025-11-03,0.217,2025-11-01
8454,2025-11-03,0.4925,2025-12-01
8455,2025-11-03,0.4926,2025-12-01
8456,2025-11-03,0.4335,2026-01-01
8457,2025-11-03,0.4338,2026-01-01
8458,2025-11-03,0.5832,2026-02-01
8459,2025-11-03,0.5856,2026-02-01
8460,2025-11-03,0.3592,2026-03-01
8461,2025-11-03,0.3654,2026-03-01
8462,2025-11-03,0.4065,2026-04-01
8463,2025-11-03,0.3994,2026-04-01
8464,2025-11-03,0.2884,2026-05-01
8465,2025-11-03,0.2834,2026-05-01
8466,2025-11-03,0.2724,2026-06-01
8467,2025-11-03,0.2573,2026-06-01
8468,2025-11-03,0.2429,2026-07-01
8469,2025-11-03,0.2379,2026-07-01
8470,2025-11-03,0.1896,2026-08-01
8471,2025-11-03,0.1824,2026-08-01
8472,2025-11-03,0.2754,2026-09-01
8473,2025-11-03,0.2797,2026-09-01
8474,2025-11-03,0.3262,2026-10-01
8475,2025-11-03,0.3236,2026-10-01
8476,2025-11-03,0.283,2026-11-01
8477,2025-11-03,0.2903,2026-11-01
8478,2025-11-03,0.487,2026-12-01
8479,2025-11-03,0.4873,2026-12-01
8480,2025-11-03,0.3866,2027-01-01
8481,2025-11-03,0.3903,2027-01-01
8482,2025-11-03,0.5628,2027-02-01
8483,2025-11-03,0.5514,2027-02-01
8484,2025-11-03,0.3524,2027-03-01
8485,2025-11-03,0.3521,2027-03-01
8486,2025-11-03,0.3573,2027-04-01
8487,2025-11-03,0.3517,2027-04-01
8488,2025-11-03,0.2565,2027-05-01
8489,2025-11-03,0.2574,2027-05-01
8490,2025-11-03,0.226,2027-06-01
8491,2025-11-03,0.2215,2027-06-01
8492,2025-11-03,0.2186,2027-07-01
8493,2025-11-03,0.2105,2027-07-01
8494,2025-11-03,0.1695,2027-08-01
8495,2025-11-03,0.1682,2027-08-01
8496,2025-11-03,0.2728,2027-09-01
8497,2025-11-03,0.2713,2027-09-01
8498,2025-11-03,0.3287,2027-10-01
8499,2025-11-03,0.318,2027-10-01
8500,2025-11-04,0.1519,2025-10-01
8501,2025-11-04,0.1655,2025-10-01
8502,2025-11-04,0.2064,2025-11-01
8503,2025-11-04,0.2176,2025-11-01
8504,2025-11-04,0.4925,2025-12-01
8505,2025-11-04,0.492,2025-12-01
8506,2025-11-04,0.4363,2026-01-01
8507,2025-11-04,0.4335,2026-01-01
8508,2025-11-04,0.5861,2026-02-01
8509,2025-11-04,0.5851,2026-02-01
8510,2025-11-04,0.3604,2026-03-01
8511,2025-11-04,0.3654,2026-03-01
8512,2025-11-04,0.4075,2026-04-01
8513,2025-11-04,0.3993,2026-04-01
8514,2025-11-04,0.2881,2026-05-01
8515,2025-11-04,0.2834,2026-05-01
8516,2025-11-04,0.2706,2026-06-01
8517,2025-11-04,0.2572,2026-06-01
8518,2025-11-04,0.2423,2026-07-01
8519,2025-11-04,0.2383,2026-07-01
8520,2025-11-04,0.19,2026-08-01
8521,2025-11-04,0.1825,2026-08-01
8522,2025-11-04,0.2755,2026-09-01
8523,2025-11-04,0.2796,2026-09-01
8524,2025-11-04,0.3274,2026-10-01
8525,2025-11-04,0.3236,2026-10-01
8526,2025-11-04,0.2832,2026-11-01
8527,2025-11-04,0.2895,2026-11-01
8528,2025-11-04,0.4878,2026-12-01
8529,2025-11-04,0.4873,2026-12-01
8530,2025-11-04,0.3874,2027-01-01
8531,2025-11-04,0.3894,2027-01-01
8532,2025-11-04,0.5585,2027-02-01
8533,2025-11-04,0.5507,2027-02-01
8534,2025-11-04,0.3522,2027-03-01
8535,2025-11-04,0.3521,2027-03-01
8536,2025-11-04,0.3597,2027-04-01
8537,2025-11-04,0.3513,2027-04-01
8538,2025-11-04,0.2565,2027-05-01
8539,2025-11-04,0.2569,2027-05-01
8540,2025-11-04,0.222,2027-06-01
8541,2025-11-04,0.22,2027-06-01
8542,2025-11-04,0.2159,2027-07-01
8543,2025-11-04,0.2094,2027-07-01
8544,2025-11-04,0.1711,2027-08-01
8545,2025-11-04,0.1675,2027-08-01
8546,2025-11-04,0.2738,2027-09-01
8547,2025-11-04,0.2703,2027-09-01
8548,2025-11-04,0.3293,2027-10-01
8549,2025-11-04,0.3176,2027-10-01
8550,2025-11-05,0.1519,2025-10-01
8551,2025-11-05,0.166,2025-10-01
8552,2025-11-05,0.2067,2025-11-01
8553,2025-11-05,0.2178,2025-11-01
8554,2025-11-05,0.4923,2025-12-01
8555,2025-11-05,0.492,2025-12-01
8556,2025-11-05,0.4364,2026-01-01
8557,2025-11-05,0.4334,2026-01-01
8558,2025-11-05,0.5876,2026-02-01
8559,2025-11-05,0.5848,2026-02-01
8560,2025-11-05,0.3625,2026-03-01
8561,2025-11-05,0.3658,2026-03-01
8562,2025-11-05,0.4076,2026-04-01
8563,2025-11-05,0.3997,2026-04-01
8564,2025-11-05,0.2914,2026-05-01
8565,2025-11-05,0.2847,2026-05-01
8566,2025-11-05,0.2672,2026-06-01
8567,2025-11-05,0.2576,2026-06-01
8568,2025-11-05,0.2387,2026-07-01
8569,2025-11-05,0.2386,2026-07-01
8570,2025-11-05,0.1907,2026-08-01
8571,2025-11-05,0.183,2026-08-01
8572,2025-11-05,0.276,2026-09-01
8573,2025-11-05,0.2798,2026-09-01
8574,2025-11-05,0.3264,2026-10-01
8575,2025-11-05,0.3232,2026-10-01
8576,2025-11-05,0.2854,2026-11-01
8577,2025-11-05,0.29,2026-11-01
8578,2025-11-05,0.4893,2026-12-01
8579,2025-11-05,0.4873,2026-12-01
8580,2025-11-05,0.3892,2027-01-01
8581,2025-11-05,0.3894,2027-01-01
8582,2025-11-05,0.5605,2027-02-01
8583,2025-11-05,0.5507,2027-02-01
8584,2025-11-05,0.3549,2027-03-01
8585,2025-11-05,0.3521,2027-03-01
8586,2025-11-05,0.3579,2027-04-01
8587,2025-11-05,0.3513,2027-04-01
8588,2025-11-05,0.2575,2027-05-01
8589,2025-11-05,0.2569,2027-05-01
8590,2025-11-05,0.2155,2027-06-01
8591,2025-11-05,0.22,2027-06-01
8592,2025-11-05,0.2122,2027-07-01
8593,2025-11-05,0.2094,2027-07-01
8594,2025-11-05,0.1709,2027-08-01
8595,2025-11-05,0.1675,2027-08-01
8596,2025-11-05,0.2739,2027-09-01
8597,2025-11-05,0.2703,2027-09-01
8598,2025-11-05,0.3275,2027-10-01
8599,2025-11-05,0.3176,2027-10-01
8600,2025-11-06,0.1535,2025-10-01
8601,2025-11-06,0.1643,2025-10-01
8602,2025-11-06,0.2121,2025-11-01
8603,2025-11-06,0.2192,2025-11-01
8604,2025-11-06,0.4877,2025-12-01
8605,2025-11-06,0.4926,2025-12-01
8606,2025-11-06,0.4335,2026-01-01
8607,2025-11-06,0.4335,2026-01-01
8608,2025-11-06,0.5843,2026-02-01
8609,2025-11-06,0.5855,2026-02-01
8610,2025-11-06,0.3655,2026-03-01
8611,2025-11-06,0.3667,2026-03-01
8612,2025-11-06,0.4024,2026-04-01
8613,2025-11-06,0.4003,2026-04-01
8614,2025-11-06,0.2869,2026-05-01
8615,2025-11-06,0.2836,2026-05-01
8616,2025-11-06,0.2652,2026-06-01
8617,2025-11-06,0.2576,2026-06-01
8618,2025-11-06,0.2394,2026-07-01
8619,2025-11-06,0.2379,2026-07-01
8620,2025-11-06,0.1884,2026-08-01
8621,2025-11-06,0.1859,2026-08-01
8622,2025-11-06,0.2777,2026-09-01
8623,2025-11-06,0.2787,2026-09-01
8624,2025-11-06,0.3298,2026-10-01
8625,2025-11-06,0.3244,2026-10-01
8626,2025-11-06,0.2854,2026-11-01
8627,2025-11-06,0.2919,2026-11-01
8628,2025-11-06,0.4854,2026-12-01
8629,2025-11-06,0.4881,2026-12-01
8630,2025-11-06,0.3864,2027-01-01
8631,2025-11-06,0.3894,2027-01-01
8632,2025-11-06,0.5555,2027-02-01
8633,2025-11-06,0.5507,2027-02-01
8634,2025-11-06,0.3548,2027-03-01
8635,2025-11-06,0.3521,2027-03-01
8636,2025-11-06,0.3517,2027-04-01
8637,2025-11-06,0.3513,2027-04-01
8638,2025-11-06,0.255,2027-05-01
8639,2025-11-06,0.2569,2027-05-01
8640,2025-11-06,0.2216,2027-06-01
8641,2025-11-06,0.22,2027-06-01
8642,2025-11-06,0.2143,2027-07-01
8643,2025-11-06,0.2094,2027-07-01
8644,2025-11-06,0.179,2027-08-01
8645,2025-11-06,0.1675,2027-08-01
8646,2025-11-06,0.2774,2027-09-01
8647,2025-11-06,0.2703,2027-09-01
8648,2025-11-06,0.3294,2027-10-01
8649,2025-11-06,0.3176,2027-10-01
8650,2025-11-07,0.1612,2025-10-01
8651,2025-11-07,0.1626,2025-10-01
8652,2025-11-07,0.2514,2025-11-01
8653,2025-11-07,0.2242,2025-11-01
8654,2025-11-07,0.4631,2025-12-01
8655,2025-11-07,0.4882,2025-12-01
8656,2025-11-07,0.4244,2026-01-01
8657,2025-11-07,0.4335,2026-01-01
8658,2025-11-07,0.5794,2026-02-01
8659,2025-11-07,0.5848,2026-02-01
8660,2025-11-07,0.3783,2026-03-01
8661,2025-11-07,0.3672,2026-03-01
8662,2025-11-07,0.3956,2026-04-01
8663,2025-11-07,0.401,2026-04-01
8664,2025-11-07,0.2957,2026-05-01
8665,2025-11-07,0.2834,2026-05-01
8666,2025-11-07,0.271,2026-06-01
8667,2025-11-07,0.2572,2026-06-01
8668,2025-11-07,0.2401,2026-07-01
8669,2025-11-07,0.2377,2026-07-01
8670,2025-11-07,0.1914,2026-08-01
8671,2025-11-07,0.1838,2026-08-01
8672,2025-11-07,0.3039,2026-09-01
8673,2025-11-07,0.2795,2026-09-01
8674,2025-11-07,0.3111,2026-10-01
8675,2025-11-07,0.3244,2026-10-01
8676,2025-11-07,0.2868,2026-11-01
8677,2025-11-07,0.2903,2026-11-01
8678,2025-11-07,0.4749,2026-12-01
8679,2025-11-07,0.488,2026-12-01
8680,2025-11-07,0.3586,2027-01-01
8681,2025-11-07,0.3892,2027-01-01
8682,2025-11-07,0.544,2027-02-01
8683,2025-11-07,0.5501,2027-02-01
8684,2025-11-07,0.3477,2027-03-01
8685,2025-11-07,0.3515,2027-03-01
8686,2025-11-07,0.32,2027-04-01
8687,2025-11-07,0.3508,2027-04-01
8688,2025-11-07,0.2544,2027-05-01
8689,2025-11-07,0.2567,2027-05-01
8690,2025-11-07,0.195,2027-06-01
8691,2025-11-07,0.2196,2027-06-01
8692,2025-11-07,0.1933,2027-07-01
8693,2025-11-07,0.2095,2027-07-01
8694,2025-11-07,0.1604,2027-08-01
8695,2025-11-07,0.1675,2027-08-01
8696,2025-11-07,0.2972,2027-09-01
8697,2025-11-07,0.27,2027-09-01
8698,2025-11-07,0.3153,2027-10-01
8699,2025-11-07,0.3169,2027-10-01
8700,2025-11-10,0.1662,2025-10-01
8701,2025-11-10,0.1616,2025-10-01
8702,2025-11-10,0.2508,2025-11-01
8703,2025-11-10,0.2246,2025-11-01
8704,2025-11-10,0.4599,2025-12-01
8705,2025-11-10,0.4874,2025-12-01
8706,2025-11-10,0.422,2026-01-01
8707,2025-11-10,0.4328,2026-01-01
8708,2025-11-10,0.5786,2026-02-01
8709,2025-11-10,0.586,2026-02-01
8710,2025-11-10,0.374,2026-03-01
8711,2025-11-10,0.3674,2026-03-01
8712,2025-11-10,0.3971,2026-04-01
8713,2025-11-10,0.4013,2026-04-01
8714,2025-11-10,0.287,2026-05-01
8715,2025-11-10,0.2834,2026-05-01
8716,2025-11-10,0.2748,2026-06-01
8717,2025-11-10,0.2571,2026-06-01
8718,2025-11-10,0.2437,2026-07-01
8719,2025-11-10,0.2382,2026-07-01
8720,2025-11-10,0.1801,2026-08-01
8721,2025-11-10,0.1843,2026-08-01
8722,2025-11-10,0.2991,2026-09-01
8723,2025-11-10,0.28,2026-09-01
8724,2025-11-10,0.3173,2026-10-01
8725,2025-11-10,0.3245,2026-10-01
8726,2025-11-10,0.2846,2026-11-01
8727,2025-11-10,0.2902,2026-11-01
8728,2025-11-10,0.4828,2026-12-01
8729,2025-11-10,0.4875,2026-12-01
8730,2025-11-10,0.3692,2027-01-01
8731,2025-11-10,0.389,2027-01-01
8732,2025-11-10,0.5514,2027-02-01
8733,2025-11-10,0.55,2027-02-01
8734,2025-11-10,0.3516,2027-03-01
8735,2025-11-10,0.3514,2027-03-01
8736,2025-11-10,0.3328,2027-04-01
8737,2025-11-10,0.3506,2027-04-01
8738,2025-11-10,0.253,2027-05-01
8739,2025-11-10,0.2563,2027-05-01
8740,2025-11-10,0.2051,2027-06-01
8741,2025-11-10,0.2193,2027-06-01
8742,2025-11-10,0.2014,2027-07-01
8743,2025-11-10,0.2091,2027-07-01
8744,2025-11-10,0.1426,2027-08-01
8745,2025-11-10,0.1674,2027-08-01
8746,2025-11-10,0.2868,2027-09-01
8747,2025-11-10,0.2699,2027-09-01
8748,2025-11-10,0.3241,2027-10-01
8749,2025-11-10,0.316,2027-10-01
8750,2025-11-11,0.2396,2025-11-01
8751,2025-11-11,0.225,2025-11-01
8752,2025-11-11,0.4807,2025-12-01
8753,2025-11-11,0.4954,2025-12-01
8754,2025-11-11,0.4226,2026-01-01
8755,2025-11-11,0.4334,2026-01-01
8756,2025-11-11,0.5825,2026-02-01
8757,2025-11-11,0.5852,2026-02-01
8758,2025-11-11,0.3725,2026-03-01
8759,2025-11-11,0.369,2026-03-01
8760,2025-11-11,0.3932,2026-04-01
8761,2025-11-11,0.4013,2026-04-01
8762,2025-11-11,0.285,2026-05-01
8763,2025-11-11,0.2831,2026-05-01
8764,2025-11-11,0.2756,2026-06-01
8765,2025-11-11,0.2572,2026-06-01
8766,2025-11-11,0.2516,2026-07-01
8767,2025-11-11,0.2381,2026-07-01
8768,2025-11-11,0.1798,2026-08-01
8769,2025-11-11,0.1837,2026-08-01
8770,2025-11-11,0.3026,2026-09-01
8771,2025-11-11,0.2805,2026-09-01
8772,2025-11-11,0.3167,2026-10-01
8773,2025-11-11,0.3263,2026-10-01
8774,2025-11-11,0.2744,2026-11-01
8775,2025-11-11,0.2894,2026-11-01
8776,2025-11-11,0.4738,2026-12-01
8777,2025-11-11,0.4879,2026-12-01
8778,2025-11-11,0.3662,2027-01-01
8779,2025-11-11,0.389,2027-01-01
8780,2025-11-11,0.5477,2027-02-01
8781,2025-11-11,0.5498,2027-02-01
8782,2025-11-11,0.3472,2027-03-01
8783,2025-11-11,0.3512,2027-03-01
8784,2025-11-11,0.3356,2027-04-01
8785,2025-11-11,0.3502,2027-04-01
8786,2025-11-11,0.252,2027-05-01
8787,2025-11-11,0.2566,2027-05-01
8788,2025-11-11,0.218,2027-06-01
8789,2025-11-11,0.2193,2027-06-01
8790,2025-11-11,0.2143,2027-07-01
8791,2025-11-11,0.2083,2027-07-01
8792,2025-11-11,0.1446,2027-08-01
8793,2025-11-11,0.1668,2027-08-01
8794,2025-11-11,0.287,2027-09-01
8795,2025-11-11,0.2697,2027-09-01
8796,2025-11-11,0.32,2027-10-01
8797,2025-11-11,0.3166,2027-10-01
8798,2025-11-11,0.2017,2027-11-01
8799,2025-11-11,0.2017,2027-11-01
8800,2025-11-12,0.2298,2025-11-01
8801,2025-11-12,0.2224,2025-11-01
8802,2025-11-12,0.4741,2025-12-01
8803,2025-11-12,0.4926,2025-12-01
8804,2025-11-12,0.4234,2026-01-01
8805,2025-11-12,0.4328,2026-01-01
8806,2025-11-12,0.5732,2026-02-01
8807,2025-11-12,0.5835,2026-02-01
8808,2025-11-12,0.3681,2026-03-01
8809,2025-11-12,0.3673,2026-03-01
8810,2025-11-12,0.3924,2026-04-01
8811,2025-11-12,0.4006,2026-04-01
8812,2025-11-12,0.2819,2026-05-01
8813,2025-11-12,0.2829,2026-05-01
8814,2025-11-12,0.2747,2026-06-01
8815,2025-11-12,0.2588,2026-06-01
8816,2025-11-12,0.2533,2026-07-01
8817,2025-11-12,0.2402,2026-07-01
8818,2025-11-12,0.1833,2026-08-01
8819,2025-11-12,0.1841,2026-08-01
8820,2025-11-12,0.3053,2026-09-01
8821,2025-11-12,0.2826,2026-09-01
8822,2025-11-12,0.3121,2026-10-01
8823,2025-11-12,0.3253,2026-10-01
8824,2025-11-12,0.2703,2026-11-01
8825,2025-11-12,0.2866,2026-11-01
8826,2025-11-12,0.473,2026-12-01
8827,2025-11-12,0.4859,2026-12-01
8828,2025-11-12,0.3697,2027-01-01
8829,2025-11-12,0.3892,2027-01-01
8830,2025-11-12,0.5391,2027-02-01
8831,2025-11-12,0.5481,2027-02-01
8832,2025-11-12,0.3421,2027-03-01
8833,2025-11-12,0.3514,2027-03-01
8834,2025-11-12,0.3362,2027-04-01
8835,2025-11-12,0.3507,2027-04-01
8836,2025-11-12,0.2532,2027-05-01
8837,2025-11-12,0.2572,2027-05-01
8838,2025-11-12,0.2225,2027-06-01
8839,2025-11-12,0.2208,2027-06-01
8840,2025-11-12,0.2134,2027-07-01
8841,2025-11-12,0.2088,2027-07-01
8842,2025-11-12,0.1506,2027-08-01
8843,2025-11-12,0.1668,2027-08-01
8844,2025-11-12,0.2872,2027-09-01
8845,2025-11-12,0.2703,2027-09-01
8846,2025-11-12,0.313,2027-10-01
8847,2025-11-12,0.3162,2027-10-01
8848,2025-11-12,0.2251,2027-11-01
8849,2025-11-12,0.2251,2027-11-01
8850,2025-11-13,0.2279,2025-11-01
8851,2025-11-13,0.2209,2025-11-01
8852,2025-11-13,0.4731,2025-12-01
8853,2025-11-13,0.4918,2025-12-01
8854,2025-11-13,0.4256,2026-01-01
8855,2025-11-13,0.4333,2026-01-01
8856,2025-11-13,0.5749,2026-02-01
8857,2025-11-13,0.584,2026-02-01
8858,2025-11-13,0.3659,2026-03-01
8859,2025-11-13,0.3671,2026-03-01
8860,2025-11-13,0.3959,2026-04-01
8861,2025-11-13,0.4006,2026-04-01
8862,2025-11-13,0.2818,2026-05-01
8863,2025-11-13,0.2823,2026-05-01
8864,2025-11-13,0.2741,2026-06-01
8865,2025-11-13,0.2584,2026-06-01
8866,2025-11-13,0.2486,2026-07-01
8867,2025-11-13,0.2398,2026-07-01
8868,2025-11-13,0.1809,2026-08-01
8869,2025-11-13,0.1839,2026-08-01
8870,2025-11-13,0.3041,2026-09-01
8871,2025-11-13,0.2824,2026-09-01
8872,2025-11-13,0.3157,2026-10-01
8873,2025-11-13,0.3254,2026-10-01
8874,2025-11-13,0.271,2026-11-01
8875,2025-11-13,0.2874,2026-11-01
8876,2025-11-13,0.4783,2026-12-01
8877,2025-11-13,0.4867,2026-12-01
8878,2025-11-13,0.3661,2027-01-01
8879,2025-11-13,0.3888,2027-01-01
8880,2025-11-13,0.5534,2027-02-01
8881,2025-11-13,0.5473,2027-02-01
8882,2025-11-13,0.3436,2027-03-01
8883,2025-11-13,0.3515,2027-03-01
8884,2025-11-13,0.3357,2027-04-01
8885,2025-11-13,0.3507,2027-04-01
8886,2025-11-13,0.255,2027-05-01
8887,2025-11-13,0.257,2027-05-01
8888,2025-11-13,0.2241,2027-06-01
8889,2025-11-13,0.2206,2027-06-01
8890,2025-11-13,0.2099,2027-07-01
8891,2025-11-13,0.2088,2027-07-01
8892,2025-11-13,0.1491,2027-08-01
8893,2025-11-13,0.1667,2027-08-01
8894,2025-11-13,0.2931,2027-09-01
8895,2025-11-13,0.2703,2027-09-01
8896,2025-11-13,0.3184,2027-10-01
8897,2025-11-13,0.3172,2027-10-01
8898,2025-11-13,0.246,2027-11-01
8899,2025-11-13,0.246,2027-11-01
8900,2025-11-14,0.2142,2025-11-01
8901,2025-11-14,0.2204,2025-11-01
8902,2025-11-14,0.4744,2025-12-01
8903,2025-11-14,0.4833,2025-12-01
8904,2025-11-14,0.4085,2026-01-01
8905,2025-11-14,0.4241,2026-01-01
8906,2025-11-14,0.5788,2026-02-01
8907,2025-11-14,0.5762,2026-02-01
8908,2025-11-14,0.3575,2026-03-01
8909,2025-11-14,0.3612,2026-03-01
8910,2025-11-14,0.3887,2026-04-01
8911,2025-11-14,0.3985,2026-04-01
8912,2025-11-14,0.2708,2026-05-01
8913,2025-11-14,0.2821,2026-05-01
8914,2025-11-14,0.2704,2026-06-01
8915,2025-11-14,0.2607,2026-06-01
8916,2025-11-14,0.2415,2026-07-01
8917,2025-11-14,0.2428,2026-07-01
8918,2025-11-14,0.1839,2026-08-01
8919,2025-11-14,0.1848,2026-08-01
8920,2025-11-14,0.3006,2026-09-01
8921,2025-11-14,0.2857,2026-09-01
8922,2025-11-14,0.3238,2026-10-01
8923,2025-11-14,0.3234,2026-10-01
8924,2025-11-14,0.2805,2026-11-01
8925,2025-11-14,0.2828,2026-11-01
8926,2025-11-14,0.4797,2026-12-01
8927,2025-11-14,0.4844,2026-12-01
8928,2025-11-14,0.369,2027-01-01
8929,2025-11-14,0.384,2027-01-01
8930,2025-11-14,0.5555,2027-02-01
8931,2025-11-14,0.541,2027-02-01
8932,2025-11-14,0.3367,2027-03-01
8933,2025-11-14,0.3483,2027-03-01
8934,2025-11-14,0.3348,2027-04-01
8935,2025-11-14,0.3468,2027-04-01
8936,2025-11-14,0.2451,2027-05-01
8937,2025-11-14,0.2563,2027-05-01
8938,2025-11-14,0.2295,2027-06-01
8939,2025-11-14,0.2172,2027-06-01
8940,2025-11-14,0.2118,2027-07-01
8941,2025-11-14,0.2087,2027-07-01
8942,2025-11-14,0.1627,2027-08-01
8943,2025-11-14,0.1677,2027-08-01
8944,2025-11-14,0.2769,2027-09-01
8945,2025-11-14,0.268,2027-09-01
8946,2025-11-14,0.3089,2027-10-01
8947,2025-11-14,0.3113,2027-10-01
8948,2025-11-14,0.2627,2027-11-01
8949,2025-11-14,0.2627,2027-11-01
8950,2025-11-17,0.2166,2025-11-01
8951,2025-11-17,0.2174,2025-11-01
8952,2025-11-17,0.4726,2025-12-01
8953,2025-11-17,0.4823,2025-12-01
8954,2025-11-17,0.4053,2026-01-01
8955,2025-11-17,0.4211,2026-01-01
8956,2025-11-17,0.5834,2026-02-01
8957,2025-11-17,0.5766,2026-02-01
8958,2025-11-17,0.361,2026-03-01
8959,2025-11-17,0.358,2026-03-01
8960,2025-11-17,0.3895,2026-04-01
8961,2025-11-17,0.3974,2026-04-01
8962,2025-11-17,0.2742,2026-05-01
8963,2025-11-17,0.2818,2026-05-01
8964,2025-11-17,0.2719,2026-06-01
8965,2025-11-17,0.2608,2026-06-01
8966,2025-11-17,0.237,2026-07-01
8967,2025-11-17,0.2433,2026-07-01
8968,2025-11-17,0.1916,2026-08-01
8969,2025-11-17,0.1857,2026-08-01
8970,2025-11-17,0.3014,2026-09-01
8971,2025-11-17,0.2874,2026-09-01
8972,2025-11-17,0.3226,2026-10-01
8973,2025-11-17,0.3242,2026-10-01
8974,2025-11-17,0.2807,2026-11-01
8975,2025-11-17,0.2798,2026-11-01
8976,2025-11-17,0.4765,2026-12-01
8977,2025-11-17,0.4836,2026-12-01
8978,2025-11-17,0.3653,2027-01-01
8979,2025-11-17,0.3805,2027-01-01
8980,2025-11-17,0.5505,2027-02-01
8981,2025-11-17,0.5406,2027-02-01
8982,2025-11-17,0.3354,2027-03-01
8983,2025-11-17,0.3449,2027-03-01
8984,2025-11-17,0.328,2027-04-01
8985,2025-11-17,0.3462,2027-04-01
8986,2025-11-17,0.246,2027-05-01
8987,2025-11-17,0.2565,2027-05-01
8988,2025-11-17,0.2251,2027-06-01
8989,2025-11-17,0.2192,2027-06-01
8990,2025-11-17,0.2131,2027-07-01
8991,2025-11-17,0.2104,2027-07-01
8992,2025-11-17,0.1674,2027-08-01
8993,2025-11-17,0.1685,2027-08-01
8994,2025-11-17,0.2813,2027-09-01
8995,2025-11-17,0.2686,2027-09-01
8996,2025-11-17,0.3052,2027-10-01
8997,2025-11-17,0.3133,2027-10-01
8998,2025-11-17,0.2675,2027-11-01
8999,2025-11-17,0.2675,2027-11-01
9000,2025-11-18,0.2182,2025-11-01
9001,2025-11-18,0.2162,2025-11-01
9002,2025-11-18,0.4686,2025-12-01
9003,2025-11-18,0.4832,2025-12-01
9004,2025-11-18,0.4032,2026-01-01
9005,2025-11-18,0.42,2026-01-01
9006,2025-11-18,0.5798,2026-02-01
9007,2025-11-18,0.5758,2026-02-01
9008,2025-11-18,0.3572,2026-03-01
9009,2025-11-18,0.357,2026-03-01
9010,2025-11-18,0.3875,2026-04-01
9011,2025-11-18,0.3981,2026-04-01
9012,2025-11-18,0.2739,2026-05-01
9013,2025-11-18,0.2816,2026-05-01
9014,2025-11-18,0.2721,2026-06-01
9015,2025-11-18,0.262,2026-06-01
9016,2025-11-18,0.2357,2026-07-01
9017,2025-11-18,0.2446,2026-07-01
9018,2025-11-18,0.1917,2026-08-01
9019,2025-11-18,0.1855,2026-08-01
9020,2025-11-18,0.299,2026-09-01
9021,2025-11-18,0.2881,2026-09-01
9022,2025-11-18,0.3195,2026-10-01
9023,2025-11-18,0.3225,2026-10-01
9024,2025-11-18,0.2852,2026-11-01
9025,2025-11-18,0.2792,2026-11-01
9026,2025-11-18,0.4822,2026-12-01
9027,2025-11-18,0.4834,2026-12-01
9028,2025-11-18,0.3739,2027-01-01
9029,2025-11-18,0.3807,2027-01-01
9030,2025-11-18,0.5498,2027-02-01
9031,2025-11-18,0.5386,2027-02-01
9032,2025-11-18,0.3351,2027-03-01
9033,2025-11-18,0.344,2027-03-01
9034,2025-11-18,0.3238,2027-04-01
9035,2025-11-18,0.346,2027-04-01
9036,2025-11-18,0.2466,2027-05-01
9037,2025-11-18,0.2565,2027-05-01
9038,2025-11-18,0.2223,2027-06-01
9039,2025-11-18,0.2187,2027-06-01
9040,2025-11-18,0.2098,2027-07-01
9041,2025-11-18,0.209,2027-07-01
9042,2025-11-18,0.1664,2027-08-01
9043,2025-11-18,0.168,2027-08-01
9044,2025-11-18,0.2795,2027-09-01
9045,2025-11-18,0.2676,2027-09-01
9046,2025-11-18,0.3056,2027-10-01
9047,2025-11-18,0.3128,2027-10-01
9048,2025-11-18,0.2748,2027-11-01
9049,2025-11-18,0.2672,2027-11-01
9050,2025-11-19,0.2201,2025-11-01
9051,2025-11-19,0.2173,2025-11-01
9052,2025-11-19,0.4708,2025-12-01
9053,2025-11-19,0.4814,2025-12-01
9054,2025-11-19,0.406,2026-01-01
9055,2025-11-19,0.4193,2026-01-01
9056,2025-11-19,0.5889,2026-02-01
9057,2025-11-19,0.5745,2026-02-01
9058,2025-11-19,0.3556,2026-03-01
9059,2025-11-19,0.357,2026-03-01
9060,2025-11-19,0.3882,2026-04-01
9061,2025-11-19,0.3981,2026-04-01
9062,2025-11-19,0.276,2026-05-01
9063,2025-11-19,0.2824,2026-05-01
9064,2025-11-19,0.2726,2026-06-01
9065,2025-11-19,0.2636,2026-06-01
9066,2025-11-19,0.2301,2026-07-01
9067,2025-11-19,0.2448,2026-07-01
9068,2025-11-19,0.1826,2026-08-01
9069,2025-11-19,0.1844,2026-08-01
9070,2025-11-19,0.2942,2026-09-01
9071,2025-11-19,0.2888,2026-09-01
9072,2025-11-19,0.3196,2026-10-01
9073,2025-11-19,0.3217,2026-10-01
9074,2025-11-19,0.2856,2026-11-01
9075,2025-11-19,0.2787,2026-11-01
9076,2025-11-19,0.4856,2026-12-01
9077,2025-11-19,0.4838,2026-12-01
9078,2025-11-19,0.3702,2027-01-01
9079,2025-11-19,0.3805,2027-01-01
9080,2025-11-19,0.5542,2027-02-01
9081,2025-11-19,0.5385,2027-02-01
9082,2025-11-19,0.3376,2027-03-01
9083,2025-11-19,0.3442,2027-03-01
9084,2025-11-19,0.3296,2027-04-01
9085,2025-11-19,0.3467,2027-04-01
9086,2025-11-19,0.2453,2027-05-01
9087,2025-11-19,0.2559,2027-05-01
9088,2025-11-19,0.2237,2027-06-01
9089,2025-11-19,0.2198,2027-06-01
9090,2025-11-19,0.2067,2027-07-01
9091,2025-11-19,0.2089,2027-07-01
9092,2025-11-19,0.1573,2027-08-01
9093,2025-11-19,0.1672,2027-08-01
9094,2025-11-19,0.2753,2027-09-01
9095,2025-11-19,0.2674,2027-09-01
9096,2025-11-19,0.3045,2027-10-01
9097,2025-11-19,0.3124,2027-10-01
9098,2025-11-19,0.2686,2027-11-01
9099,2025-11-19,0.2677,2027-11-01
9100,2025-11-21,0.2017,2025-11-01
9101,2025-11-21,0.2117,2025-11-01
9102,2025-11-21,0.4596,2025-12-01
9103,2025-11-21,0.4693,2025-12-01
9104,2025-11-21,0.4105,2026-01-01
9105,2025-11-21,0.4141,2026-01-01
9106,2025-11-21,0.5758,2026-02-01
9107,2025-11-21,0.5701,2026-02-01
9108,2025-11-21,0.3551,2026-03-01
9109,2025-11-21,0.3575,2026-03-01
9110,2025-11-21,0.4018,2026-04-01
9111,2025-11-21,0.3993,2026-04-01
9112,2025-11-21,0.2775,2026-05-01
9113,2025-11-21,0.2797,2026-05-01
9114,2025-11-21,0.2673,2026-06-01
9115,2025-11-21,0.2641,2026-06-01
9116,2025-11-21,0.2519,2026-07-01
9117,2025-11-21,0.2509,2026-07-01
9118,2025-11-21,0.1873,2026-08-01
9119,2025-11-21,0.1868,2026-08-01
9120,2025-11-21,0.288,2026-09-01
9121,2025-11-21,0.2869,2026-09-01
9122,2025-11-21,0.3055,2026-10-01
9123,2025-11-21,0.3134,2026-10-01
9124,2025-11-21,0.2718,2026-11-01
9125,2025-11-21,0.2779,2026-11-01
9126,2025-11-21,0.4846,2026-12-01
9127,2025-11-21,0.4821,2026-12-01
9128,2025-11-21,0.3794,2027-01-01
9129,2025-11-21,0.3765,2027-01-01
9130,2025-11-21,0.5506,2027-02-01
9131,2025-11-21,0.538,2027-02-01
9132,2025-11-21,0.3434,2027-03-01
9133,2025-11-21,0.3444,2027-03-01
9134,2025-11-21,0.3449,2027-04-01
9135,2025-11-21,0.3446,2027-04-01
9136,2025-11-21,0.2582,2027-05-01
9137,2025-11-21,0.256,2027-05-01
9138,2025-11-21,0.2119,2027-06-01
9139,2025-11-21,0.2164,2027-06-01
9140,2025-11-21,0.2146,2027-07-01
9141,2025-11-21,0.2079,2027-07-01
9142,2025-11-21,0.1546,2027-08-01
9143,2025-11-21,0.1627,2027-08-01
9144,2025-11-21,0.2645,2027-09-01
9145,2025-11-21,0.2646,2027-09-01
9146,2025-11-21,0.2986,2027-10-01
9147,2025-11-21,0.3061,2027-10-01
9148,2025-11-21,0.2559,2027-11-01
9149,2025-11-21,0.2586,2027-11-01
9150,2025-11-24,0.1929,2025-11-01
9151,2025-11-24,0.2098,2025-11-01
9152,2025-11-24,0.4622,2025-12-01
9153,2025-11-24,0.4674,2025-12-01
9154,2025-11-24,0.4165,2026-01-01
9155,2025-11-24,0.4127,2026-01-01
9156,2025-11-24,0.5735,2026-02-01
9157,2025-11-24,0.5728,2026-02-01
9158,2025-11-24,0.3509,2026-03-01
9159,2025-11-24,0.361,2026-03-01
9160,2025-11-24,0.4032,2026-04-01
9161,2025-11-24,0.402,2026-04-01
9162,2025-11-24,0.2723,2026-05-01
9163,2025-11-24,0.2786,2026-05-01
9164,2025-11-24,0.2698,2026-06-01
9165,2025-11-24,0.2654,2026-06-01
9166,2025-11-24,0.2537,2026-07-01
9167,2025-11-24,0.2508,2026-07-01
9168,2025-11-24,0.1882,2026-08-01
9169,2025-11-24,0.1865,2026-08-01
9170,2025-11-24,0.2856,2026-09-01
9171,2025-11-24,0.2866,2026-09-01
9172,2025-11-24,0.3031,2026-10-01
9173,2025-11-24,0.3126,2026-10-01
9174,2025-11-24,0.2702,2026-11-01
9175,2025-11-24,0.2772,2026-11-01
9176,2025-11-24,0.4815,2026-12-01
9177,2025-11-24,0.4825,2026-12-01
9178,2025-11-24,0.3804,2027-01-01
9179,2025-11-24,0.3744,2027-01-01
9180,2025-11-24,0.5589,2027-02-01
9181,2025-11-24,0.5433,2027-02-01
9182,2025-11-24,0.341,2027-03-01
9183,2025-11-24,0.345,2027-03-01
9184,2025-11-24,0.3506,2027-04-01
9185,2025-11-24,0.3478,2027-04-01
9186,2025-11-24,0.2554,2027-05-01
9187,2025-11-24,0.2574,2027-05-01
9188,2025-11-24,0.2127,2027-06-01
9189,2025-11-24,0.2169,2027-06-01
9190,2025-11-24,0.2128,2027-07-01
9191,2025-11-24,0.2082,2027-07-01
9192,2025-11-24,0.1527,2027-08-01
9193,2025-11-24,0.161,2027-08-01
9194,2025-11-24,0.2665,2027-09-01
9195,2025-11-24,0.2628,2027-09-01
9196,2025-11-24,0.3049,2027-10-01
9197,2025-11-24,0.3068,2027-10-01
9198,2025-11-24,0.2598,2027-11-01
9199,2025-11-24,0.2582,2027-11-01
9200,2025-11-25,0.194,2025-11-01
9201,2025-11-25,0.2098,2025-11-01
9202,2025-11-25,0.4632,2025-12-01
9203,2025-11-25,0.4671,2025-12-01
9204,2025-11-25,0.415,2026-01-01
9205,2025-11-25,0.4114,2026-01-01
9206,2025-11-25,0.569,2026-02-01
9207,2025-11-25,0.5734,2026-02-01
9208,2025-11-25,0.3537,2026-03-01
9209,2025-11-25,0.3616,2026-03-01
9210,2025-11-25,0.4023,2026-04-01
9211,2025-11-25,0.4016,2026-04-01
9212,2025-11-25,0.2723,2026-05-01
9213,2025-11-25,0.2782,2026-05-01
9214,2025-11-25,0.2692,2026-06-01
9215,2025-11-25,0.265,2026-06-01
9216,2025-11-25,0.2558,2026-07-01
9217,2025-11-25,0.2505,2026-07-01
9218,2025-11-25,0.184,2026-08-01
9219,2025-11-25,0.1867,2026-08-01
9220,2025-11-25,0.2888,2026-09-01
9221,2025-11-25,0.2868,2026-09-01
9222,2025-11-25,0.3058,2026-10-01
9223,2025-11-25,0.3132,2026-10-01
9224,2025-11-25,0.2716,2026-11-01
9225,2025-11-25,0.2776,2026-11-01
9226,2025-11-25,0.4823,2026-12-01
9227,2025-11-25,0.4826,2026-12-01
9228,2025-11-25,0.3809,2027-01-01
9229,2025-11-25,0.3744,2027-01-01
9230,2025-11-25,0.5544,2027-02-01
9231,2025-11-25,0.5433,2027-02-01
9232,2025-11-25,0.3402,2027-03-01
9233,2025-11-25,0.345,2027-03-01
9234,2025-11-25,0.3482,2027-04-01
9235,2025-11-25,0.3478,2027-04-01
9236,2025-11-25,0.2556,2027-05-01
9237,2025-11-25,0.2574,2027-05-01
9238,2025-11-25,0.2153,2027-06-01
9239,2025-11-25,0.2173,2027-06-01
9240,2025-11-25,0.2121,2027-07-01
9241,2025-11-25,0.2082,2027-07-01
9242,2025-11-25,0.1572,2027-08-01
9243,2025-11-25,0.161,2027-08-01
9244,2025-11-25,0.2681,2027-09-01
9245,2025-11-25,0.2628,2027-09-01
9246,2025-11-25,0.3082,2027-10-01
9247,2025-11-25,0.3068,2027-10-01
9248,2025-11-25,0.2603,2027-11-01
9249,2025-11-25,0.2578,2027-11-01
9250,2025-11-26,0.1927,2025-11-01
9251,2025-11-26,0.21,2025-11-01
9252,2025-11-26,0.4628,2025-12-01
9253,2025-11-26,0.4659,2025-12-01
9254,2025-11-26,0.4098,2026-01-01
9255,2025-11-26,0.4076,2026-01-01
9256,2025-11-26,0.5621,2026-02-01
9257,2025-11-26,0.5674,2026-02-01
9258,2025-11-26,0.3548,2026-03-01
9259,2025-11-26,0.3618,2026-03-01
9260,2025-11-26,0.4033,2026-04-01
9261,2025-11-26,0.4012,2026-04-01
9262,2025-11-26,0.2731,2026-05-01
9263,2025-11-26,0.2778,2026-05-01
9264,2025-11-26,0.2689,2026-06-01
9265,2025-11-26,0.2648,2026-06-01
9266,2025-11-26,0.2527,2026-07-01
9267,2025-11-26,0.2504,2026-07-01
9268,2025-11-26,0.1833,2026-08-01
9269,2025-11-26,0.1866,2026-08-01
9270,2025-11-26,0.2881,2026-09-01
9271,2025-11-26,0.2867,2026-09-01
9272,2025-11-26,0.308,2026-10-01
9273,2025-11-26,0.313,2026-10-01
9274,2025-11-26,0.2684,2026-11-01
9275,2025-11-26,0.2776,2026-11-01
9276,2025-11-26,0.4812,2026-12-01
9277,2025-11-26,0.4822,2026-12-01
9278,2025-11-26,0.3799,2027-01-01
9279,2025-11-26,0.3741,2027-01-01
9280,2025-11-26,0.5601,2027-02-01
9281,2025-11-26,0.5428,2027-02-01
9282,2025-11-26,0.3403,2027-03-01
9283,2025-11-26,0.3441,2027-03-01
9284,2025-11-26,0.3496,2027-04-01
9285,2025-11-26,0.3471,2027-04-01
9286,2025-11-26,0.2551,2027-05-01
9287,2025-11-26,0.2567,2027-05-01
9288,2025-11-26,0.2167,2027-06-01
9289,2025-11-26,0.217,2027-06-01
9290,2025-11-26,0.2113,2027-07-01
9291,2025-11-26,0.2081,2027-07-01
9292,2025-11-26,0.1549,2027-08-01
9293,2025-11-26,0.161,2027-08-01
9294,2025-11-26,0.2677,2027-09-01
9295,2025-11-26,0.2624,2027-09-01
9296,2025-11-26,0.3078,2027-10-01
9297,2025-11-26,0.3062,2027-10-01
9298,2025-11-26,0.258,2027-11-01
9299,2025-11-26,0.2575,2027-11-01
9300,2025-11-27,0.1919,2025-11-01
9301,2025-11-27,0.2096,2025-11-01
9302,2025-11-27,0.4604,2025-12-01
9303,2025-11-27,0.465,2025-12-01
9304,2025-11-27,0.4075,2026-01-01
9305,2025-11-27,0.4058,2026-01-01
9306,2025-11-27,0.5591,2026-02-01
9307,2025-11-27,0.5655,2026-02-01
9308,2025-11-27,0.3534,2026-03-01
9309,2025-11-27,0.3614,2026-03-01
9310,2025-11-27,0.4024,2026-04-01
9311,2025-11-27,0.4,2026-04-01
9312,2025-11-27,0.2722,2026-05-01
9313,2025-11-27,0.2776,2026-05-01
9314,2025-11-27,0.2695,2026-06-01
9315,2025-11-27,0.2648,2026-06-01
9316,2025-11-27,0.2542,2026-07-01
9317,2025-11-27,0.2504,2026-07-01
9318,2025-11-27,0.1861,2026-08-01
9319,2025-11-27,0.1872,2026-08-01
9320,2025-11-27,0.287,2026-09-01
9321,2025-11-27,0.2867,2026-09-01
9322,2025-11-27,0.3022,2026-10-01
9323,2025-11-27,0.3126,2026-10-01
9324,2025-11-27,0.2636,2026-11-01
9325,2025-11-27,0.2775,2026-11-01
9326,2025-11-27,0.4753,2026-12-01
9327,2025-11-27,0.4817,2026-12-01
9328,2025-11-27,0.38,2027-01-01
9329,2025-11-27,0.3739,2027-01-01
9330,2025-11-27,0.5522,2027-02-01
9331,2025-11-27,0.5398,2027-02-01
9332,2025-11-27,0.3361,2027-03-01
9333,2025-11-27,0.3427,2027-03-01
9334,2025-11-27,0.3433,2027-04-01
9335,2025-11-27,0.3458,2027-04-01
9336,2025-11-27,0.2544,2027-05-01
9337,2025-11-27,0.2564,2027-05-01
9338,2025-11-27,0.2181,2027-06-01
9339,2025-11-27,0.2176,2027-06-01
9340,2025-11-27,0.2111,2027-07-01
9341,2025-11-27,0.2083,2027-07-01
9342,2025-11-27,0.1597,2027-08-01
9343,2025-11-27,0.1621,2027-08-01
9344,2025-11-27,0.2679,2027-09-01
9345,2025-11-27,0.2629,2027-09-01
9346,2025-11-27,0.3044,2027-10-01
9347,2025-11-27,0.306,2027-10-01
9348,2025-11-27,0.2556,2027-11-01
9349,2025-11-27,0.2576,2027-11-01
9350,2025-11-28,0.2042,2025-11-01
9351,2025-11-28,0.2104,2025-11-01
9352,2025-11-28,0.4583,2025-12-01
9353,2025-11-28,0.4604,2025-12-01
9354,2025-11-28,0.3913,2026-01-01
9355,2025-11-28,0.4037,2026-01-01
9356,2025-11-28,0.5538,2026-02-01
9357,2025-11-28,0.5635,2026-02-01
9358,2025-11-28,0.3527,2026-03-01
9359,2025-11-28,0.3583,2026-03-01
9360,2025-11-28,0.3897,2026-04-01
9361,2025-11-28,0.3996,2026-04-01
9362,2025-11-28,0.279,2026-05-01
9363,2025-11-28,0.2773,2026-05-01
9364,2025-11-28,0.2636,2026-06-01
9365,2025-11-28,0.2655,2026-06-01
9366,2025-11-28,0.2476,2026-07-01
9367,2025-11-28,0.2531,2026-07-01
9368,2025-11-28,0.1905,2026-08-01
9369,2025-11-28,0.1897,2026-08-01
9370,2025-11-28,0.2911,2026-09-01
9371,2025-11-28,0.2877,2026-09-01
9372,2025-11-28,0.2984,2026-10-01
9373,2025-11-28,0.3132,2026-10-01
9374,2025-11-28,0.2798,2026-11-01
9375,2025-11-28,0.2777,2026-11-01
9376,2025-11-28,0.4806,2026-12-01
9377,2025-11-28,0.4802,2026-12-01
9378,2025-11-28,0.3802,2027-01-01
9379,2025-11-28,0.3766,2027-01-01
9380,2025-11-28,0.5621,2027-02-01
9381,2025-11-28,0.5399,2027-02-01
9382,2025-11-28,0.32,2027-03-01
9383,2025-11-28,0.3415,2027-03-01
9384,2025-11-28,0.3397,2027-04-01
9385,2025-11-28,0.3461,2027-04-01
9386,2025-11-28,0.2476,2027-05-01
9387,2025-11-28,0.2564,2027-05-01
9388,2025-11-28,0.2091,2027-06-01
9389,2025-11-28,0.2169,2027-06-01
9390,2025-11-28,0.1899,2027-07-01
9391,2025-11-28,0.2082,2027-07-01
9392,2025-11-28,0.1499,2027-08-01
9393,2025-11-28,0.1625,2027-08-01
9394,2025-11-28,0.2835,2027-09-01
9395,2025-11-28,0.264,2027-09-01
9396,2025-11-28,0.3,2027-10-01
9397,2025-11-28,0.3067,2027-10-01
9398,2025-11-28,0.265,2027-11-01
9399,2025-11-28,0.26,2027-11-01
9400,2025-12-01,0.2047,2025-11-01
9401,2025-12-01,0.2086,2025-11-01
9402,2025-12-01,0.4551,2025-12-01
9403,2025-12-01,0.4569,2025-12-01
9404,2025-12-01,0.3714,2026-01-01
9405,2025-12-01,0.4018,2026-01-01
9406,2025-12-01,0.5561,2026-02-01
9407,2025-12-01,0.5628,2026-02-01
9408,2025-12-01,0.3574,2026-03-01
9409,2025-12-01,0.3566,2026-03-01
9410,2025-12-01,0.393,2026-04-01
9411,2025-12-01,0.3993,2026-04-01
9412,2025-12-01,0.2797,2026-05-01
9413,2025-12-01,0.2764,2026-05-01
9414,2025-12-01,0.2717,2026-06-01
9415,2025-12-01,0.2678,2026-06-01
9416,2025-12-01,0.241,2026-07-01
9417,2025-12-01,0.2556,2026-07-01
9418,2025-12-01,0.1961,2026-08-01
9419,2025-12-01,0.1905,2026-08-01
9420,2025-12-01,0.2901,2026-09-01
9421,2025-12-01,0.2905,2026-09-01
9422,2025-12-01,0.2961,2026-10-01
9423,2025-12-01,0.309,2026-10-01
9424,2025-12-01,0.2672,2026-11-01
9425,2025-12-01,0.2747,2026-11-01
9426,2025-12-01,0.4813,2026-12-01
9427,2025-12-01,0.4777,2026-12-01
9428,2025-12-01,0.3717,2027-01-01
9429,2025-12-01,0.3779,2027-01-01
9430,2025-12-01,0.5454,2027-02-01
9431,2025-12-01,0.5405,2027-02-01
9432,2025-12-01,0.3186,2027-03-01
9433,2025-12-01,0.3342,2027-03-01
9434,2025-12-01,0.3397,2027-04-01
9435,2025-12-01,0.343,2027-04-01
9436,2025-12-01,0.2522,2027-05-01
9437,2025-12-01,0.2573,2027-05-01
9438,2025-12-01,0.2026,2027-06-01
9439,2025-12-01,0.2183,2027-06-01
9440,2025-12-01,0.1958,2027-07-01
9441,2025-12-01,0.2128,2027-07-01
9442,2025-12-01,0.1529,2027-08-01
9443,2025-12-01,0.164,2027-08-01
9444,2025-12-01,0.2861,2027-09-01
9445,2025-12-01,0.2679,2027-09-01
9446,2025-12-01,0.2863,2027-10-01
9447,2025-12-01,0.3032,2027-10-01
9448,2025-12-01,0.2649,2027-11-01
9449,2025-12-01,0.2594,2027-11-01
9450,2025-12-02,0.2024,2025-11-01
9451,2025-12-02,0.2085,2025-11-01
9452,2025-12-02,0.4514,2025-12-01
9453,2025-12-02,0.4553,2025-12-01
9454,2025-12-02,0.3739,2026-01-01
9455,2025-12-02,0.4013,2026-01-01
9456,2025-12-02,0.5544,2026-02-01
9457,2025-12-02,0.5611,2026-02-01
9458,2025-12-02,0.3503,2026-03-01
9459,2025-12-02,0.3565,2026-03-01
9460,2025-12-02,0.3929,2026-04-01
9461,2025-12-02,0.3993,2026-04-01
9462,2025-12-02,0.2791,2026-05-01
9463,2025-12-02,0.2764,2026-05-01
9464,2025-12-02,0.2715,2026-06-01
9465,2025-12-02,0.2678,2026-06-01
9466,2025-12-02,0.2439,2026-07-01
9467,2025-12-02,0.2556,2026-07-01
9468,2025-12-02,0.199,2026-08-01
9469,2025-12-02,0.1905,2026-08-01
9470,2025-12-02,0.2891,2026-09-01
9471,2025-12-02,0.2905,2026-09-01
9472,2025-12-02,0.2896,2026-10-01
9473,2025-12-02,0.309,2026-10-01
9474,2025-12-02,0.2652,2026-11-01
9475,2025-12-02,0.2747,2026-11-01
9476,2025-12-02,0.4756,2026-12-01
9477,2025-12-02,0.4795,2026-12-01
9478,2025-12-02,0.3586,2027-01-01
9479,2025-12-02,0.3779,2027-01-01
9480,2025-12-02,0.5501,2027-02-01
9481,2025-12-02,0.5405,2027-02-01
9482,2025-12-02,0.3155,2027-03-01
9483,2025-12-02,0.3342,2027-03-01
9484,2025-12-02,0.3395,2027-04-01
9485,2025-12-02,0.343,2027-04-01
9486,2025-12-02,0.2497,2027-05-01
9487,2025-12-02,0.2573,2027-05-01
9488,2025-12-02,0.2022,2027-06-01
9489,2025-12-02,0.2183,2027-06-01
9490,2025-12-02,0.1979,2027-07-01
9491,2025-12-02,0.2128,2027-07-01
9492,2025-12-02,0.1501,2027-08-01
9493,2025-12-02,0.164,2027-08-01
9494,2025-12-02,0.2816,2027-09-01
9495,2025-12-02,0.2679,2027-09-01
9496,2025-12-02,0.2812,2027-10-01
9497,2025-12-02,0.3032,2027-10-01
9498,2025-12-02,0.2638,2027-11-01
9499,2025-12-02,0.2594,2027-11-01
9500,2025-12-03,0.2036,2025-11-01
9501,2025-12-03,0.2084,2025-11-01
9502,2025-12-03,0.4482,2025-12-01
9503,2025-12-03,0.4548,2025-12-01
9504,2025-12-03,0.3916,2026-01-01
9505,2025-12-03,0.4038,2026-01-01
9506,2025-12-03,0.5674,2026-02-01
9507,2025-12-03,0.5591,2026-02-01
9508,2025-12-03,0.3519,2026-03-01
9509,2025-12-03,0.3553,2026-03-01
9510,2025-12-03,0.3929,2026-04-01
9511,2025-12-03,0.399,2026-04-01
9512,2025-12-03,0.2789,2026-05-01
9513,2025-12-03,0.2762,2026-05-01
9514,2025-12-03,0.2704,2026-06-01
9515,2025-12-03,0.2673,2026-06-01
9516,2025-12-03,0.2455,2026-07-01
9517,2025-12-03,0.2557,2026-07-01
9518,2025-12-03,0.1966,2026-08-01
9519,2025-12-03,0.1914,2026-08-01
9520,2025-12-03,0.2885,2026-09-01
9521,2025-12-03,0.2895,2026-09-01
9522,2025-12-03,0.2927,2026-10-01
9523,2025-12-03,0.3082,2026-10-01
9524,2025-12-03,0.2653,2026-11-01
9525,2025-12-03,0.2745,2026-11-01
9526,2025-12-03,0.4781,2026-12-01
9527,2025-12-03,0.4776,2026-12-01
9528,2025-12-03,0.3572,2027-01-01
9529,2025-12-03,0.3776,2027-01-01
9530,2025-12-03,0.549,2027-02-01
9531,2025-12-03,0.538,2027-02-01
9532,2025-12-03,0.3205,2027-03-01
9533,2025-12-03,0.3326,2027-03-01
9534,2025-12-03,0.3405,2027-04-01
9535,2025-12-03,0.3424,2027-04-01
9536,2025-12-03,0.252,2027-05-01
9537,2025-12-03,0.2572,2027-05-01
9538,2025-12-03,0.2045,2027-06-01
9539,2025-12-03,0.2178,2027-06-01
9540,2025-12-03,0.1968,2027-07-01
9541,2025-12-03,0.213,2027-07-01
9542,2025-12-03,0.1497,2027-08-01
9543,2025-12-03,0.1653,2027-08-01
9544,2025-12-03,0.2846,2027-09-01
9545,2025-12-03,0.2675,2027-09-01
9546,2025-12-03,0.2847,2027-10-01
9547,2025-12-03,0.3029,2027-10-01
9548,2025-12-03,0.263,2027-11-01
9549,2025-12-03,0.2594,2027-11-01
9550,2025-12-04,0.2096,2025-11-01
9551,2025-12-04,0.2077,2025-11-01
9552,2025-12-04,0.4411,2025-12-01
9553,2025-12-04,0.4541,2025-12-01
9554,2025-12-04,0.3841,2026-01-01
9555,2025-12-04,0.4039,2026-01-01
9556,2025-12-04,0.5617,2026-02-01
9557,2025-12-04,0.5592,2026-02-01
9558,2025-12-04,0.3484,2026-03-01
9559,2025-12-04,0.355,2026-03-01
9560,2025-12-04,0.3893,2026-04-01
9561,2025-12-04,0.3989,2026-04-01
9562,2025-12-04,0.2719,2026-05-01
9563,2025-12-04,0.2765,2026-05-01
9564,2025-12-04,0.2753,2026-06-01
9565,2025-12-04,0.2671,2026-06-01
9566,2025-12-04,0.2535,2026-07-01
9567,2025-12-04,0.2558,2026-07-01
9568,2025-12-04,0.2023,2026-08-01
9569,2025-12-04,0.1913,2026-08-01
9570,2025-12-04,0.2978,2026-09-01
9571,2025-12-04,0.2899,2026-09-01
9572,2025-12-04,0.2942,2026-10-01
9573,2025-12-04,0.3078,2026-10-01
9574,2025-12-04,0.2679,2026-11-01
9575,2025-12-04,0.2744,2026-11-01
9576,2025-12-04,0.4804,2026-12-01
9577,2025-12-04,0.4779,2026-12-01
9578,2025-12-04,0.3543,2027-01-01
9579,2025-12-04,0.3767,2027-01-01
9580,2025-12-04,0.5534,2027-02-01
9581,2025-12-04,0.538,2027-02-01
9582,2025-12-04,0.3282,2027-03-01
9583,2025-12-04,0.3326,2027-03-01
9584,2025-12-04,0.3411,2027-04-01
9585,2025-12-04,0.3424,2027-04-01
9586,2025-12-04,0.2499,2027-05-01
9587,2025-12-04,0.2572,2027-05-01
9588,2025-12-04,0.2187,2027-06-01
9589,2025-12-04,0.2178,2027-06-01
9590,2025-12-04,0.211,2027-07-01
9591,2025-12-04,0.213,2027-07-01
9592,2025-12-04,0.1535,2027-08-01
9593,2025-12-04,0.1653,2027-08-01
9594,2025-12-04,0.299,2027-09-01
9595,2025-12-04,0.2675,2027-09-01
9596,2025-12-04,0.2911,2027-10-01
9597,2025-12-04,0.3029,2027-10-01
9598,2025-12-04,0.2703,2027-11-01
9599,2025-12-04,0.2594,2027-11-01
9600,2025-12-05,0.1979,2025-11-01
9601,2025-12-05,0.2056,2025-11-01
9602,2025-12-05,0.4175,2025-12-01
9603,2025-12-05,0.4338,2025-12-01
9604,2025-12-05,0.383,2026-01-01
9605,2025-12-05,0.3925,2026-01-01
9606,2025-12-05,0.5622,2026-02-01
9607,2025-12-05,0.558,2026-02-01
9608,2025-12-05,0.3483,2026-03-01
9609,2025-12-05,0.3538,2026-03-01
9610,2025-12-05,0.4005,2026-04-01
9611,2025-12-05,0.3984,2026-04-01
9612,2025-12-05,0.2711,2026-05-01
9613,2025-12-05,0.2747,2026-05-01
9614,2025-12-05,0.2721,2026-06-01
9615,2025-12-05,0.2692,2026-06-01
9616,2025-12-05,0.2223,2026-07-01
9617,2025-12-05,0.2313,2026-07-01
9618,2025-12-05,0.2316,2026-08-01
9619,2025-12-05,0.2193,2026-08-01
9620,2025-12-05,0.2858,2026-09-01
9621,2025-12-05,0.2905,2026-09-01
9622,2025-12-05,0.2976,2026-10-01
9623,2025-12-05,0.3058,2026-10-01
9624,2025-12-05,0.2583,2026-11-01
9625,2025-12-05,0.2704,2026-11-01
9626,2025-12-05,0.4878,2026-12-01
9627,2025-12-05,0.4846,2026-12-01
9628,2025-12-05,0.3712,2027-01-01
9629,2025-12-05,0.3745,2027-01-01
9630,2025-12-05,0.54,2027-02-01
9631,2025-12-05,0.5335,2027-02-01
9632,2025-12-05,0.3353,2027-03-01
9633,2025-12-05,0.3328,2027-03-01
9634,2025-12-05,0.3384,2027-04-01
9635,2025-12-05,0.3401,2027-04-01
9636,2025-12-05,0.2464,2027-05-01
9637,2025-12-05,0.2556,2027-05-01
9638,2025-12-05,0.2143,2027-06-01
9639,2025-12-05,0.2185,2027-06-01
9640,2025-12-05,0.2105,2027-07-01
9641,2025-12-05,0.2081,2027-07-01
9642,2025-12-05,0.1631,2027-08-01
9643,2025-12-05,0.1703,2027-08-01
9644,2025-12-05,0.2653,2027-09-01
9645,2025-12-05,0.2643,2027-09-01
9646,2025-12-05,0.3024,2027-10-01
9647,2025-12-05,0.3031,2027-10-01
9648,2025-12-05,0.2667,2027-11-01
9649,2025-12-05,0.2613,2027-11-01
9650,2025-12-08,0.1994,2025-11-01
9651,2025-12-08,0.2023,2025-11-01
9652,2025-12-08,0.4131,2025-12-01
9653,2025-12-08,0.4299,2025-12-01
9654,2025-12-08,0.3906,2026-01-01
9655,2025-12-08,0.3912,2026-01-01
9656,2025-12-08,0.5606,2026-02-01
9657,2025-12-08,0.5568,2026-02-01
9658,2025-12-08,0.351,2026-03-01
9659,2025-12-08,0.3534,2026-03-01
9660,2025-12-08,0.4018,2026-04-01
9661,2025-12-08,0.3988,2026-04-01
9662,2025-12-08,0.2731,2026-05-01
9663,2025-12-08,0.2734,2026-05-01
9664,2025-12-08,0.2672,2026-06-01
9665,2025-12-08,0.2687,2026-06-01
9666,2025-12-08,0.2195,2026-07-01
9667,2025-12-08,0.2297,2026-07-01
9668,2025-12-08,0.2351,2026-08-01
9669,2025-12-08,0.2229,2026-08-01
9670,2025-12-08,0.2869,2026-09-01
9671,2025-12-08,0.2914,2026-09-01
9672,2025-12-08,0.3073,2026-10-01
9673,2025-12-08,0.3059,2026-10-01
9674,2025-12-08,0.269,2026-11-01
9675,2025-12-08,0.2709,2026-11-01
9676,2025-12-08,0.4915,2026-12-01
9677,2025-12-08,0.4846,2026-12-01
9678,2025-12-08,0.3739,2027-01-01
9679,2025-12-08,0.3733,2027-01-01
9680,2025-12-08,0.5442,2027-02-01
9681,2025-12-08,0.532,2027-02-01
9682,2025-12-08,0.3362,2027-03-01
9683,2025-12-08,0.3319,2027-03-01
9684,2025-12-08,0.3363,2027-04-01
9685,2025-12-08,0.34,2027-04-01
9686,2025-12-08,0.2478,2027-05-01
9687,2025-12-08,0.2549,2027-05-01
9688,2025-12-08,0.215,2027-06-01
9689,2025-12-08,0.2188,2027-06-01
9690,2025-12-08,0.2087,2027-07-01
9691,2025-12-08,0.2081,2027-07-01
9692,2025-12-08,0.1631,2027-08-01
9693,2025-12-08,0.1708,2027-08-01
9694,2025-12-08,0.2621,2027-09-01
9695,2025-12-08,0.2642,2027-09-01
9696,2025-12-08,0.3037,2027-10-01
9697,2025-12-08,0.303,2027-10-01
9698,2025-12-08,0.267,2027-11-01
9699,2025-12-08,0.2619,2027-11-01
9700,2025-12-09,0.1998,2025-11-01
9701,2025-12-09,0.2025,2025-11-01
9702,2025-12-09,0.4133,2025-12-01
9703,2025-12-09,0.4278,2025-12-01
9704,2025-12-09,0.3865,2026-01-01
9705,2025-12-09,0.391,2026-01-01
9706,2025-12-09,0.5619,2026-02-01
9707,2025-12-09,0.5566,2026-02-01
9708,2025-12-09,0.3552,2026-03-01
9709,2025-12-09,0.3542,2026-03-01
9710,2025-12-09,0.4025,2026-04-01
9711,2025-12-09,0.3993,2026-04-01
9712,2025-12-09,0.2761,2026-05-01
9713,2025-12-09,0.2729,2026-05-01
9714,2025-12-09,0.2659,2026-06-01
9715,2025-12-09,0.2694,2026-06-01
9716,2025-12-09,0.2171,2026-07-01
9717,2025-12-09,0.228,2026-07-01
9718,2025-12-09,0.2357,2026-08-01
9719,2025-12-09,0.2249,2026-08-01
9720,2025-12-09,0.2897,2026-09-01
9721,2025-12-09,0.2919,2026-09-01
9722,2025-12-09,0.308,2026-10-01
9723,2025-12-09,0.3048,2026-10-01
9724,2025-12-09,0.2663,2026-11-01
9725,2025-12-09,0.2691,2026-11-01
9726,2025-12-09,0.4868,2026-12-01
9727,2025-12-09,0.4838,2026-12-01
9728,2025-12-09,0.3703,2027-01-01
9729,2025-12-09,0.3733,2027-01-01
9730,2025-12-09,0.5354,2027-02-01
9731,2025-12-09,0.532,2027-02-01
9732,2025-12-09,0.3383,2027-03-01
9733,2025-12-09,0.3319,2027-03-01
9734,2025-12-09,0.3368,2027-04-01
9735,2025-12-09,0.34,2027-04-01
9736,2025-12-09,0.2516,2027-05-01
9737,2025-12-09,0.2549,2027-05-01
9738,2025-12-09,0.2188,2027-06-01
9739,2025-12-09,0.2188,2027-06-01
9740,2025-12-09,0.2107,2027-07-01
9741,2025-12-09,0.2081,2027-07-01
9742,2025-12-09,0.1679,2027-08-01
9743,2025-12-09,0.1708,2027-08-01
9744,2025-12-09,0.2625,2027-09-01
9745,2025-12-09,0.2642,2027-09-01
9746,2025-12-09,0.3029,2027-10-01
9747,2025-12-09,0.303,2027-10-01
9748,2025-12-09,0.2667,2027-11-01
9749,2025-12-09,0.2625,2027-11-01
9750,2025-12-10,0.4199,2025-12-01
9751,2025-12-10,0.4297,2025-12-01
9752,2025-12-10,0.3782,2026-01-01
9753,2025-12-10,0.3854,2026-01-01
9754,2025-12-10,0.5612,2026-02-01
9755,2025-12-10,0.555,2026-02-01
9756,2025-12-10,0.3552,2026-03-01
9757,2025-12-10,0.3556,2026-03-01
9758,2025-12-10,0.4017,2026-04-01
9759,2025-12-10,0.3975,2026-04-01
9760,2025-12-10,0.2744,2026-05-01
9761,2025-12-10,0.2738,2026-05-01
9762,2025-12-10,0.2684,2026-06-01
9763,2025-12-10,0.2682,2026-06-01
9764,2025-12-10,0.2141,2026-07-01
9765,2025-12-10,0.2235,2026-07-01
9766,2025-12-10,0.2367,2026-08-01
9767,2025-12-10,0.2274,2026-08-01
9768,2025-12-10,0.2895,2026-09-01
9769,2025-12-10,0.2924,2026-09-01
9770,2025-12-10,0.305,2026-10-01
9771,2025-12-10,0.3055,2026-10-01
9772,2025-12-10,0.2646,2026-11-01
9773,2025-12-10,0.2699,2026-11-01
9774,2025-12-10,0.4925,2026-12-01
9775,2025-12-10,0.4842,2026-12-01
9776,2025-12-10,0.3722,2027-01-01
9777,2025-12-10,0.3737,2027-01-01
9778,2025-12-10,0.5391,2027-02-01
9779,2025-12-10,0.5317,2027-02-01
9780,2025-12-10,0.3379,2027-03-01
9781,2025-12-10,0.3328,2027-03-01
9782,2025-12-10,0.3363,2027-04-01
9783,2025-12-10,0.3392,2027-04-01
9784,2025-12-10,0.2526,2027-05-01
9785,2025-12-10,0.2562,2027-05-01
9786,2025-12-10,0.2173,2027-06-01
9787,2025-12-10,0.2187,2027-06-01
9788,2025-12-10,0.2094,2027-07-01
9789,2025-12-10,0.2083,2027-07-01
9790,2025-12-10,0.1637,2027-08-01
9791,2025-12-10,0.1701,2027-08-01
9792,2025-12-10,0.2627,2027-09-01
9793,2025-12-10,0.2642,2027-09-01
9794,2025-12-10,0.299,2027-10-01
9795,2025-12-10,0.3026,2027-10-01
9796,2025-12-10,0.2663,2027-11-01
9797,2025-12-10,0.2632,2027-11-01
9798,2025-12-10,0.4346,2027-12-01
9799,2025-12-10,0.4308,2027-12-01
9800,2025-12-11,0.4202,2025-12-01
9801,2025-12-11,0.429,2025-12-01
9802,2025-12-11,0.3774,2026-01-01
9803,2025-12-11,0.3847,2026-01-01
9804,2025-12-11,0.56,2026-02-01
9805,2025-12-11,0.5545,2026-02-01
9806,2025-12-11,0.3566,2026-03-01
9807,2025-12-11,0.3556,2026-03-01
9808,2025-12-11,0.4017,2026-04-01
9809,2025-12-11,0.3974,2026-04-01
9810,2025-12-11,0.2754,2026-05-01
9811,2025-12-11,0.2734,2026-05-01
9812,2025-12-11,0.2695,2026-06-01
9813,2025-12-11,0.2682,2026-06-01
9814,2025-12-11,0.2159,2026-07-01
9815,2025-12-11,0.2234,2026-07-01
9816,2025-12-11,0.2356,2026-08-01
9817,2025-12-11,0.2274,2026-08-01
9818,2025-12-11,0.2909,2026-09-01
9819,2025-12-11,0.292,2026-09-01
9820,2025-12-11,0.3048,2026-10-01
9821,2025-12-11,0.3056,2026-10-01
9822,2025-12-11,0.2633,2026-11-01
9823,2025-12-11,0.2697,2026-11-01
9824,2025-12-11,0.4927,2026-12-01
9825,2025-12-11,0.4841,2026-12-01
9826,2025-12-11,0.3728,2027-01-01
9827,2025-12-11,0.3736,2027-01-01
9828,2025-12-11,0.5367,2027-02-01
9829,2025-12-11,0.5312,2027-02-01
9830,2025-12-11,0.3367,2027-03-01
9831,2025-12-11,0.3327,2027-03-01
9832,2025-12-11,0.3355,2027-04-01
9833,2025-12-11,0.339,2027-04-01
9834,2025-12-11,0.2533,2027-05-01
9835,2025-12-11,0.2561,2027-05-01
9836,2025-12-11,0.2176,2027-06-01
9837,2025-12-11,0.2187,2027-06-01
9838,2025-12-11,0.2108,2027-07-01
9839,2025-12-11,0.2078,2027-07-01
9840,2025-12-11,0.1659,2027-08-01
9841,2025-12-11,0.1701,2027-08-01
9842,2025-12-11,0.2638,2027-09-01
9843,2025-12-11,0.2641,2027-09-01
9844,2025-12-11,0.2997,2027-10-01
9845,2025-12-11,0.3025,2027-10-01
9846,2025-12-11,0.2684,2027-11-01
9847,2025-12-11,0.2633,2027-11-01
9848,2025-12-11,0.4344,2027-12-01
9849,2025-12-11,0.4309,2027-12-01
9850,2025-12-12,0.4224,2025-12-01
9851,2025-12-12,0.4247,2025-12-01
9852,2025-12-12,0.3586,2026-01-01
9853,2025-12-12,0.382,2026-01-01
9854,2025-12-12,0.5548,2026-02-01
9855,2025-12-12,0.5535,2026-02-01
9856,2025-12-12,0.3756,2026-03-01
9857,2025-12-12,0.3566,2026-03-01
9858,2025-12-12,0.3977,2026-04-01
9859,2025-12-12,0.398,2026-04-01
9860,2025-12-12,0.276,2026-05-01
9861,2025-12-12,0.2732,2026-05-01
9862,2025-12-12,0.2666,2026-06-01
9863,2025-12-12,0.2687,2026-06-01
9864,2025-12-12,0.1845,2026-07-01
9865,2025-12-12,0.2171,2026-07-01
9866,2025-12-12,0.2728,2026-08-01
9867,2025-12-12,0.235,2026-08-01
9868,2025-12-12,0.2853,2026-09-01
9869,2025-12-12,0.2908,2026-09-01
9870,2025-12-12,0.3106,2026-10-01
9871,2025-12-12,0.3054,2026-10-01
9872,2025-12-12,0.2677,2026-11-01
9873,2025-12-12,0.2687,2026-11-01
9874,2025-12-12,0.493,2026-12-01
9875,2025-12-12,0.4813,2026-12-01
9876,2025-12-12,0.3634,2027-01-01
9877,2025-12-12,0.376,2027-01-01
9878,2025-12-12,0.538,2027-02-01
9879,2025-12-12,0.5308,2027-02-01
9880,2025-12-12,0.3346,2027-03-01
9881,2025-12-12,0.3326,2027-03-01
9882,2025-12-12,0.3395,2027-04-01
9883,2025-12-12,0.3411,2027-04-01
9884,2025-12-12,0.2693,2027-05-01
9885,2025-12-12,0.2571,2027-05-01
9886,2025-12-12,0.2174,2027-06-01
9887,2025-12-12,0.2203,2027-06-01
9888,2025-12-12,0.2029,2027-07-01
9889,2025-12-12,0.2076,2027-07-01
9890,2025-12-12,0.1708,2027-08-01
9891,2025-12-12,0.1691,2027-08-01
9892,2025-12-12,0.2604,2027-09-01
9893,2025-12-12,0.2617,2027-09-01
9894,2025-12-12,0.2877,2027-10-01
9895,2025-12-12,0.3049,2027-10-01
9896,2025-12-12,0.2667,2027-11-01
9897,2025-12-12,0.2643,2027-11-01
9898,2025-12-12,0.4436,2027-12-01
9899,2025-12-12,0.4258,2027-12-01
9900,2025-12-15,0.4154,2025-12-01
9901,2025-12-15,0.4225,2025-12-01
9902,2025-12-15,0.3503,2026-01-01
9903,2025-12-15,0.3789,2026-01-01
9904,2025-12-15,0.553,2026-02-01
9905,2025-12-15,0.5522,2026-02-01
9906,2025-12-15,0.369,2026-03-01
9907,2025-12-15,0.3562,2026-03-01
9908,2025-12-15,0.3913,2026-04-01
9909,2025-12-15,0.3968,2026-04-01
9910,2025-12-15,0.2748,2026-05-01
9911,2025-12-15,0.2741,2026-05-01
9912,2025-12-15,0.2712,2026-06-01
9913,2025-12-15,0.2684,2026-06-01
9914,2025-12-15,0.1687,2026-07-01
9915,2025-12-15,0.2129,2026-07-01
9916,2025-12-15,0.2852,2026-08-01
9917,2025-12-15,0.2371,2026-08-01
9918,2025-12-15,0.2774,2026-09-01
9919,2025-12-15,0.2881,2026-09-01
9920,2025-12-15,0.2987,2026-10-01
9921,2025-12-15,0.3049,2026-10-01
9922,2025-12-15,0.2674,2026-11-01
9923,2025-12-15,0.2702,2026-11-01
9924,2025-12-15,0.4853,2026-12-01
9925,2025-12-15,0.4814,2026-12-01
9926,2025-12-15,0.3639,2027-01-01
9927,2025-12-15,0.3766,2027-01-01
9928,2025-12-15,0.5343,2027-02-01
9929,2025-12-15,0.5294,2027-02-01
9930,2025-12-15,0.3334,2027-03-01
9931,2025-12-15,0.3325,2027-03-01
9932,2025-12-15,0.3368,2027-04-01
9933,2025-12-15,0.3422,2027-04-01
9934,2025-12-15,0.267,2027-05-01
9935,2025-12-15,0.2565,2027-05-01
9936,2025-12-15,0.2178,2027-06-01
9937,2025-12-15,0.2206,2027-06-01
9938,2025-12-15,0.2028,2027-07-01
9939,2025-12-15,0.2092,2027-07-01
9940,2025-12-15,0.1715,2027-08-01
9941,2025-12-15,0.1688,2027-08-01
9942,2025-12-15,0.2694,2027-09-01
9943,2025-12-15,0.2607,2027-09-01
9944,2025-12-15,0.2904,2027-10-01
9945,2025-12-15,0.3035,2027-10-01
9946,2025-12-15,0.27,2027-11-01
9947,2025-12-15,0.2661,2027-11-01
9948,2025-12-15,0.4232,2027-12-01
9949,2025-12-15,0.4223,2027-12-01
9950,2025-12-16,0.4033,2025-12-01
9951,2025-12-16,0.4189,2025-12-01
9952,2025-12-16,0.3495,2026-01-01
9953,2025-12-16,0.3763,2026-01-01
9954,2025-12-16,0.5536,2026-02-01
9955,2025-12-16,0.5518,2026-02-01
9956,2025-12-16,0.3627,2026-03-01
9957,2025-12-16,0.3567,2026-03-01
9958,2025-12-16,0.3917,2026-04-01
9959,2025-12-16,0.3973,2026-04-01
9960,2025-12-16,0.2719,2026-05-01
9961,2025-12-16,0.2737,2026-05-01
9962,2025-12-16,0.2714,2026-06-01
9963,2025-12-16,0.2684,2026-06-01
9964,2025-12-16,0.1796,2026-07-01
9965,2025-12-16,0.2128,2026-07-01
9966,2025-12-16,0.2817,2026-08-01
9967,2025-12-16,0.2371,2026-08-01
9968,2025-12-16,0.2731,2026-09-01
9969,2025-12-16,0.2882,2026-09-01
9970,2025-12-16,0.2967,2026-10-01
9971,2025-12-16,0.3047,2026-10-01
9972,2025-12-16,0.2765,2026-11-01
9973,2025-12-16,0.2699,2026-11-01
9974,2025-12-16,0.4881,2026-12-01
9975,2025-12-16,0.4813,2026-12-01
9976,2025-12-16,0.3691,2027-01-01
9977,2025-12-16,0.3766,2027-01-01
9978,2025-12-16,0.5445,2027-02-01
9979,2025-12-16,0.5293,2027-02-01
9980,2025-12-16,0.3305,2027-03-01
9981,2025-12-16,0.3325,2027-03-01
9982,2025-12-16,0.3376,2027-04-01
9983,2025-12-16,0.3422,2027-04-01
9984,2025-12-16,0.2597,2027-05-01
9985,2025-12-16,0.2565,2027-05-01
9986,2025-12-16,0.2123,2027-06-01
9987,2025-12-16,0.2207,2027-06-01
9988,2025-12-16,0.2019,2027-07-01
9989,2025-12-16,0.2093,2027-07-01
9990,2025-12-16,0.1638,2027-08-01
9991,2025-12-16,0.1688,2027-08-01
9992,2025-12-16,0.2646,2027-09-01
9993,2025-12-16,0.2608,2027-09-01
9994,2025-12-16,0.2911,2027-10-01
9995,2025-12-16,0.3035,2027-10-01
9996,2025-12-16,0.2729,2027-11-01
9997,2025-12-16,0.2661,2027-11-01
9998,2025-12-16,0.4134,2027-12-01
9999,2025-12-16,0.423,2027-12-01
